Job Name,Job Description,posting date,Expereince,Location,Company Name,Job Applicatio link,Job Type
Installation Engineer,"About the Job We are looking for an experienced IT Infrastructure Installation Engineer to independently execute and oversee complex server and network deployments supporting enterprise physical security systems. In this mid-level role, you will take ownership of installation projects, configure advanced infrastructure components, troubleshoot technical issues, and ensure seamless integration between servers, network equipment, and security endpoints. You will collaborate with cross-functional teams, including physical security installers and sustaining operations, while mentoring junior engineers. This position demands strong technical expertise in Dell server platforms and Cisco networking, along with the ability to provide 24x7 support in a globally distributed environment. Key Responsibilities Lead hardware provisioning activities, including advanced RAID configuration and disk array optimization, to meet performance and redundancy requirements for high-write-volume security applications such as video storage systems. Configure and validate Integrated Dell Remote Access Controller (iDRAC) and Lifecycle Controller settings, ensuring firmware baselines are established using Dell OpenManage before OS deployment. Independently deploy operating systems via PXE boot automation or iDRAC Virtual Media methods, including Windows Server and hardened Linux distributions, ensuring compliance with corporate standards. Design and implement network segmentation strategies using VLANs and dedicated subnets to isolate physical security traffic (CCTV, PIDS, Intercom) from management networks. Configure Quality of Service (QoS) policies on Cisco Catalyst switches to prioritize high-bandwidth video streams, ensuring low latency and minimal packet loss for live monitoring and retention systems. Manage Power over Ethernet (PoE/PoE+) budgeting and monitoring on access layer switches, ensuring reliable power delivery to IP cameras, door readers, and security panels. Implement network device hardening best practices on Cisco IOS devices, including Access Control Lists (ACLs), disabling unnecessary services, and securing management protocols (SSH/HTTPS). Coordinate with network engineers and physical security installation teams to validate network readiness, port activations, and successful device-to-server communication paths. Execute comprehensive validation testing, including bandwidth saturation tests, physical layer distance checks, and latency measurements, before operational handoff to sustainment teams. Develop detailed documentation, including logical and physical topology diagrams, VLAN matrices, IP assignment records, and configuration backups. Provide 24x7 technical support for all in-scope infrastructure systems, performing root cause analysis and implementing corrective actions for medium-complexity issues. Deliver weekly project status updates and maintain programming sheet validations, as-built documentation, and asset management system accuracy throughout the deployment lifecycle. Required Skills Related field experience with 6+ years of hands-on experience in enterprise server and network infrastructure deployment. Strong expertise in Dell PowerEdge server platforms, including RAID controllers (PERC), iDRAC configuration, firmware management, and Lifecycle Controller operations. Proficient in Cisco networking technologies, including Catalyst switches, VLAN configuration, QoS implementation, PoE management, and IOS security hardening. Solid experience with Windows Server and Linux operating system deployment, administration, and troubleshooting in enterprise environments. Working knowledge of scripting languages (Python, PowerShell) and automation tools for configuration management and deployment acceleration. Excellent communication skills with the ability to collaborate across technical teams and provide mentorship to junior engineers while working in 24x7 rotational support models. Tools Required Server & Hardware Tools: Dell iDRAC, Lifecycle Controller, Open Manage, and RAID/PERC utilities for server provisioning, firmware baselining, and remote management. OS Deployment Tools: PXE boot infrastructure, iDRAC Virtual Media, Windows Server & Linux ISOs with hardening and automation scripts. Network Tools: Cisco IOS CLI, PoE management, VLAN/QoS configuration tools, network monitoring, and bandwidth/latency testing utilities. Automation &amp; Operations Tools: Ansible, Python, CMDB systems, configuration backup tools, and documentation/diagramming platforms for global 24x7 operations.",06/04/2026,Not Specified,2 Locations,Astreya,https://astreya.wd5.myworkdayjobs.com/en-US/life-at-astreya-opportunities/job/Hyderabad-India/Installation-Engineer_R0014287,Full time
Senior Site Reliability Engineer,"Salary Range $98,040.00 - $154,800.00 USD (Salary) Please note that the salary information provided herein is base pay only (gross); it does not include other forms of compensation which may or may not apply to this specific position, namely, performance-based bonuses, benefits-related payments, or other general incentives - none of which are guaranteed, may be subject to specific eligibility requirements, and are wholly within the discretion of Astreya to remit. Further, the salary information noted above is a range that consists of a minimum and maximum rate of pay for this specific position. Where an applicant or employee is placed on this range will depend and be contingent on objective, documented work-related considerations like education, experience, certifications, licenses, preferred qualifications, among other factors. Astreya  offers comprehensive  b enefits to all Regular, Full-Time Employees,   including: Medical provided through Cigna (PPO, HSA, EPO options) / Medical provided through Kaiser (HMO option only) for California employees only Dental provided through Cigna (DPPO & DHMO options) Nationwide Vision provided through VSP Flexible Spending Account for Health & Dependent Care Pre-Tax Account for Commuter Benefit/Parking & Transit (location-specific) Continuing Education and Professional Development via various integrated platforms, e.g. Udemy and Coursera Corporate Wellness Program Employee Assistance Program Wellness Days 401k Plan Basic Life, Accidental Life, Supplemental Life Insurance Short Term & Long Term Disability Critical Illness, Critical Hospital, and Voluntary Accident Insurance Tuition Reimbursement (available 6 months after start date, capped) Paid Time Off (accrued and prorated, maximum of 120 hours annually) Paid Holidays Any other statutory leaves, paid time, or other fringe benefits required under state and federal law",06/04/2026,Not Specified,2 Locations,Astreya,https://astreya.wd5.myworkdayjobs.com/en-US/life-at-astreya-opportunities/job/Seattle-WA/Senior-Site-Reliability-Engineer_R0013819,Full time
Network Operations Engineer I - Client Onsite,"Network Operations Engineer I - Client Onsite Work Location: Denver, CO  Our Tier 1 NOC Engineer will be the first point of contact for network monitoring, troubleshooting, and incident resolution in a data center network environment. This role is responsible for proactively identifying network issues, managing tickets, escalating incidents as needed, and ensuring the stability of critical network infrastructure. Our Tier 1 NOC Engineer will operate within a structured ticketing system, ensuring efficient alert acknowledgment, fault isolation, and escalation processes. They will follow documented Methods of Procedure (MOPs) and Standard Operating Procedures (SOPs) to drive continuous operational improvements and maintain high availability. Key Responsibilities Network Monitoring & Incident Response Operate and troubleshoot Data Center networks, including associated routing and switching devices. Perform fault isolation and resolution based on troubleshooting outcomes. Detect and diagnose various error/failure conditions across a range of network device types. Coordinate with smart hands teams and network equipment manufacturers to resolve issues and restore service. Work cross-functionally and cross-regionally with other network operational support teams. Partner with internal teams to escalate and restore service, minimizing impact to operations. Incident Response & Ticket Management Ticket Monitor the DC network infrastructure ticket queue, taking action on alerts or issues in accordance with Service Level Agreements (SLAs). Acknowledge, track, and document all incidents, ensuring detailed records of troubleshooting steps and resolution processes. Categorize incidents based on severity, impact, and urgency, ensuring proper prioritization. Manage and escalate critical events, maintaining clear and concise communication with stakeholders. Ensure up-to-date tracking of incident resolution steps, maintaining accurate logs in ticketing systems. Monitor blocked cases and assist in resolving ticket escalations, ensuring adherence to operational workflows. Process Optimization & Documentation Document and optimize operational processes and procedures, ensuring best practices are followed. Support deployment, move, add, and change teams for data center network operations. Partner with audit teams to ensure accurate inventory and documentation of network infrastructure. Follow Return Merchandise Authorization (RMA) processes and procedures for all relevant vendors. Maintain up-to-date documentation on network changes, such as VLANs, subnet configurations, and DNS updates.   Automation & Continuous Improvement Contribute to the creation of monitors, alerts, dashboards, and metrics to drive efficiency improvements. Identify areas for automation and participate in developing solutions using scripting or coding skills (Python, C, C++ preferred). Recommend enhancements to monitoring tools, ticketing workflows, and operational best practices. Required Qualifications & Skills Technical Skills Understanding of networking fundamentals, including IP addressing, VLANs, routing, and switching. Experience with network monitoring tools (e.g., SolarWinds, Nagios, PRTG, or similar). Knowledge of ticketing systems (e.g., ServiceNow, Jira, or equivalent). Familiarity with troubleshooting physical network components, including cables, patch panels, optics, and transceivers. Ability to diagnose and isolate Layer 1–3 network issues and escalate as needed. Basic knowledge of command-line interfaces (CLI) for routers and switches is a plus. Soft Skills & Work Ethic Strong problem-solving skills with a proactive approach to troubleshooting. Excellent communication and documentation skills for incident reporting and escalation. Ability to work in a fast-paced environment, prioritizing tasks effectively. Detail-oriented mindset, ensuring accuracy in logs, ticket updates, and network documentation. Experience & Education Associate’s or Bachelor’s degree in IT, Networking, or a related field (or equivalent experience). 1-2 years of experience in a technical support, help desk, or NOC role preferred. Certifications preferred: CCNA (Cisco Certified Network Associate) Network+ (CompTIA)",06/04/2026,Not Specified,"Dublin, Ireland",Astreya,https://astreya.wd5.myworkdayjobs.com/en-US/life-at-astreya-opportunities/job/Dublin-Ireland/Network-Operations-Engineer-I---Client-Onsite_R0013489,Full time
Logistics & Supply Chain Security Analyst,"Position Summary: The Logistics & Supply Chain Security Analyst is responsible for monitoring, analyzing, and interpreting global logistics data to identify security risks, operational anomalies, and emerging threats across the end-to-end supply chain. This role serves as a critical analytical function within the security program, transforming data from control tower systems, risk intelligence platforms, and operational inputs into actionable insights.   The analyst will leverage tools such as Everstream, Cargo Signal, and shipment visibility platforms to provide real-time risk awareness, support incident response, and drive continuous improvement of security controls. This role partners closely with logistics, warehouse operations, Control Tower, transportation providers, and security leadership to strengthen risk visibility and reduce exposure across global operations. Key Responsibilities: Monitor control tower dashboards, shipment visibility tools, and risk intelligence platforms (e.g., Everstream, Cargo Signal) to identify delays, disruptions, route deviations, and emerging threats Analyze data across multiple inputs including transportation activity, warehouse operations, security audits, incident reporting, and carrier performance to identify trends and systemic risks Support real-time risk visibility by triaging alerts, identifying high-impact events, and escalating disruptions as needed Evaluate shipment characteristics such as value, routing, lane risk, and carrier performance to recommend appropriate security controls Perform trend analysis on theft, loss, tampering, delay, and diversion incidents to identify patterns across locations, carriers, and transportation lanes Partner with Control Tower, regional operations, and security teams to investigate anomalies and suspicious activity Develop and maintain dashboards, KPIs, and reporting for both operational teams and executive leadership Translate complex data into clear, actionable insights and recommendations to enhance SOPs and security controls Track and report on risk tiers, shipment volumes, incident rates, and control effectiveness Support audits, compliance reviews, and continuous improvement initiatives through data validation and reporting Required Qualifications: 3-5 years of experience in supply chain analytics, logistics operations, risk analysis, or security operations. Must have experience in logistics ops, milestone message, ASNs, EDI, tracking Experience with control tower tools and shipment visibility platforms. Advanced Excel skills and experience with analytics tools. Strong analytical mindset with the ability to identify trends in large datasets. Excellent communication skills with the ability to translate data into business risk language. Salary Range $72,960.00 - $115,200.00 USD (Salary) Please note that the salary information provided herein is base pay only (gross); it does not include other forms of compensation which may or may not apply to this specific position, namely, performance-based bonuses, benefits-related payments, or other general incentives - none of which are guaranteed, may be subject to specific eligibility requirements, and are wholly within the discretion of Astreya to remit. Further, the salary information noted above is a range that consists of a minimum and maximum rate of pay for this specific position. Where an applicant or employee is placed on this range will depend and be contingent on objective, documented work-related considerations like education, experience, certifications, licenses, preferred qualifications, among other factors. Astreya  offers comprehensive  b enefits to all Regular, Full-Time Employees,   including: Medical provided through UHC (PPO, HSA, Surest options) / Medical provided through Kaiser (HMO option only) for California employees only Dental provided through UHC Nationwide Vision provided by UHC Flexible Spending Account for Health & Dependent Care Pre-Tax Account for Commuter Benefit/Parking & Transit (location-specific) Continuing Education and Professional Development via various integrated platforms, e.g. Udemy and Coursera Corporate Wellness Program provided by Goomi Group Employee Assistance Program Wellness Days 401k Plan Basic and Supplemental Life Insurance Short Term & Long Term Disability Critical Illness, Critical Hospital, and Voluntary Accident Insurance Tuition Reimbursement (available 6 months after start date, capped) Paid Time Off (accrued and prorated, maximum of 120 hours annually) Paid Holidays Any other statutory leaves, paid time, or other ancillary benefits required under state and federal law",06/05/2026,Not Specified,"Santa Clara, CA",Astreya,https://astreya.wd5.myworkdayjobs.com/en-US/life-at-astreya-opportunities/job/Santa-Clara-CA/Logistics---Supply-Chain-Security-Analyst_R0015349,Full time
Reverse Logistic Tech I,"Roles and Responsibilities: ● Support & cross-train into all L1 ITAM services as needed to maintain day to day operations for forward and reverse logistics. ● Assist with inventory, asset management and e-recycling. ● Use ticketing systems with a focus on customer service, SOP adherence, and quality. ● Use ticketing systems to report individual work accomplishments and to track metrics. ● Utilize inventory data management software to maintain inventory accuracy and workflow. ● Triage, handle and fulfil customer requests via a web portal and in person as needed. ● Receive and inspect return shipments. Verify accurate deliveries against hardware return requests while looking for damages, shortages, wrong items and other concerns; notify the appropriate person or vendor. ● Load and unload shipments; loading dock duties as assigned. ● Maintain inventory records; assess department or warehouse needs and order supplies as appropriate; maintain stock records. ● Unbox, stock inventory on shelves, break down packing materials. ● Assist in inventory procedures including the actual total count of stock items and spot check as needed. ● Perform cleanup duties to maintain the warehouse in a safe and orderly manner. ● Contribute to large scale global projects as needed. ● Hardware data destruction and collection for e-recycle. ● Hardware sanitization and quality checks to ensure hardware reliability and reuse. ● Coordination with Third party vendors for executing collection and recycling activities. ● Other duties as required. This list is not meant to be a comprehensive inventory of all responsibilities assigned to this position. Required Qualifications/Skills: ● High school diploma or general education degree (GED) and 2+ years’ related experience and/or training; or equivalent combination of education and experience. ● High attention to detail and ability to follow other technicians’ direction to ensure quality. ● Effectively utilize ticket, inventory, and dispatch management systems. ● Determines methods and procedures on new assignments and may coordinate activities of other personnel. ● Networks with key contacts outside one’s own area of expertise. ● Proven ability to adapt to changing priorities, conditions, and circumstances while ensuring important deadlines are met. ● Strong organizational skills including effective record-keeping and maintenance techniques. ● Basic knowledge of computer hardware with the ability to learn new software. ● Proficiency working with standard desktop PC tools and applications, such as MS Office, MS Outlook, web browsers, etc. ● If applicable at site, ability to operate material handling equipment – pallet jacks and forklifts (if certified) is a plus. ● Understands policies and objectives of the assigned program and corresponding activities. ● Knowledge of health and safety regulations. ● Proficient English communication in terms of speaking,writing and reading.",06/05/2026,Not Specified,"Gurgaon, India",Astreya,https://astreya.wd5.myworkdayjobs.com/en-US/life-at-astreya-opportunities/job/Gurgaon-India/Reverse-Logistic-Tech-I_R0015363,Full time
Reverse Logistic Technician I,"Your Roles and Responsibilities: ● Support & cross-train into all L1 ITAM services as needed to maintain day to day operations for forward and reverse logistics. ● Assist with inventory, asset management and e-recycling. ● Use ticketing systems with a focus on customer service, SOP adherence, and quality. ● Use ticketing systems to report individual work accomplishments and to track metrics. ● Utilize inventory data management software to maintain inventory accuracy and workflow. ● Triage, handle and fulfil customer requests via a web portal and in person as needed. ● Receive and inspect return shipments. Verify accurate deliveries against hardware return requests while looking for damages, shortages, wrong items and other concerns; notify the appropriate person or vendor. ● Load and unload shipments; loading dock duties as assigned. ● Maintain inventory records; assess department or warehouse needs and order supplies as appropriate; maintain stock records. ● Unbox, stock inventory on shelves, break down packing materials. ● Assist in inventory procedures including the actual total count of stock items and spot check as needed. ● Perform cleanup duties to maintain the warehouse in a safe and orderly manner. ● Contribute to large scale global projects as needed. ● Hardware data destruction and collection for e-recycle. ● Hardware sanitization and quality checks to ensure hardware reliability and reuse. ● Coordination with Third party vendors for executing collection and recycling activities. ● Other duties as required. This list is not meant to be a comprehensive inventory of all responsibilities assigned to this position. Required Qualifications/Skills: ● High school diploma or general education degree (GED) and 2+ years’ related experience and/or training; or equivalent combination of education and experience. ● High attention to detail and ability to follow other technicians’ direction to ensure quality. ● Effectively utilize ticket, inventory, and dispatch management systems. ● Determines methods and procedures on new assignments and may coordinate activities of other personnel. ● Networks with key contacts outside one’s own area of expertise. ● Proven ability to adapt to changing priorities, conditions, and circumstances while ensuring important deadlines are met. ● Strong organizational skills including effective record-keeping and maintenance techniques. ● Basic knowledge of computer hardware with the ability to learn new software. ● Proficiency working with standard desktop PC tools and applications, such as MS Office, MS Outlook, web browsers, etc. ● If applicable at site, ability to operate material handling equipment – pallet jacks and forklifts (if certified) is a plus. ● Understands policies and objectives of the assigned program and corresponding activities. ● Knowledge of health and safety regulations. ● Proficient English communication in terms of speaking,writing and reading.",06/05/2026,Not Specified,"Bangalore, India",Astreya,https://astreya.wd5.myworkdayjobs.com/en-US/life-at-astreya-opportunities/job/Bangalore-India/Reverse-Logistic-Technician-I_R0015365,Full time
Feedback Moderator II,"What this Job Entails:  The Feedback Moderator II is responsible for monitoring and responding to tester feedback groups including providing technical support, triaging of issues, reporting bugs and escalating issues. Scope:  Works on assignments that are moderately difficult, requiring judgment in resolving issues Requires some instruction on new assignments and infrequent checks on daily work Your Roles and Responsibilities: Provide periodic reporting of volume and status of feedback reports, including google group feedback and issues reported on bugs. Share product, program and process knowledge with other team members to help knowledge growth. Answer questions from testers and follow through to investigate issues and track root causes. Track issues to identify gaps over time and highlight those issues to PgM lead. Create better documentation around our processes and resources.  Other duties as required. This list is not meant to be a comprehensive inventory of all responsibilities assigned to this position Required Qualifications/Skills: Associate's degree (A.A) or equivalent from two-year college or technical school and 2 to 5 years’ related experience and/or training; or equivalent combination of education and experience Exercises judgment within defined procedures and practices to determine appropriate action Organized and detail oriented Excellent customer support skills Strong problem solving and writing skills is a must Excellent critical thinking skills Capacity to manage high pressure, short timelines and willingness to be flexible Team collaboration skills Strong multi-tasking skills and ability to adapt to rapidly changing development project Knowledgeable of Google products and Google Sheets  Must be reliable and have an excellent work ethic Preferred Qualifications:  Excel skills Physical Demand & Work Environment: Must have the ability to perform office-related tasks which may include prolonged sitting or standing Must have the ability to move from place to place within an office environment Must be able to use a computer Must have the ability to communicate effectively  Some positions may require occasional repetitive motion or movements of the wrists, hands, and/or fingers Salary Range $17.36 - $27.40 USD (Hourly) Please note that the salary information provided herein is base pay only (gross); it does not include other forms of compensation which may or may not apply to this specific position, namely, performance-based bonuses, benefits-related payments, or other general incentives - none of which are guaranteed, may be subject to specific eligibility requirements, and are wholly within the discretion of Astreya to remit. Further, the salary information noted above is a range that consists of a minimum and maximum rate of pay for this specific position. Where an applicant or employee is placed on this range will depend and be contingent on objective, documented work-related considerations like education, experience, certifications, licenses, preferred qualifications, among other factors. Astreya  offers comprehensive  b enefits to all Regular, Full-Time Employees,   including: Medical provided through UHC (PPO, HSA, Surest options) / Medical provided through Kaiser (HMO option only) for California employees only Dental provided through UHC Nationwide Vision provided by UHC Flexible Spending Account for Health & Dependent Care Pre-Tax Account for Commuter Benefit/Parking & Transit (location-specific) Continuing Education and Professional Development via various integrated platforms, e.g. Udemy and Coursera Corporate Wellness Program provided by Goomi Group Employee Assistance Program Wellness Days 401k Plan Basic and Supplemental Life Insurance Short Term & Long Term Disability Critical Illness, Critical Hospital, and Voluntary Accident Insurance Tuition Reimbursement (available 6 months after start date, capped) Paid Time Off (accrued and prorated, maximum of 120 hours annually) Paid Holidays Any other statutory leaves, paid time, or other ancillary benefits required under state and federal law",06/05/2026,Not Specified,"Mountain View, CA",Astreya,https://astreya.wd5.myworkdayjobs.com/en-US/life-at-astreya-opportunities/job/Mountain-View-CA/Feedback-Moderator-II_R0015495,Full time
Project & Program Management III,"Job Description & Responsibilities : This role requires attention to detail in the following areas: Demand management -  Understand the workload forecasting process, ensuring placeholders are accurately created, tracked, and updated to reflect real-time business needs.  Coordinate with planning cycles, collaborate with xfn teams as needed. . Audit and maintain the integrity of the PCS process, ensuring data is clean and actionable for leadership decision-making. Perform demand risk assessments, create correct demand signals and maintain sanity of demand signals. Keep a track of all forecast in a POR format and maintain demand change versioning. Track machine fulfilment and supply. Conduct triaging of GCP capacity quota increase requests to enable all customers to scale their GCP workloads. Resolve outstanding quota/capacity requests, with support from partner teams as needed, in alignment with Service Level Objectives (SLOs). Process new requests for no capacity plan exceptions and ensure exception reporting accuracy. Prepare weekly performance metrics for review. Perform demand and supply gap analysis, report rolling supply plan against demand plan. Support customer quota requests across key events including Black-Friday Cyber Monday, new product launches and other large customer events. Handle ad-hoc tasks, where applicable, for operational throughput and towards the overall program & service offerings.",06/05/2026,Not Specified,"Bangalore, India",Astreya,https://astreya.wd5.myworkdayjobs.com/en-US/life-at-astreya-opportunities/job/Bangalore-India/Project---Program-Management-III_R0015480,Full time
Enterprise Network Lab Engineer,"About the Role   We are looking for a hands-on Enterprise Network Lab Engineer to own and operate our client'senterprise network validation lab. This role is the bridge between network architecture and production deployment — you will take use cases from concept through rigorous lab validation and deliver complete, production-ready designs backed by test evidence.   You will work closely with network architects, vendors, and engineering teams to validate new technologies, verify platform upgrades, and stress-test configurations before they touch the production network. You are equally comfortable racking gear and writing a Python script to automate test runs.   What You Will Do   Lab Validation & Testing Receive network use cases from architecture, engineering, or business stakeholders and translate them into structured lab test plans covering functional, performance, resiliency, and failure-scenario testing Execute high-touch validation of enterprise networking technologies including switching, routing, wireless, SD-WAN, firewalling, and network automation platforms Deliver complete validation packages including: Logical and physical topology diagrams Device configurations (sanitized and version-controlled) Step-by-step test procedures and results Pass/fail summaries with root cause analysis for failures Go/No-Go recommendations with supporting evidence Perform rack and stack of lab equipment when required — cable management, power sequencing, console access setup, and physical layer verification Design & Documentation Produce clear, detailed lab reports that can be handed directly to production engineering teams for deployment Maintain up-to-date physical and logical topology documentation for all active lab topologies Document configurations using version control (Git) so all tested configs are traceable and reusable Build and maintain a library of validated reference architectures and design patterns Vendor Collaboration Partner with network vendors (Cisco, Arista, Juniper, Palo Alto, Aruba, etc.) to conduct joint proof-of-concept testing and feature validation Drive vendor-supported test engagements including bug reproduction, feature requests, and interoperability testing Evaluate new hardware and software releases against defined acceptance criteria before recommending adoption Manage loaner equipment logistics and coordinate lab access for vendor engineers Automation & CI/CD Write scripts (Python, Bash, Ansible) to automate repetitive lab tasks — device provisioning, configuration push, test execution, and results collection Build or maintain CI/CD pipelines (Jenkins, GitLab CI, GitHub Actions) for automated configuration validation and regression testing Develop test automation frameworks using tools such as pyATS, Robot Framework, Batfish, or NAPALM Integrate lab test results into reporting dashboards or ticketing systems to provide traceability from test run to design decision Able to leverage AI agents / tools to automate some tasks, testing and analysis       Required Skills  5+ years of handson enterprise network engineering experience  Deep expertise in at least two of the following domains: campus switching, data center fabric, SDWAN, wireless LAN, network security, WAN/ISP connectivity Strong understanding of routing protocols (BGP, OSPF, EIGRP), switching (VLAN, STP, LACP, VXLAN), and overlay technologies (EVPN, VxLAN, LISP) Proficiency with network operating systems across multiple vendors (Cisco IOS/NXOS, Arista EOS, Juniper Junos, or equivalent) Ability to read, write, and interpret network configurations at a detailed level Experience creating professional grade topology diagrams ( draw.io , Visio, Lucidchart) and technical documentation Scripting capability in Python or equivalent — must be able to write working scripts independently, not just modify existing ones Familiarity with Git based workflows and version-controlled config management Demonstrated ability to utilize AI agents/tools for the automation of tasks, testing, and analysis. Physical lab skills: rack and stack, cable management, console cabling, power management, and hardware troubleshooting  Preferred Experience with network automation tooling: Ansible, Nornir, NAPALM, pyATS, Batfish, NetBox/Nautobot Exposure to CI/CD pipelines (GitLab CI, GitHub Actions, Jenkins) applied to network configuration workflows Knowledge of infrastructure-as-code concepts as applied to networking Experience in a dedicated network validation or solutions engineering lab environment Certifications: CCNP / CCIE (Enterprise or Data Center), JNCIP, ACE, or equivalent professional level certification Familiarity with structured test methodology frameworks (RFC 2544, RFC 6349, IETF test standards) Experience working directly with vendor presales, SE, or TAC teams in a formal lab engagement   How You Work   You are methodical and documentation driven — you do not consider a test complete until the results are written up and the configs are committed  You can take a loosely defined use case and independently structure it into a formal test plan without handholding  You hold yourself to a high bar for accuracy — a design that passes your lab should work in production  You communicate clearly across technical and nontechnical audiences — your reports are read by architects, engineers, and managers alike  You are comfortable pushing back on a vendor if test results do not meet acceptance criteria and can articulate the technical basis for your findings  You manage your own lab workload, prioritize concurrent test engagements, and communicate schedule risks proactively What Success Looks Like  In your first 90 days: You have stood up at least one end-to-end lab topology independently and delivered a complete validation report You understand the existing lab inventory, active topologies, and inflight test engagements You have established working relationships with at least two vendor SE teams     At 6 months: Validation lab turnaround time is predictable and documented design deliverables are consistently productionready At least one test workflow is partially or fully automated via scripting or CI/CD pipeline Your lab reports are used as the primary evidence gate before production deployments go through change management Salary Range $98,040.00 - $154,800.00 USD (Salary) Please note that the salary information provided herein is base pay only (gross); it does not include other forms of compensation which may or may not apply to this specific position, namely, performance-based bonuses, benefits-related payments, or other general incentives - none of which are guaranteed, may be subject to specific eligibility requirements, and are wholly within the discretion of Astreya to remit. Further, the salary information noted above is a range that consists of a minimum and maximum rate of pay for this specific position. Where an applicant or employee is placed on this range will depend and be contingent on objective, documented work-related considerations like education, experience, certifications, licenses, preferred qualifications, among other factors. Astreya  offers comprehensive  b enefits to all Regular, Full-Time Employees,   including: Medical provided through UHC (PPO, HSA, Surest options) / Medical provided through Kaiser (HMO option only) for California employees only Dental provided through UHC Nationwide Vision provided by UHC Flexible Spending Account for Health & Dependent Care Pre-Tax Account for Commuter Benefit/Parking & Transit (location-specific) Continuing Education and Professional Development via various integrated platforms, e.g. Udemy and Coursera Corporate Wellness Program provided by Goomi Group Employee Assistance Program Wellness Days 401k Plan Basic and Supplemental Life Insurance Short Term & Long Term Disability Critical Illness, Critical Hospital, and Voluntary Accident Insurance Tuition Reimbursement (available 6 months after start date, capped) Paid Time Off (accrued and prorated, maximum of 120 hours annually) Paid Holidays Any other statutory leaves, paid time, or other ancillary benefits required under state and federal law",05/05/2026,Not Specified,"Santa Clara, CA",Astreya,https://astreya.wd5.myworkdayjobs.com/en-US/life-at-astreya-opportunities/job/Santa-Clara-CA/Enterprise-Network-Lab-Engineer_R0015468,Full time
Network Operations Engineer II,"Our Tier 2 NOC Engineer is responsible for advanced troubleshooting, fault isolation, incident escalation, and network optimization within a globally distributed IP and Optical network. This role requires expertise in network infrastructure, troubleshooting, and operational support. The Tier 2 Engineer will be responsible for complex cases and driving them to resolution. This position also contributes to process improvements, automation, and monitoring system enhancements to optimize network operations. Key Responsibilities Network Operations & Troubleshooting Operate and troubleshoot a globally based IP or Optical network. Perform fault isolation and resolution on  Layer 0 and 1 network issues. Take ownership of network triggered tickets and work with Field Resources to ensure the issues are cleared. Manage and escalate critical events, communicating clearly and concisely with stakeholders. Support network circuit and hardware troubleshooting, including patch panels, optics, and cabling. Detect and diagnose various error/failure conditions across an array of network device types. Provide hands-on support for network incidents, collaborating with peers and other cross-functional teams. Incident Response & Escalation Support Serve as the escalation point-of-contact during business hours, handling troubleshooting  and process issues. Coordinate with Field Resources to resolve issues that impact network infrastructure. Own incident response processes, including escalations to higher-level support teams when necessary. Rapidly respond to major network incidents, supporting SEV initiation and resolution processes. Network Monitoring & Optimization Monitor the BBO network infrastructure ticket queues, ensuring timely and accurate ticket handling. Track and document incident resolution steps, maintaining accurate logs in ticketing systems. Automation & Continuous Improvement Contribute to the creation of monitors, alerts, dashboards, and performance metrics to drive continuous improvements. Provide feedback on recurring network issues, refining troubleshooting procedures and SOPs. Support network optimization efforts, participating in scaling initiatives. Process & Asset Management Document and optimize operational processes and procedures, ensuring alignment with best practices. Follow Return Merchandise Authorization (RMA) processes and coordinate with vendors for hardware replacements. Ensure accurate inventory and documentation in collaboration with audit and asset management teams. Monitor tickets for adherence to SLAs, ensuring prompt issue resolution. Required Qualifications & Skills Technical Skills Expertise in Optical or IP networking. Strong experience troubleshooting Layer 0 and 1 network issues in a large-scale production environment. Hands-on experience with network monitoring tools (e.g., SolarWinds, Nagios, PRTG, or similar). Advanced knowledge of troubleshooting transport/transmission networks and transceivers. Experience capturing and analyzing network traffic for troubleshooting. Proficiency with ticketing systems (e.g., ServiceNow, Jira, or equivalent). Soft Skills & Work Ethic Strong analytical skills, problem-solving mindset, and ability to work autonomously. Excellent communication and documentation skills for incident tracking and resolution. Proven ability to work in a fast-paced, mission-critical environment. Strong sense of ownership, urgency, and drive in troubleshooting and resolving network issues. Experience & Education Bachelor’s degree in Computer Science, Networking, or a related field (or equivalent experience). 3+ years of network operations experience, with a focus on IP and Optical networks. Certifications preferred: OC-A or OC-P (Ciena Optical Communications Associate/Professional) CCNP (Cisco Certified Network Professional) JNCIP (Juniper Networks Certified Internet Professional) Salary Range $72,960.00 - $115,200.00 USD (Salary) Please note that the salary information provided herein is base pay only (gross); it does not include other forms of compensation which may or may not apply to this specific position, namely, performance-based bonuses, benefits-related payments, or other general incentives - none of which are guaranteed, may be subject to specific eligibility requirements, and are wholly within the discretion of Astreya to remit. Further, the salary information noted above is a range that consists of a minimum and maximum rate of pay for this specific position. Where an applicant or employee is placed on this range will depend and be contingent on objective, documented work-related considerations like education, experience, certifications, licenses, preferred qualifications, among other factors. Astreya  offers comprehensive  b enefits to all Regular, Full-Time Employees,   including: Medical provided through UHC (PPO, HSA, Surest options) / Medical provided through Kaiser (HMO option only) for California employees only Dental provided through UHC Nationwide Vision provided by UHC Flexible Spending Account for Health & Dependent Care Pre-Tax Account for Commuter Benefit/Parking & Transit (location-specific) Continuing Education and Professional Development via various integrated platforms, e.g. Udemy and Coursera Corporate Wellness Program provided by Goomi Group Employee Assistance Program Wellness Days 401k Plan Basic and Supplemental Life Insurance Short Term & Long Term Disability Critical Illness, Critical Hospital, and Voluntary Accident Insurance Tuition Reimbursement (available 6 months after start date, capped) Paid Time Off (accrued and prorated, maximum of 120 hours annually) Paid Holidays Any other statutory leaves, paid time, or other ancillary benefits required under state and federal law",05/05/2026,Not Specified,"Denver, CO",Astreya,https://astreya.wd5.myworkdayjobs.com/en-US/life-at-astreya-opportunities/job/Denver-CO/Network-Operations-Engineer-II_R0015466,Full time
Project & Program Management III,"Position Summary: We are seeking a highly skilled and experienced  Senior IT Project Manager  to lead and deliver complex IT projects with a focus on network infrastructure, data center technologies, and iterative deployment methodologies. The ideal candidate will possess deep expertise in managing projects involving microwave networks, common facilities, network infrastructure, compute, storage, and associated tools. With a strong understanding of both waterfall and agile project management frameworks, the successful candidate will effectively drive project execution while ensuring alignment with organizational objectives. Key Responsibilities: Lead and manage end-to-end IT projects, ensuring they are delivered on time, within scope, and within budget. Oversee projects related to network infrastructure (microwave, common facilities, and general network upgrades) and data center operations (compute, storage, and associated tools). Develop and maintain detailed project plans, including schedules, budgets, and resource allocation. Implement deployment strategies using an iterative approach to ensure smooth transitions and minimize disruptions. Coordinate cross-functional teams, including technical staff, vendors, and stakeholders, to ensure project success. Serve as the primary point of contact for all project-related communications, updates, and reporting. Monitor and mitigate project risks and issues, escalating as necessary to ensure successful outcomes. Drive adoption of best practices in project management methodologies, balancing waterfall and agile approaches based on project needs. Ensure compliance with organizational policies, standards, and regulatory requirements. Provide mentorship and guidance to junior project managers and team members. Conduct regular site visits across utility and infrastructure locations to assess project needs, validate field conditions, and ensure alignment between design requirements and actual site constraints. This role requires driving to job sites as part of normal project duties. Required Qualifications: Bachelor's degree in Information Technology, Computer Science, or a related field. Minimum of 5 years of experience managing complex IT projects. Demonstrated expertise in network infrastructure (microwave, common facility, and general network solutions) and data center technologies (compute, storage, and tools). Strong knowledge of both waterfall and agile project management methodologies. Proven ability to lead iterative deployment strategies and manage multiple phases of project delivery. Excellent communication and stakeholder management skills. Strong problem-solving and analytical capabilities. Ability to work effectively in a fast-paced, collaborative environment. Preferred Qualifications: Prior experience in utility or energy sector projects. Experience with Planisware Project Management Professional (PMP) certification. Agile certifications (e.g., Certified Scrum Master, SAFe). Salary Range $80,640.00 - $134,400.00 USD (Salary) Please note that the salary information provided herein is base pay only (gross); it does not include other forms of compensation which may or may not apply to this specific position, namely, performance-based bonuses, benefits-related payments, or other general incentives - none of which are guaranteed, may be subject to specific eligibility requirements, and are wholly within the discretion of Astreya to remit. Further, the salary information noted above is a range that consists of a minimum and maximum rate of pay for this specific position. Where an applicant or employee is placed on this range will depend and be contingent on objective, documented work-related considerations like education, experience, certifications, licenses, preferred qualifications, among other factors. Astreya  offers comprehensive  b enefits to all Regular, Full-Time Employees,   including: Medical provided through UHC (PPO, HSA, Surest options) / Medical provided through Kaiser (HMO option only) for California employees only Dental provided through UHC Nationwide Vision provided by UHC Flexible Spending Account for Health & Dependent Care Pre-Tax Account for Commuter Benefit/Parking & Transit (location-specific) Continuing Education and Professional Development via various integrated platforms, e.g. Udemy and Coursera Corporate Wellness Program provided by Goomi Group Employee Assistance Program Wellness Days 401k Plan Basic and Supplemental Life Insurance Short Term & Long Term Disability Critical Illness, Critical Hospital, and Voluntary Accident Insurance Tuition Reimbursement (available 6 months after start date, capped) Paid Time Off (accrued and prorated, maximum of 120 hours annually) Paid Holidays Any other statutory leaves, paid time, or other ancillary benefits required under state and federal law",05/05/2026,Not Specified,"Oakland, CA",Astreya,https://astreya.wd5.myworkdayjobs.com/en-US/life-at-astreya-opportunities/job/Oakland-CA/Project---Program-Management-III_R0015510,Full time
Project & Program Management III,"Position Summary: We are seeking a highly skilled and experienced  Senior IT Project Manager  to lead and deliver complex IT projects with a focus on network infrastructure, data center technologies, and iterative deployment methodologies. The ideal candidate will possess deep expertise in managing projects involving microwave networks, common facilities, network infrastructure, compute, storage, and associated tools. With a strong understanding of both waterfall and agile project management frameworks, the successful candidate will effectively drive project execution while ensuring alignment with organizational objectives. Key Responsibilities: Lead and manage end-to-end IT projects, ensuring they are delivered on time, within scope, and within budget. Oversee projects related to network infrastructure (microwave, common facilities, and general network upgrades) and data center operations (compute, storage, and associated tools). Develop and maintain detailed project plans, including schedules, budgets, and resource allocation. Implement deployment strategies using an iterative approach to ensure smooth transitions and minimize disruptions. Coordinate cross-functional teams, including technical staff, vendors, and stakeholders, to ensure project success. Serve as the primary point of contact for all project-related communications, updates, and reporting. Monitor and mitigate project risks and issues, escalating as necessary to ensure successful outcomes. Drive adoption of best practices in project management methodologies, balancing waterfall and agile approaches based on project needs. Ensure compliance with organizational policies, standards, and regulatory requirements. Provide mentorship and guidance to junior project managers and team members. Conduct regular site visits across utility and infrastructure locations to assess project needs, validate field conditions, and ensure alignment between design requirements and actual site constraints. This role requires driving to job sites as part of normal project duties. Required Qualifications: Bachelor's degree in Information Technology, Computer Science, or a related field. Minimum of 5 years of experience managing complex IT projects. Demonstrated expertise in network infrastructure (microwave, common facility, and general network solutions) and data center technologies (compute, storage, and tools). Strong knowledge of both waterfall and agile project management methodologies. Proven ability to lead iterative deployment strategies and manage multiple phases of project delivery. Excellent communication and stakeholder management skills. Strong problem-solving and analytical capabilities. Ability to work effectively in a fast-paced, collaborative environment. Preferred Qualifications: Prior experience in utility or energy sector projects. Experience with Planisware Project Management Professional (PMP) certification. Agile certifications (e.g., Certified Scrum Master, SAFe). Salary Range $80,640.00 - $134,400.00 USD (Salary) Please note that the salary information provided herein is base pay only (gross); it does not include other forms of compensation which may or may not apply to this specific position, namely, performance-based bonuses, benefits-related payments, or other general incentives - none of which are guaranteed, may be subject to specific eligibility requirements, and are wholly within the discretion of Astreya to remit. Further, the salary information noted above is a range that consists of a minimum and maximum rate of pay for this specific position. Where an applicant or employee is placed on this range will depend and be contingent on objective, documented work-related considerations like education, experience, certifications, licenses, preferred qualifications, among other factors. Astreya  offers comprehensive  b enefits to all Regular, Full-Time Employees,   including: Medical provided through UHC (PPO, HSA, Surest options) / Medical provided through Kaiser (HMO option only) for California employees only Dental provided through UHC Nationwide Vision provided by UHC Flexible Spending Account for Health & Dependent Care Pre-Tax Account for Commuter Benefit/Parking & Transit (location-specific) Continuing Education and Professional Development via various integrated platforms, e.g. Udemy and Coursera Corporate Wellness Program provided by Goomi Group Employee Assistance Program Wellness Days 401k Plan Basic and Supplemental Life Insurance Short Term & Long Term Disability Critical Illness, Critical Hospital, and Voluntary Accident Insurance Tuition Reimbursement (available 6 months after start date, capped) Paid Time Off (accrued and prorated, maximum of 120 hours annually) Paid Holidays Any other statutory leaves, paid time, or other ancillary benefits required under state and federal law",05/05/2026,Not Specified,"San Ramon, CA",Astreya,https://astreya.wd5.myworkdayjobs.com/en-US/life-at-astreya-opportunities/job/San-Ramon-CA/Project---Program-Management-III_R0015513,Full time
Project Coordinator IV,"What this Job Entails:  The Project Coordinator IV will work as part of technical IT infrastructure team and play a key role in both the project and operational side of our business. This role will plan and coordinate aspects of internal projects from initiation to delivery. Projects often involve fiber, network, server, construction, permitting, and the like. Projects may vary in number, size and complexity. Scope:  Works on complex assignments requiring a high degree of initiative Requires minimal oversight and is proactive. May act as a team leader. Your Roles and Responsibilities: Maintains and monitors project plans, project schedules, work hours and expenditures. Develops detailed project plans and manages all implementation processes  Coordinates work performed by project resources and customers/partners by defining project requirements, performing feasibility and needs/impact assessments. Identifies project issues, determining the right team member to provide a solution, and/or escalating the issue to the client manager. Organizes, attends and participates in stakeholder meetings. Documents and follows up on important actions and decisions from meetings. Collaborates with various regional teams responsible for project resources and ticket resolution. Leads daily monitoring of the ticketing system, reassigning tickets where required. Produces regular and ad hoc reports as required. Trains new hires and colleagues on new reports and dashboards. Identifies trends or recurring problems and escalates to management for resolution. Locates and defines new process improvement opportunities. Ensures incidents are assigned to the correct resolver team. Develops and maintains knowledge and skills and keeps up-to-date with new processes and procedures. Works closely with Project Managers to understand and maintain focus on their analytical needs, including assisting with identifying critical metrics and KPIs, and delivering actionable insights to relevant decision-makers. Other duties as required. This list is not meant to be a comprehensive inventory of all responsibilities assigned to this position Required Qualifications/Skills: Associate's degree (A.A) or equivalent from two-year college or technical school and 8+ years’ related experience and/or training; or equivalent combination of education and experience Networks with key contacts outside own area of expertise Determines methods and procedures on new assignments and may coordinate activities of other personnel Flexibility essential - the role requires both office and remote commitments, as well as being willing to occasionally adjust work hours due to work with regional colleagues. Experience working with Microsoft Excel and Google Suite Excellent Communication skills, both verbal and written Previous experience with ticketing systems and/or project management system Previous experience in a technology driven environment Proactive attitude and dependable Excellent customer service skills Ability to work both within a team and independently Ability to multitask and prioritize workload Ability to use good judgment, as well as problem-solving and decision making skills Ability to maintain confidentiality and professional decorum Preferred Qualifications:  Experience with utilities Experience with permitting and construction projects Physical Demand & Work Environment: Must have the ability to perform office-related tasks which may include prolonged sitting or standing Must have the ability to move from place to place within an office environment Must be able to use a computer Must have the ability to communicate effectively  Some positions may require occasional repetitive motion or movements of the wrists, hands, and/or fingers Salary Range $59,812.00 - $94,440.00 USD (Salary) Please note that the salary information provided herein is base pay only (gross); it does not include other forms of compensation which may or may not apply to this specific position, namely, performance-based bonuses, benefits-related payments, or other general incentives - none of which are guaranteed, may be subject to specific eligibility requirements, and are wholly within the discretion of Astreya to remit. Further, the salary information noted above is a range that consists of a minimum and maximum rate of pay for this specific position. Where an applicant or employee is placed on this range will depend and be contingent on objective, documented work-related considerations like education, experience, certifications, licenses, preferred qualifications, among other factors. Astreya  offers comprehensive  b enefits to all Regular, Full-Time Employees,   including: Medical provided through UHC (PPO, HSA, Surest options) / Medical provided through Kaiser (HMO option only) for California employees only Dental provided through UHC Nationwide Vision provided by UHC Flexible Spending Account for Health & Dependent Care Pre-Tax Account for Commuter Benefit/Parking & Transit (location-specific) Continuing Education and Professional Development via various integrated platforms, e.g. Udemy and Coursera Corporate Wellness Program provided by Goomi Group Employee Assistance Program Wellness Days 401k Plan Basic and Supplemental Life Insurance Short Term & Long Term Disability Critical Illness, Critical Hospital, and Voluntary Accident Insurance Tuition Reimbursement (available 6 months after start date, capped) Paid Time Off (accrued and prorated, maximum of 120 hours annually) Paid Holidays Any other statutory leaves, paid time, or other ancillary benefits required under state and federal law",05/05/2026,Not Specified,"Oakland, CA",Astreya,https://astreya.wd5.myworkdayjobs.com/en-US/life-at-astreya-opportunities/job/Oakland-CA/Project-Coordinator-IV_R0015514,Full time
Systems Engineer II - DERMS Application,"What this Job Entails:  We are seeking an experienced IT System Engineer for the DERMS application platform. A strong applicant will be an expert on Commissioning and Interoperability of 2030.5 field devices with Hybrid Cloud environments and API integrations. The role will be responsible for the commissioning of DERMS sites and the associated application maintenance and support. This role will be onsite 2-3 days a week in the office. Scope:  Applies company policies and procedures to resolve a variety of issues Works on problems of moderate scope Receives general instructions on routine work and detailed instructions on new projects Your Roles and Responsibilities: Commissioning and Interoperability activities for DERMS control sites. Oversight and Accountability for schedule execution for Grid DERMS Flex Connect site commissioning from the point of signed customer contract through SCADA release letter. Issue resolution for schedule changes during the commissioning period.  Coordinate with distribution operations engineers for their review of key customer deliverables like single line diagrams, and control scheme documentation.  Coordinate with vendors for inputs to feeder forecasting (SCADA, weather, M&V data) for control site implementation as well as feeders of interest for related programs like Demand Response, and large load customers build out. Coordinate with the vendor, the aggregator/2030.5 vendor, Distribution Operation Engineers, and IT support for site systems testing, and commissioning activities. Coordinate with the ADMS SCADA Specialist Teams and/or their delegate, to complete ICCP Mappings in a timely manner. Coordinate with Distribution Operations Engineers to get implementation sign-off and SCADA release letters completed. Provide overview, scheduling, and project support for existing and new vendors who wish to complete interoperability testing.  Accountability for keeping the interoperability testing in compliance and on track with SQCDM requirements.   Other duties as required. This list is not meant to be a comprehensive inventory of all responsibilities assigned to this position Required Qualifications/Skills: Bachelor’s degree (B.S/B.A) from four-college or university and 2 to 5 years’ related experience and/or training; or equivalent combination of education and experience  Experience with DERMS systems and other utilities-related applications. Builds productive internal and external working relationships Exercises judgment within defined procedures and practices to determine appropriate action Experience with computing networks, platforms, and software architectures Knowledge and understanding of the definition and traceability of system requirements Experience in the implementation of system requirements verification methods Experience in the planning of system test activities Strong presentation and organizational skills Effective written and oral communication skills Mental ability to perform engineering problem solving and analytical tasks  Able to work under project deadlines and associated cost and schedule constraints Physical Demand & Work Environment: Must have the ability to perform office-related tasks which may include prolonged sitting or standing Must have the ability to move from place to place within an office environment Must be able to use a computer Must have the ability to communicate effectively  Some positions may require occasional repetitive motion or movements of the wrists, hands, and/or fingers Salary Range $85,120.00 - $134,400.00 USD (Salary) Please note that the salary information provided herein is base pay only (gross); it does not include other forms of compensation which may or may not apply to this specific position, namely, performance-based bonuses, benefits-related payments, or other general incentives - none of which are guaranteed, may be subject to specific eligibility requirements, and are wholly within the discretion of Astreya to remit. Further, the salary information noted above is a range that consists of a minimum and maximum rate of pay for this specific position. Where an applicant or employee is placed on this range will depend and be contingent on objective, documented work-related considerations like education, experience, certifications, licenses, preferred qualifications, among other factors. Astreya  offers comprehensive  b enefits to all Regular, Full-Time Employees,   including: Medical provided through UHC (PPO, HSA, Surest options) / Medical provided through Kaiser (HMO option only) for California employees only Dental provided through UHC Nationwide Vision provided by UHC Flexible Spending Account for Health & Dependent Care Pre-Tax Account for Commuter Benefit/Parking & Transit (location-specific) Continuing Education and Professional Development via various integrated platforms, e.g. Udemy and Coursera Corporate Wellness Program provided by Goomi Group Employee Assistance Program Wellness Days 401k Plan Basic and Supplemental Life Insurance Short Term & Long Term Disability Critical Illness, Critical Hospital, and Voluntary Accident Insurance Tuition Reimbursement (available 6 months after start date, capped) Paid Time Off (accrued and prorated, maximum of 120 hours annually) Paid Holidays Any other statutory leaves, paid time, or other ancillary benefits required under state and federal law",05/05/2026,Not Specified,"Oakland, CA",Astreya,https://astreya.wd5.myworkdayjobs.com/en-US/life-at-astreya-opportunities/job/Oakland-CA/Systems-Engineer-II---DERMS-Application_R0015474,Full time
Incident Response Analyst Lead,"24×7×365 monitoring and alert triage ITIL Incident Management (P1–P4) Major Incident command and stakeholder communications ITIL Problem Management and Root Cause Analysis (RCA) SOP creation, governance, and operational housekeeping Continuous improvement and automation roadmap A. Monitoring & Event Triage (24×7) Facility alerts, including: Infrastructure and platform alerts: B. Incident Management (Restore Service Fast) Incident logging, categorization, prioritization, investigation, resolution, recovery, and closure Major Incident (MI) declaration, command, and communication cadence Stakeholder updates aligned to incident severity and impact C. Problem Management (Prevent Recurrence) Problem identification from recurring incidents and alert trends RCA coordination using standard methodologies Known Error documentation and workaround tracking Corrective and preventive action tracking to closure D. Command & Control Primary Point of Contact (PPOC) for site-level alerts and incidents Incident Commander role for high-severity and Major Incidents Structured handoffs to global or downstream teams, including documented shift turnover E. Housekeeping & Operational Hygiene Ticket quality enforcement and audit checks Monitoring noise reduction through alert tuning requests and evidence packs Runbook and SOP upkeep Execution of daily, weekly, and monthly operational routines Salary Range $98,040.00 - $154,800.00 USD (Salary) Please note that the salary information provided herein is base pay only (gross); it does not include other forms of compensation which may or may not apply to this specific position, namely, performance-based bonuses, benefits-related payments, or other general incentives - none of which are guaranteed, may be subject to specific eligibility requirements, and are wholly within the discretion of Astreya to remit. Further, the salary information noted above is a range that consists of a minimum and maximum rate of pay for this specific position. Where an applicant or employee is placed on this range will depend and be contingent on objective, documented work-related considerations like education, experience, certifications, licenses, preferred qualifications, among other factors. Astreya  offers comprehensive  b enefits to all Regular, Full-Time Employees,   including: Medical provided through UHC (PPO, HSA, Surest options) / Medical provided through Kaiser (HMO option only) for California employees only Dental provided through UHC Nationwide Vision provided by UHC Flexible Spending Account for Health & Dependent Care Pre-Tax Account for Commuter Benefit/Parking & Transit (location-specific) Continuing Education and Professional Development via various integrated platforms, e.g. Udemy and Coursera Corporate Wellness Program provided by Goomi Group Employee Assistance Program Wellness Days 401k Plan Basic and Supplemental Life Insurance Short Term & Long Term Disability Critical Illness, Critical Hospital, and Voluntary Accident Insurance Tuition Reimbursement (available 6 months after start date, capped) Paid Time Off (accrued and prorated, maximum of 120 hours annually) Paid Holidays Any other statutory leaves, paid time, or other ancillary benefits required under state and federal law",05/05/2026,Not Specified,"Austin, TX",Astreya,https://astreya.wd5.myworkdayjobs.com/en-US/life-at-astreya-opportunities/job/Austin-TX/Incident-Response-Analyst-Lead_R0015407,Full time
Inventory Technician III,"What this Job Entails:  Inventory Technicians are responsible for providing the Astreya user experience. From order tracking, accessories management, managing hardware and accessory deployment to front line users, conference room maintenance and behind the scenes user setup, Inventory Technicians enable over 70,000 staff around the globe. This is an introductory role to IT services. Scope:  Works on complex assignments requiring a high degree of initiative Requires minimal oversight and is proactive. May act as a team leader. Your Roles and Responsibilities: Handle inventory and asset management, conference room preventative maintenance, and e-recycling Support a complex and fast paced environment focused on video conference rooms with outstanding attention to customer satisfaction Ensure audio and visual quality, troubleshooting any issues that may arise and any requests from meeting attendees. Deploy and recover laptop and desktop images Perform customer support for over 70,000 users worldwide from IT accessory to workstation dressing Use ticketing systems to report individual work accomplishments and to track Service Level Agreements (SLAs) Utilize Inventory Data management software to maintain inventory accuracy and workflow Contribute to large scale global projects as needed Other duties as required. This list is not meant to be a comprehensive inventory of all responsibilities assigned to this position Required Qualifications/Skills: High school diploma or general education degree (GED) and 5+ years’ related experience and/or training; or equivalent combination of education and experience Excellent written and verbal communications skills Ability to work in a large team with minimal supervision Capable of providing an outstanding user experience Knowledge of Inventory and IT  Ability to excel in a fast paced work environment Ability to make sound decisions when faced with competing priorities Results oriented and can identify the steps to be taken to achieve objectives Preferred Qualifications:  Past business operations experience Some customer experience background or familiarity  Physical Demand & Work Environment: Ability to lift and carry 50 pounds or more of equipment safely, multiple times per day Must have the ability to perform office-related tasks which may include prolonged sitting or standing Must have the ability to move from place to place within an office environment Must be able to use a computer Must have the ability to communicate effectively  Some positions may require occasional repetitive motion or movements of the wrists, hands, and/or fingers Salary Range $19.22 - $30.35 USD (Hourly) Please note that the salary information provided herein is base pay only (gross); it does not include other forms of compensation which may or may not apply to this specific position, namely, performance-based bonuses, benefits-related payments, or other general incentives - none of which are guaranteed, may be subject to specific eligibility requirements, and are wholly within the discretion of Astreya to remit. Further, the salary information noted above is a range that consists of a minimum and maximum rate of pay for this specific position. Where an applicant or employee is placed on this range will depend and be contingent on objective, documented work-related considerations like education, experience, certifications, licenses, preferred qualifications, among other factors. Astreya  offers comprehensive  b enefits to all Regular, Full-Time Employees,   including: Medical provided through UHC (PPO, HSA, Surest options) / Medical provided through Kaiser (HMO option only) for California employees only Dental provided through UHC Nationwide Vision provided by UHC Flexible Spending Account for Health & Dependent Care Pre-Tax Account for Commuter Benefit/Parking & Transit (location-specific) Continuing Education and Professional Development via various integrated platforms, e.g. Udemy and Coursera Corporate Wellness Program provided by Goomi Group Employee Assistance Program Wellness Days 401k Plan Basic and Supplemental Life Insurance Short Term & Long Term Disability Critical Illness, Critical Hospital, and Voluntary Accident Insurance Tuition Reimbursement (available 6 months after start date, capped) Paid Time Off (accrued and prorated, maximum of 120 hours annually) Paid Holidays Any other statutory leaves, paid time, or other ancillary benefits required under state and federal law",05/05/2026,Not Specified,"San Francisco, CA",Astreya,https://astreya.wd5.myworkdayjobs.com/en-US/life-at-astreya-opportunities/job/San-Francisco-CA/Inventory-Technician-III_R0014882,Full time
Data Analyst III,"Job Roles & Responsibilities : Develop and maintain complex data models and visualizations to track key performance indicators (KPIs) related to demand forecasting, capacity planning, and supply chain operations. Utilize strong SQL skills to extract, transform, and analyze large datasets from various sources, including internal databases, external APIs, and cloud-based platforms. Design and implement data pipelines to automate data collection, cleaning, and processing, ensuring data accuracy and integrity. Conduct in-depth analysis of supply chain and product utilization data to identify trends, patterns, and anomalies, and provide actionable insights to optimize resource allocation and improve operational efficiency. Collaborate with cross-functional teams, including demand planners, supply planners, and product managers, to understand their data requirements and provide tailored reports and dashboards. Proactively identify opportunities for process improvement and automation, and develop innovative solutions to enhance data analysis capabilities. Contribute to the development of processes and procedures to improve data accuracy. Implement dashboards to drive clear communication around the story being told by the data 5 years experience in Cloud and Supply Chain is required, or equivalent. Mandatory Skills for the Position: SQL JavaScript BI Dashboarding (building insights) XML/JSON Ability to communicate with key stakeholders Mandatory Experience: Data Analysis Supply Chain Preferred Skills: Python Preferred Experience: Cloud Operations Cloud Demand/Supply Planning",05/05/2026,Not Specified,"Bangalore, India",Astreya,https://astreya.wd5.myworkdayjobs.com/en-US/life-at-astreya-opportunities/job/Bangalore-India/Data-Analyst-II_R0015040,Full time
Field Services Technician I,"Key Deliverables by Level Deliverable Level 1 - Associate Field Services Technician I Respond to IT service tickets using documented procedures and supervision  Assist with workstation setups and peripheral connections Perform basic AV checks and room readiness tasks  Support imaging and deployments under direction Maintain accurate ticket documentation in ITSM tools (e.g., ServiceNow)  Follow proper inventory handling, tagging, and tracking Escalate unresolved issues appropriately Adhere to safety protocols and client-specific guidelines Field Services Technician II(Lead Single Man Sites) Independently manage onsite IT support at single-person or lead-assigned locations Serve as the primary contact for end-user technical needs Own AV/conference room setup, maintenance, and issue resolution Execute full lifecycle support: imaging, deployment, recovery, e-waste Oversee inventory reconciliation and tool usage Prioritize and resolve tickets aligned to SLA targets Identify recurring issues and suggest process improvements Provide informal mentorship and support to visiting or junior technicians Uphold Astreya’s quality and service standards through professional communication and client interaction Essential Duties and Responsibilities (All Levels):  End-User Support Provide onsite and remote technical support for end users, including desktops, laptops, peripherals, and mobile devices.   Troubleshoot and resolve common hardware and software issues.   Deliver a high-quality, customer-focused service experience in a timely manner.   Ticket Management Receive, document, and close support requests in ITSM tools (e.g., ServiceNow).   Prioritize tickets based on urgency and impact.   Escalate complex or unresolved issues following defined protocols.   Hardware Deployment & Recovery Assist with or independently perform workstation deployments, device imaging, and equipment setup.   Support device recovery, re-imaging, and e-waste processes according to lifecycle guidelines.   Ensure accurate labeling, tagging, and asset tracking for all deployed equipment.   Inventory & Asset Management Maintain and reconcile inventory of IT equipment and accessories at assigned site.   Use asset tracking systems to manage device records, check-ins/outs, and stock levels.   Participate in regular audits and support logistics for shipping/receiving hardware.   AV & Conference Room Support Perform regular checks and basic troubleshooting of AV equipment (displays, microphones, cameras).   Set up and tear down conference room tech for meetings or events.   Support room readiness, monitor usage, and report or resolve AV issues.   Documentation & Process Compliance Follow documented processes and standard operating procedures (SOPs) for all support tasks.   Maintain clear and concise documentation for resolutions, escalations, and asset updates.   Adhere to Astreya and client-specific protocols, including change and incident management.    Customer Service & Communication Serve as a visible, approachable point of contact for IT-related issues at the site.   Communicate effectively with users to understand issues and set clear service expectations.   Represent Astreya’s service commitment with professionalism and courtesy. Level II Additional Responsibilities: Team Collaboration  At Level II, act as the lead or sole technician on-site and coordinate with remote teams or vendors.   Provide informal mentorship to junior techs or new team members visiting the site.   Share site-specific insights or recurring issue trends to help improve service delivery.   Education and/or Work Experience Requirements:  Level I Required : High School Diploma or GED   Preferred : Enrollment in IT-related coursework or vocational training   Certifications  (plus): CompTIA A+ Google IT Support Certificate or similar entry-level credential Level II Required:  High School Diploma or GED Preferred: Associate’s degree in Information Technology, Computer Science, or a related field Prior experience working independently or at a single-technician site Certifications CompTIA A+ and/or Network+   ITIL Foundation   AVIXA CTS (for AV specialization track)   JAMF, Apple Certified Support Professional (ACSP), or MDM tools (for DSS specialization) Knowledge, Skills & Abilities (KSAs): Technical: Knowledge of Windows 10/11, macOS, and basic Linux environments   Ability to troubleshoot, repair, and deploy desktops, laptops, and peripherals   Familiarity with mobile device platforms (iOS, Android) and basic MDM concepts   Understanding of AV/VC systems (Zoom, Meet, Webex) and conference room technology   Basic knowledge of networking concepts (IP, DNS, DHCP, connectivity troubleshooting)   Proficiency with ITSM/ticketing platforms (e.g., ServiceNow, Jira)   Ability to image and deploy devices using tools like SCCM, JAMF, or MDT   Experience with inventory and asset tracking tools for lifecycle management   Awareness of IT security best practices and safe handling of equipment   Ability to follow standard operating procedures (SOPs) and technical documentation Soft Skills: Strong verbal and written communication skills for working with end users   Excellent customer service orientation and active listening   Effective time management and ability to prioritize multiple tasks   Strong problem-solving and analytical thinking in fast-paced environments   Ability to collaborate with teammates and cross-functional teams   High level of professionalism, reliability, and accountability   Adaptability to changing technologies, priorities, and client environments   Self-motivated with the ability to take initiative and follow through   Ability to work independently, especially at single-technician sites (L2)   Willingness to mentor peers or junior team members (at Level II) Each level, 1 - 2, represents a progression in complexity, autonomy, and responsibility. The higher the level, the more critical thinking, leadership, and expertise are required. Competency  Level I Level 2 Hardware Support & Troubleshooting Follow basic procedures Independently diagnoses and resolves issues. OS & Platform Knowledge Supports Windows/macOS basics Supports and configures multiple OS platforms Mobile & Endpoint Management Basic support for mobile devices MDM exposure, configures and supports endpoints AV/VC Systems Performs room checks, reports issues Troubleshoots AV problems and supports meetings Networking Fundamentals Understands connectivity basics Diagnoses common network-related issues Imaging & Deployment Assists with imaging Performs full device imaging and deployments Inventory & Asset Management Tags and tracks equipment Manages and reconciles inventory independently ITSM & Ticket Management Updates and closes tickets Owns queue, manages SLAs, escalates as needed   Physical Requirements:  Lifting & Carrying : Must be able to regularly lift and carry up to  50 lbs (22 kg)   Includes monitors, CPUs, AV equipment, and other IT hardware   Mobility & Posture :   Frequent  standing, walking, bending, kneeling, crouching , and  reaching   May require working in tight or awkward spaces (e.g., under desks, behind racks)   Manual Dexterity :   Ability to  use hands and fingers  to handle, install, or adjust small components and cables   Use of standard IT tools (e.g., screwdrivers, cable testers, label printers)   Vision & Focus :   Close vision required for reading device labels, part numbers, and screen details   Must be able to focus on a computer screen for extended periods   Work Environment :   Work performed primarily in  office, data center, and/or AV-equipped conference rooms   Exposure to  electric components, server noise, and climate-controlled spaces   Onsite Requirements :   This is a  100% onsite role ; presence during working hours is mandatory   Occasional local travel may be required (for multi-building campuses or nearby sites) Salary Range $17.36 - $27.40 USD (Hourly) Please note that the salary information provided herein is base pay only (gross); it does not include other forms of compensation which may or may not apply to this specific position, namely, performance-based bonuses, benefits-related payments, or other general incentives - none of which are guaranteed, may be subject to specific eligibility requirements, and are wholly within the discretion of Astreya to remit. Further, the salary information noted above is a range that consists of a minimum and maximum rate of pay for this specific position. Where an applicant or employee is placed on this range will depend and be contingent on objective, documented work-related considerations like education, experience, certifications, licenses, preferred qualifications, among other factors. Astreya  offers comprehensive  b enefits to all Regular, Full-Time Employees,   including: Medical provided through UHC (PPO, HSA, Surest options) / Medical provided through Kaiser (HMO option only) for California employees only Dental provided through UHC Nationwide Vision provided by UHC Flexible Spending Account for Health & Dependent Care Pre-Tax Account for Commuter Benefit/Parking & Transit (location-specific) Continuing Education and Professional Development via various integrated platforms, e.g. Udemy and Coursera Corporate Wellness Program provided by Goomi Group Employee Assistance Program Wellness Days 401k Plan Basic and Supplemental Life Insurance Short Term & Long Term Disability Critical Illness, Critical Hospital, and Voluntary Accident Insurance Tuition Reimbursement (available 6 months after start date, capped) Paid Time Off (accrued and prorated, maximum of 120 hours annually) Paid Holidays Any other statutory leaves, paid time, or other ancillary benefits required under state and federal law",05/05/2026,Not Specified,"Irvine, CA",Astreya,https://astreya.wd5.myworkdayjobs.com/en-US/life-at-astreya-opportunities/job/Irvine-CA/Field-Services-Technician-I_R0015433,Full time
Optical Engineer III,"What this Job Entails:  The Optical Engineer III will help monitor the network and troubleshoot network issues, and ensure we are able to provide guaranteed performance and capacity to our products.  Scope:  Resolves a wide range of issues in creative ways Seasoned, experienced professional with a full understanding of their specialty Works on problems of a diverse scope  Receives little instruction on day to day work, general instruction on new assignments Your Roles and Responsibilities: Monitor Optical Long Haul and Metro networks and troubleshoot a variety of issues in a timely manner. Perform fault isolation based on the troubleshooting outcome. Coordinate with smart hands and optical equipment manufacturers to resolve issues and restore service. Work cross-functionally and cross-regionally with other optical and network operational support teams. Partner with and escalate to, various internal teams in pursuant of restoring service and limiting impact. Manage and escalate critical events while communicating clearly and concisely. Document and optimize operational processes and procedures. Contribute to the creation of monitors, alerts, dashboards and metrics to drive continuous improvements. Identify areas for automation and create or participate in the solution with scripting or coding skills. Support deployment, and move, add, change teams. Partner with audit teams to ensure accurate inventory and documentation.  Document and follow RMA processes and procedures for all relevant vendors. Detect and diagnose various error/failure conditions across an array of server types. Other duties as required. This list is not meant to be a comprehensive inventory of all responsibilities assigned to this position Required Qualifications/Skills: Bachelor’s degree (B.S/B.A) from four-college or university and 5 to 8 years’ related experience and/or training; or equivalent combination of education and experience  Networks with senior internal and external personnel in own area of expertise Demonstrates good judgment in selecting methods and techniques for obtaining solutions Experience working with geometrical and physical optics, radiometry and lens design  Understanding of optical design and tolerance analysis Deep understanding of stray light analysis and non-sequential ray trace tools  Knowledge about building and testing optical systems  Excellent communication and teamwork skills Testing, validation, and verification of terminal optics and line systems. Coherent optical transceivers (pluggable optics) over switch, router, and transport platforms. Willing to work in a lab environment. Ability to use optical test equipment such as an Exfo BER Tester, Power meter, Light source, Spectrum analyzer. Preferred Qualifications:  Experience with laser systems  Experience with CAD software such as  Understanding of design for manufacturing and/or assembly  Physical Demand & Work Environment: Must have the ability to perform office-related tasks which may include prolonged sitting or standing Must have the ability to move from place to place within an office environment Must be able to use a computer Must have the ability to communicate effectively  Some positions may require occasional repetitive motion or movements of the wrists, hands, and/or fingers Salary Range $40.92 - $64.62 USD (Hourly) Please note that the salary information provided herein is base pay only (gross); it does not include other forms of compensation which may or may not apply to this specific position, namely, performance-based bonuses, benefits-related payments, or other general incentives - none of which are guaranteed, may be subject to specific eligibility requirements, and are wholly within the discretion of Astreya to remit. Further, the salary information noted above is a range that consists of a minimum and maximum rate of pay for this specific position. Where an applicant or employee is placed on this range will depend and be contingent on objective, documented work-related considerations like education, experience, certifications, licenses, preferred qualifications, among other factors. Astreya  offers comprehensive  b enefits to all Regular, Full-Time Employees,   including: Medical provided through UHC (PPO, HSA, Surest options) / Medical provided through Kaiser (HMO option only) for California employees only Dental provided through UHC Nationwide Vision provided by UHC Flexible Spending Account for Health & Dependent Care Pre-Tax Account for Commuter Benefit/Parking & Transit (location-specific) Continuing Education and Professional Development via various integrated platforms, e.g. Udemy and Coursera Corporate Wellness Program provided by Goomi Group Employee Assistance Program Wellness Days 401k Plan Basic and Supplemental Life Insurance Short Term & Long Term Disability Critical Illness, Critical Hospital, and Voluntary Accident Insurance Tuition Reimbursement (available 6 months after start date, capped) Paid Time Off (accrued and prorated, maximum of 120 hours annually) Paid Holidays Any other statutory leaves, paid time, or other ancillary benefits required under state and federal law",05/05/2026,Not Specified,"Thornton, CO",Astreya,https://astreya.wd5.myworkdayjobs.com/en-US/life-at-astreya-opportunities/job/Thornton-CO/Optical-Engineer-III_R0015405,Full time
Field Services Technician I,"Key Deliverables by Level Deliverable Level 1 - Associate Field Services Technician I Respond to IT service tickets using documented procedures and supervision  Assist with workstation setups and peripheral connections Perform basic AV checks and room readiness tasks  Support imaging and deployments under direction Maintain accurate ticket documentation in ITSM tools (e.g., ServiceNow)  Follow proper inventory handling, tagging, and tracking Escalate unresolved issues appropriately Adhere to safety protocols and client-specific guidelines Field Services Technician II(Lead Single Man Sites) Independently manage onsite IT support at single-person or lead-assigned locations Serve as the primary contact for end-user technical needs Own AV/conference room setup, maintenance, and issue resolution Execute full lifecycle support: imaging, deployment, recovery, e-waste Oversee inventory reconciliation and tool usage Prioritize and resolve tickets aligned to SLA targets Identify recurring issues and suggest process improvements Provide informal mentorship and support to visiting or junior technicians Uphold Astreya’s quality and service standards through professional communication and client interaction Essential Duties and Responsibilities (All Levels):  End-User Support Provide onsite and remote technical support for end users, including desktops, laptops, peripherals, and mobile devices.   Troubleshoot and resolve common hardware and software issues.   Deliver a high-quality, customer-focused service experience in a timely manner.   Ticket Management Receive, document, and close support requests in ITSM tools (e.g., ServiceNow).   Prioritize tickets based on urgency and impact.   Escalate complex or unresolved issues following defined protocols.   Hardware Deployment & Recovery Assist with or independently perform workstation deployments, device imaging, and equipment setup.   Support device recovery, re-imaging, and e-waste processes according to lifecycle guidelines.   Ensure accurate labeling, tagging, and asset tracking for all deployed equipment.   Inventory & Asset Management Maintain and reconcile inventory of IT equipment and accessories at assigned site.   Use asset tracking systems to manage device records, check-ins/outs, and stock levels.   Participate in regular audits and support logistics for shipping/receiving hardware.   AV & Conference Room Support Perform regular checks and basic troubleshooting of AV equipment (displays, microphones, cameras).   Set up and tear down conference room tech for meetings or events.   Support room readiness, monitor usage, and report or resolve AV issues.   Documentation & Process Compliance Follow documented processes and standard operating procedures (SOPs) for all support tasks.   Maintain clear and concise documentation for resolutions, escalations, and asset updates.   Adhere to Astreya and client-specific protocols, including change and incident management.    Customer Service & Communication Serve as a visible, approachable point of contact for IT-related issues at the site.   Communicate effectively with users to understand issues and set clear service expectations.   Represent Astreya’s service commitment with professionalism and courtesy. Level II Additional Responsibilities: Team Collaboration  At Level II, act as the lead or sole technician on-site and coordinate with remote teams or vendors.   Provide informal mentorship to junior techs or new team members visiting the site.   Share site-specific insights or recurring issue trends to help improve service delivery.   Education and/or Work Experience Requirements:  Level I Required : High School Diploma or GED   Preferred : Enrollment in IT-related coursework or vocational training   Certifications  (plus): CompTIA A+ Google IT Support Certificate or similar entry-level credential Level II Required:  High School Diploma or GED Preferred: Associate’s degree in Information Technology, Computer Science, or a related field Prior experience working independently or at a single-technician site Certifications CompTIA A+ and/or Network+   ITIL Foundation   AVIXA CTS (for AV specialization track)   JAMF, Apple Certified Support Professional (ACSP), or MDM tools (for DSS specialization) Knowledge, Skills & Abilities (KSAs): Technical: Knowledge of Windows 10/11, macOS, and basic Linux environments   Ability to troubleshoot, repair, and deploy desktops, laptops, and peripherals   Familiarity with mobile device platforms (iOS, Android) and basic MDM concepts   Understanding of AV/VC systems (Zoom, Meet, Webex) and conference room technology   Basic knowledge of networking concepts (IP, DNS, DHCP, connectivity troubleshooting)   Proficiency with ITSM/ticketing platforms (e.g., ServiceNow, Jira)   Ability to image and deploy devices using tools like SCCM, JAMF, or MDT   Experience with inventory and asset tracking tools for lifecycle management   Awareness of IT security best practices and safe handling of equipment   Ability to follow standard operating procedures (SOPs) and technical documentation Soft Skills: Strong verbal and written communication skills for working with end users   Excellent customer service orientation and active listening   Effective time management and ability to prioritize multiple tasks   Strong problem-solving and analytical thinking in fast-paced environments   Ability to collaborate with teammates and cross-functional teams   High level of professionalism, reliability, and accountability   Adaptability to changing technologies, priorities, and client environments   Self-motivated with the ability to take initiative and follow through   Ability to work independently, especially at single-technician sites (L2)   Willingness to mentor peers or junior team members (at Level II) Each level, 1 - 2, represents a progression in complexity, autonomy, and responsibility. The higher the level, the more critical thinking, leadership, and expertise are required. Competency  Level I Level 2 Hardware Support & Troubleshooting Follow basic procedures Independently diagnoses and resolves issues. OS & Platform Knowledge Supports Windows/macOS basics Supports and configures multiple OS platforms Mobile & Endpoint Management Basic support for mobile devices MDM exposure, configures and supports endpoints AV/VC Systems Performs room checks, reports issues Troubleshoots AV problems and supports meetings Networking Fundamentals Understands connectivity basics Diagnoses common network-related issues Imaging & Deployment Assists with imaging Performs full device imaging and deployments Inventory & Asset Management Tags and tracks equipment Manages and reconciles inventory independently ITSM & Ticket Management Updates and closes tickets Owns queue, manages SLAs, escalates as needed   Physical Requirements:  Lifting & Carrying : Must be able to regularly lift and carry up to  50 lbs (22 kg)   Includes monitors, CPUs, AV equipment, and other IT hardware   Mobility & Posture :   Frequent  standing, walking, bending, kneeling, crouching , and  reaching   May require working in tight or awkward spaces (e.g., under desks, behind racks)   Manual Dexterity :   Ability to  use hands and fingers  to handle, install, or adjust small components and cables   Use of standard IT tools (e.g., screwdrivers, cable testers, label printers)   Vision & Focus :   Close vision required for reading device labels, part numbers, and screen details   Must be able to focus on a computer screen for extended periods   Work Environment :   Work performed primarily in  office, data center, and/or AV-equipped conference rooms   Exposure to  electric components, server noise, and climate-controlled spaces   Onsite Requirements :   This is a  100% onsite role ; presence during working hours is mandatory   Occasional local travel may be required (for multi-building campuses or nearby sites) Salary Range $17.36 - $27.40 USD (Hourly) Please note that the salary information provided herein is base pay only (gross); it does not include other forms of compensation which may or may not apply to this specific position, namely, performance-based bonuses, benefits-related payments, or other general incentives - none of which are guaranteed, may be subject to specific eligibility requirements, and are wholly within the discretion of Astreya to remit. Further, the salary information noted above is a range that consists of a minimum and maximum rate of pay for this specific position. Where an applicant or employee is placed on this range will depend and be contingent on objective, documented work-related considerations like education, experience, certifications, licenses, preferred qualifications, among other factors. Astreya  offers comprehensive  b enefits to all Regular, Full-Time Employees,   including: Medical provided through UHC (PPO, HSA, Surest options) / Medical provided through Kaiser (HMO option only) for California employees only Dental provided through UHC Nationwide Vision provided by UHC Flexible Spending Account for Health & Dependent Care Pre-Tax Account for Commuter Benefit/Parking & Transit (location-specific) Continuing Education and Professional Development via various integrated platforms, e.g. Udemy and Coursera Corporate Wellness Program provided by Goomi Group Employee Assistance Program Wellness Days 401k Plan Basic and Supplemental Life Insurance Short Term & Long Term Disability Critical Illness, Critical Hospital, and Voluntary Accident Insurance Tuition Reimbursement (available 6 months after start date, capped) Paid Time Off (accrued and prorated, maximum of 120 hours annually) Paid Holidays Any other statutory leaves, paid time, or other ancillary benefits required under state and federal law",04/05/2026,Not Specified,"Playa Vista, CA",Astreya,https://astreya.wd5.myworkdayjobs.com/en-US/life-at-astreya-opportunities/job/Playa-Vista-CA/Field-Services-Technician-I_R0015432,Full time
Field Services Technician II,"Field Services Technician- II  Overview: The Field Service Technician plays a pivotal role in enabling a seamless user experience. Responsibilities encompass a wide range of tasks, from meticulously tracking orders to efficiently managing hardware and accessory deployment. Field Service Technicians are the backbone of front-line user support, ensuring that conference rooms are well-maintained and behind-the-scenes user setups are flawlessly executed. Beyond their technical duties, Field Service Technicians focus on fostering strong relationships with users, understanding their needs, and ensuring their satisfaction. They will support Astreya's ever-expanding customer base and ensure a consistently high-quality user support experience. The successful candidate will be familiar with industry best practices and willing to go above and beyond for our clients. Scope: Provide end-to-end onsite and remote user support, ensuring high-quality solutions and user experiences.  Oversee service delivery across a set of client sites, buildings, or specific customer areas (SCAs), monitoring key performance indicators (KPIs) like Service Level Agreements (SLAs) and quality metrics.  Diagnose hardware issues, support AV equipment, and collaborate across teams to ensure smooth operations and customer satisfaction. At single-person sites, where there is not a team of technicians and the Field Services Technician is the sole resource, the technician is automatically designated as an L1 Field Services Technician- II . Primary Responsibilities: User Support:  Provide end-to-end onsite and remote user support for service requests. Utilize logic and reasoning to identify alternative solutions, conclusions, or approaches to problems, delivering the best possible solutions for a high-quality user experience. Act as a primary point of contact for clients, ensuring timely and accurate resolution of their issues. Inventory:  Deploy and recover assets and accessories. Assist in workstation dressing. Hardware Support & Management:  Diagnose and resolve hardware issues. Support product lifecycle management activities. Room & Audio Equipment Support:  Support a complex and fast-paced environment focused on video conference rooms, ensuring audio and visual quality and troubleshooting any issues or requests. Participate in installing AV equipment and displays. Ticket Management:  Ensure assigned support request tickets are prioritized and completed in a timely manner. Handle tasks related to order tracking, hardware deployment, and user setup, typically tracked through ticketing systems. Utilize the defined ITSM System to properly manage work related to service activities. Issues Escalation:  Effectively document and escalate issues that cannot be resolved within the Service Level Agreements (SLAs). Proactively communicate with your supervisor when encountering errors in documented support procedures. Adhere to incident management, problem management, change management, and knowledge management best practices. Service Delivery Oversight & Performance Monitoring:  Oversee service delivery across designated client sites/buildings/SCAs. Monitor key performance indicators (KPIs) including SLAs for services under local service management (LSM) and quality measurement metrics. Team Leadership & Development:  Assign tasks and set goals for team members. Monitor technician performance and provide constructive feedback. Provide technical expertise and guidance to team members. Coach and mentor team members to improve their skills and overall performance.  Collaboration:  Participate in cross-team/site collaboration to share service knowledge, isolate potential problems, and ensure the consistent delivery of defined service activities. Collaborate within the broader IT customer experience team and extended IT organization to ensure the highest level of customer support. Customer Experience:  Ensure a positive user experience and customer satisfaction through smooth operations and effective work management. Enable the success of your peers and teammates. Other duties as assigned. Required Qualifications/Skills: High school diploma or general education degree (GED) and 1 to 2 years of related experience and/or training in IT Services; or an equivalent combination of education and experience. Strong knowledge of policies and procedures related to requested support activities. Capable of understanding customer needs and providing a high level of interaction, ensuring customer satisfaction. Proactive in mastering all aspects of service delivery processes, communication, and the quality of your work. Facilitate and promote a team culture that encourages ownership of team goals, trust, respect, and strong cross-collaboration throughout the service program. Provide general IT support within a high-volume and fast-paced technology environment. Possess the ability to assist with a variety of basic technical issues, including but not limited to applications, hardware, and mobile technologies. Strong working knowledge of Microsoft Windows 11, Mac OS X, Linux Fundamentals, Hardware Level troubleshooting, Hardware Installation, and Upgrades. Knowledge of basic functionality and use of various mobile devices (iOS, Android, etc.). Knowledge of hardware (desktop/laptop) deployment methods using image deployment tools. Ability to quickly diagnose, organize, and prioritize competing deadlines and properly set service expectations with clients. Time Management: Must possess strong time management skills to prioritize tasks effectively, meet deadlines, and deliver exceptional customer support. Ability to manage multiple priorities and meet deadlines. Preferred Qualifications: Active listening and detail-oriented to perform and document your work effectively. Enjoy working with collaborative individuals and understand you are in a customer-facing support role. Strive to deliver a high-quality user support experience. Excellent written and verbal communication skills are second to none. Self-motivated and the ability to execute tasks and handle time-sensitive situations. Commitment to excellence. Other Requirements: This role requires weights of 50lbs/22kg to be regularly lifted. Strong communication skills, written and verbal English required. This is an office-based role; it requires the successful candidate to be on site during working hours. Health & Safety Requirements: Must conduct work activities in accordance with all applicable Environmental, Health & Safety regulations and rules. Additionally, will follow all Astreya's Health & Safety Program, Code of Conduct, and client Health & Safety rules at all times. Salary Range $19.22 - $30.35 USD (Hourly) Please note that the salary information provided herein is base pay only (gross); it does not include other forms of compensation which may or may not apply to this specific position, namely, performance-based bonuses, benefits-related payments, or other general incentives - none of which are guaranteed, may be subject to specific eligibility requirements, and are wholly within the discretion of Astreya to remit. Further, the salary information noted above is a range that consists of a minimum and maximum rate of pay for this specific position. Where an applicant or employee is placed on this range will depend and be contingent on objective, documented work-related considerations like education, experience, certifications, licenses, preferred qualifications, among other factors. Astreya  offers comprehensive  b enefits to all Regular, Full-Time Employees,   including: Medical provided through UHC (PPO, HSA, Surest options) / Medical provided through Kaiser (HMO option only) for California employees only Dental provided through UHC Nationwide Vision provided by UHC Flexible Spending Account for Health & Dependent Care Pre-Tax Account for Commuter Benefit/Parking & Transit (location-specific) Continuing Education and Professional Development via various integrated platforms, e.g. Udemy and Coursera Corporate Wellness Program provided by Goomi Group Employee Assistance Program Wellness Days 401k Plan Basic and Supplemental Life Insurance Short Term & Long Term Disability Critical Illness, Critical Hospital, and Voluntary Accident Insurance Tuition Reimbursement (available 6 months after start date, capped) Paid Time Off (accrued and prorated, maximum of 120 hours annually) Paid Holidays Any other statutory leaves, paid time, or other ancillary benefits required under state and federal law",02/05/2026,Not Specified,"Pittsburgh, PA",Astreya,https://astreya.wd5.myworkdayjobs.com/en-US/life-at-astreya-opportunities/job/Pittsburgh-PA/Field-Services-Technician-II_R0014997,Full time
Data Analyst II,"What this Job Entails: We are looking for a Data Analyst II to join our growing team of analytics experts. The hire will be responsible for statistical modeling, and analysis of structured and unstructured datasets to develop metrics, reports, and visualizations of trends and patterns. The Data Analyst identifies and captures data from internal and external sources. The Data Analyst will ensure consistency throughout ongoing projects.  Scope:  Uses professional concepts and company objectives to resolve complex issues in creative and effective ways Works on complex issues where analysis of situations or data requires an in-depth evaluation of variable factors Your Roles and Responsibilities: Create data visualizations  Troubleshoot and test database technical issues with development team Create monthly Excel and Google Sheets files from database Independently analyze data sets to identify opportunities for increased accuracy and efficiency Perform quality assurance on data to determine potential data gaps Handle data-related technical issues and support data infrastructure needs Assemble large, complex data sets that meet functional / non-functional business  Work with data and analytics experts to strive for greater functionality in our data systems. Other duties as required. This list is not meant to be a comprehensive inventory of all responsibilities assigned to this position Must Have: 2–5 years of experience Data center knowledge Ability to conduct technical analysis Proficiency in Google Workspace SQL query skills Experience with ticketing tools Nice to Have: Cloud experience Strong communication and stakeholder management skills Key requirements Open to internal candidates currently supporting similar programs in the US Immediate allocation possible based on fit There is a potential for  one additional requirement  once the client finalizes location strategy Required Qualifications/Skills: Bachelor’s degree (B.S/B.A) from four-college or university and 2 to 5 years’ related experience and/or training; or equivalent combination of education and experience  Builds productive internal and external working relationships Exercises judgment within defined procedures and practices to determine appropriate action SQL skills; including creating and modifying macros, as well as creating dashboards using SQL coding Excellent written communication skills  High level of attention to detail Advanced Excel skills to include; formulas, functions, pivot tables, lookup and reference formulas (i.e. vlookups), statistical formulas (countifs, sumifs), macros (ability to create new and edit existing), conditional formatting, importing data, creating graphs/charts, etc.  Ability to independently analyze large amounts of data; including the ability to identify, analyze, and interpret trends, gaps, patterns in complex data sets Preferred Qualifications:  Experience using Google PLX Dashboards Physical Demand & Work Environment: Must have the ability to perform office-related tasks which may include prolonged sitting or standing Must have the ability to move from place to place within an office environment Must be able to use a computer Must have the ability to communicate effectively  Some positions may require occasional repetitive motion or movements of the wrists, hands, and/or fingers",01/05/2026,Not Specified,2 Locations,Astreya,https://astreya.wd5.myworkdayjobs.com/en-US/life-at-astreya-opportunities/job/Remote-Mexico/Data-Analyst-II_R0015484,Full time
IT Support Specialist II,"What this Job Entails:  The IT Support Analyst will help in resolving a variety of technical problems. As a member of our IT team you will be responsible for keeping our client's employees productive and secure by providing world class technology support. Scope:  Works on assignments that are moderately difficult, requiring judgment in resolving issues Requires some instruction on new assignments and infrequent checks on daily work Your Roles and Responsibilities: Install, upgrade, and support all company desktops/laptops, printers, and other end-user tech in a primarily Apple environment.  Provide remote IT support to all employees for a wide range of operational tasks, including password resets, access requests, and application support, via Slack, Jira, or email. Provide in-person IT support at our client's Denver City location.  Troubleshoot network connectivity in a LAN/WAN environment and configure end-user devices. Assist with the setup, maintenance, and troubleshooting of Zoom rooms to ensure stability during meetings and presentations.  Configure and manage AV and video conference technology such as Zoom, Chrome Signage, and Envoy, including setup for company all-hands meetings.  Onboard and train new employees on IT applications and security practices. Set up, track, and manage all assigned issues in Jira Service Desk.  Administer cloud services such as G Suite, Slack, Okta, Duo Security, Jira, Office365, and others. Manage and troubleshoot the VOIP telephone system.  Maintain a well-organized inventory and storage system for all IT hardware and software assets. Ensure all client machines meet security protocol standards.  Respond to and resolve user-reported issues in a timely and efficient manner. Troubleshoot and resolve basic networking and connectivity issues.  Escalate complex technical problems to higher-level support teams as necessary.  Contribute to the creation and maintenance of IT documentation and knowledge base articles. Stay up-to-date with the latest technology trends and best practices to provide excellent service. Required Qualifications/Skills: Associate's degree (A.A) or equivalent from two-year college or technical school and 3 to 5 years’ related experience and/or training; or equivalent combination of education and experience  G-suite Administration experience  Simple MDM Experience  Experience supporting Slack Experience supporting and using Okta in an enterprise environment Familiarity with Zoom + Zoom/conference room experience Atlassian (JIRA/Confluence) experience  Experience with documentation of repeatable processes Familiarity with desktop and server operating systems Exceptional interpersonal skills, with a focus on rapport-building, listening, and questioning skills Ability to conduct research into a wide range of computing issues as required Ability to present ideas in a user-friendly manner Analytical and problem solving abilities Exceptional customer service orientation Preferred Qualifications:  Salesforce administration experience Knowledge of various operating systems and databases  Knowledge of various programming languages Physical Demand & Work Environment: Must have the ability to perform office-related tasks which may include prolonged sitting or standing Must have the ability to move from place to place within an office environment Must be able to use a computer Must have the ability to communicate effectively  Some positions may require occasional repetitive motion or movements of the wrists, hands, and/or fingers Salary Range $19.22 - $30.35 USD (Hourly) Please note that the salary information provided herein is base pay only (gross); it does not include other forms of compensation which may or may not apply to this specific position, namely, performance-based bonuses, benefits-related payments, or other general incentives - none of which are guaranteed, may be subject to specific eligibility requirements, and are wholly within the discretion of Astreya to remit. Further, the salary information noted above is a range that consists of a minimum and maximum rate of pay for this specific position. Where an applicant or employee is placed on this range will depend and be contingent on objective, documented work-related considerations like education, experience, certifications, licenses, preferred qualifications, among other factors. Astreya  offers comprehensive  b enefits to all Regular, Full-Time Employees,   including: Medical provided through UHC (PPO, HSA, Surest options) / Medical provided through Kaiser (HMO option only) for California employees only Dental provided through UHC Nationwide Vision provided by UHC Flexible Spending Account for Health & Dependent Care Pre-Tax Account for Commuter Benefit/Parking & Transit (location-specific) Continuing Education and Professional Development via various integrated platforms, e.g. Udemy and Coursera Corporate Wellness Program provided by Goomi Group Employee Assistance Program Wellness Days 401k Plan Basic and Supplemental Life Insurance Short Term & Long Term Disability Critical Illness, Critical Hospital, and Voluntary Accident Insurance Tuition Reimbursement (available 6 months after start date, capped) Paid Time Off (accrued and prorated, maximum of 120 hours annually) Paid Holidays Any other statutory leaves, paid time, or other ancillary benefits required under state and federal law",01/05/2026,Not Specified,"Denver, CO",Astreya,https://astreya.wd5.myworkdayjobs.com/en-US/life-at-astreya-opportunities/job/Denver-CO/IT-Support-Specialist-II_R0015462,Full time
Project Coordinator III,"What this Job Entails:  The Project Coordinator III will plan and coordinate aspects of internal projects from initiation to delivery. Projects often involve network, server, or software implementation and upgrades, PC deployment and the like. Projects may vary in number, size and complexity. Scope:  Works on assignments that require considerable judgment  and initiative. Makes recommendations for solutions Works within guidelines and takes ownership of results. May act as a mentor to less experienced team members Your Roles and Responsibilities: Gather and maintain project requirement lists. Provides weekly project updates including action item updates. Schedules and coordinates project reviews and follows up on assigned actions. Effectively and accurately communicate status to the project team. Maintains and monitors project plans, project schedules, work hours and expenditures. Identify project issues, determining the right team member to provide a solution, and/or escalating the issue to the client manager. Takes part in organizing, attending and participating in stakeholder meetings. Documents and follows up on important actions and decisions from meetings. Collaborates with various regional teams responsible for project resources and ticket resolution. Assists with daily monitoring of the ticketing system, reassigning tickets where required. Produces regular and ad hoc reports as required. Identifies trends or recurring problems and escalates to management for resolution. Locations and defines new process improvement opportunities. Develop and maintain knowledge and skills and keep up-to-date with new processes and procedures. Works closely with SDMs/Project Managers to understand and maintain focus on their analytical needs, including assisting with identifying critical metrics and KPIs, and delivering actionable insights to relevant decision-makers. Other duties as required. This list is not meant to be a comprehensive inventory of all responsibilities assigned to this position Required Qualifications/Skills: Associate's degree (A.A) or equivalent from two-year college or technical school and 5 to 8 years’ related experience and/or training; or equivalent combination of education and experience Networks with senior internal and external personnel in own area of expertise Demonstrates good judgment in selecting methods and techniques for obtaining solutions Flexibility essential - the role requires both office and remote commitments, as well as being willing to occasionally adjust work hours due to work with regional colleagues. Experience working with Microsoft Excel and Google Suite Excellent Communication skills, both verbal and written Previous experience with ticketing systems and/or project management system Understanding of or previous experience in a technology driven environment Proactive attitude and dependable Excellent customer service skills Ability to work both within a team and independently Ability to multitask and prioritize workload Ability to use good judgment, as well as problem-solving and decision making skills Ability to maintain confidentiality and professional decorum Preferred Qualifications:  Physical Demand & Work Environment: Must have the ability to perform office-related tasks which may include prolonged sitting or standing Must have the ability to move from place to place within an office environment Must be able to use a computer Must have the ability to communicate effectively  Some positions may require occasional repetitive motion or movements of the wrists, hands, and/or fingers Salary Range $25.98 - $41.02 USD (Hourly) Please note that the salary information provided herein is base pay only (gross); it does not include other forms of compensation which may or may not apply to this specific position, namely, performance-based bonuses, benefits-related payments, or other general incentives - none of which are guaranteed, may be subject to specific eligibility requirements, and are wholly within the discretion of Astreya to remit. Further, the salary information noted above is a range that consists of a minimum and maximum rate of pay for this specific position. Where an applicant or employee is placed on this range will depend and be contingent on objective, documented work-related considerations like education, experience, certifications, licenses, preferred qualifications, among other factors. Astreya  offers comprehensive  b enefits to all Regular, Full-Time Employees,   including: Medical provided through UHC (PPO, HSA, Surest options) / Medical provided through Kaiser (HMO option only) for California employees only Dental provided through UHC Nationwide Vision provided by UHC Flexible Spending Account for Health & Dependent Care Pre-Tax Account for Commuter Benefit/Parking & Transit (location-specific) Continuing Education and Professional Development via various integrated platforms, e.g. Udemy and Coursera Corporate Wellness Program provided by Goomi Group Employee Assistance Program Wellness Days 401k Plan Basic and Supplemental Life Insurance Short Term & Long Term Disability Critical Illness, Critical Hospital, and Voluntary Accident Insurance Tuition Reimbursement (available 6 months after start date, capped) Paid Time Off (accrued and prorated, maximum of 120 hours annually) Paid Holidays Any other statutory leaves, paid time, or other ancillary benefits required under state and federal law",01/05/2026,Not Specified,"Fremont, CA",Astreya,https://astreya.wd5.myworkdayjobs.com/en-US/life-at-astreya-opportunities/job/Fremont-CA/Project-Coordinator-III_R0015483,Full time
Field Service Technician II,"Field Services Technician- II Job Description (Lead) Overview: The Field Service Technician plays a pivotal role in enabling a seamless user experience. Responsibilities encompass a wide range of tasks, from meticulously tracking orders to efficiently managing hardware and accessory deployment. Field Service Technicians are the backbone of front-line user support, ensuring that conference rooms are well-maintained and behind-the-scenes user setups are flawlessly executed. Beyond their technical duties, Field Service Technicians focus on fostering strong relationships with users, understanding their needs, and ensuring their satisfaction. They will support Astreya's ever-expanding customer base and ensure a consistently high-quality user support experience. The successful candidate will be familiar with industry best practices and willing to go above and beyond for our clients. Scope: Provide end-to-end onsite and remote user support, ensuring high-quality solutions and user experiences.  Oversee service delivery across a set of client sites, buildings, or specific customer areas (SCAs), monitoring key performance indicators (KPIs) like Service Level Agreements (SLAs) and quality metrics.  Diagnose hardware issues, support AV equipment, and collaborate across teams to ensure smooth operations and customer satisfaction. At single-person sites, where there is not a team of technicians and the Field Services Technician is the sole resource, the technician is automatically designated as an L1 Field Services Technician- II . Primary Responsibilities: User Support:  Provide end-to-end onsite and remote user support for service requests. Utilize logic and reasoning to identify alternative solutions, conclusions, or approaches to problems, delivering the best possible solutions for a high-quality user experience. Act as a primary point of contact for clients, ensuring timely and accurate resolution of their issues. Inventory:  Deploy and recover assets and accessories. Assist in workstation dressing. Hardware Support & Management:  Diagnose and resolve hardware issues. Support product lifecycle management activities. Room & Audio Equipment Support:  Support a complex and fast-paced environment focused on video conference rooms, ensuring audio and visual quality and troubleshooting any issues or requests. Participate in installing AV equipment and displays. Ticket Management:  Ensure assigned support request tickets are prioritized and completed in a timely manner. Handle tasks related to order tracking, hardware deployment, and user setup, typically tracked through ticketing systems. Utilize the defined ITSM System to properly manage work related to service activities. Issues Escalation:  Effectively document and escalate issues that cannot be resolved within the Service Level Agreements (SLAs). Proactively communicate with your supervisor when encountering errors in documented support procedures. Adhere to incident management, problem management, change management, and knowledge management best practices. Service Delivery Oversight & Performance Monitoring:  Oversee service delivery across designated client sites/buildings/SCAs. Monitor key performance indicators (KPIs) including SLAs for services under local service management (LSM) and quality measurement metrics. Team Leadership & Development:  Assign tasks and set goals for team members. Monitor technician performance and provide constructive feedback. Provide technical expertise and guidance to team members. Coach and mentor team members to improve their skills and overall performance.  Collaboration:  Participate in cross-team/site collaboration to share service knowledge, isolate potential problems, and ensure the consistent delivery of defined service activities. Collaborate within the broader IT customer experience team and extended IT organization to ensure the highest level of customer support. Customer Experience:  Ensure a positive user experience and customer satisfaction through smooth operations and effective work management. Enable the success of your peers and teammates. Other duties as assigned. Required Qualifications/Skills: High school diploma or general education degree (GED) and 1 to 2 years of related experience and/or training in IT Services; or an equivalent combination of education and experience. Strong knowledge of policies and procedures related to requested support activities. Capable of understanding customer needs and providing a high level of interaction, ensuring customer satisfaction. Proactive in mastering all aspects of service delivery processes, communication, and the quality of your work. Facilitate and promote a team culture that encourages ownership of team goals, trust, respect, and strong cross-collaboration throughout the service program. Provide general IT support within a high-volume and fast-paced technology environment. Possess the ability to assist with a variety of basic technical issues, including but not limited to applications, hardware, and mobile technologies. Strong working knowledge of Microsoft Windows 11, Mac OS X, Linux Fundamentals, Hardware Level troubleshooting, Hardware Installation, and Upgrades. Knowledge of basic functionality and use of various mobile devices (iOS, Android, etc.). Knowledge of hardware (desktop/laptop) deployment methods using image deployment tools. Ability to quickly diagnose, organize, and prioritize competing deadlines and properly set service expectations with clients. Time Management: Must possess strong time management skills to prioritize tasks effectively, meet deadlines, and deliver exceptional customer support. Ability to manage multiple priorities and meet deadlines. Preferred Qualifications: Active listening and detail-oriented to perform and document your work effectively. Enjoy working with collaborative individuals and understand you are in a customer-facing support role. Strive to deliver a high-quality user support experience. Excellent written and verbal communication skills are second to none. Self-motivated and the ability to execute tasks and handle time-sensitive situations. Commitment to excellence. Other Requirements: This role requires weights of 50lbs/22kg to be regularly lifted. Strong communication skills, written and verbal English required. This is an office-based role; it requires the successful candidate to be on site during working hours. Health & Safety Requirements: Must conduct work activities in accordance with all applicable Environmental, Health & Safety regulations and rules. Additionally, will follow all Astreya's Health & Safety Program, Code of Conduct, and client Health & Safety rules at all times. Salary Range $19.22 - $30.35 USD (Hourly) Please note that the salary information provided herein is base pay only (gross); it does not include other forms of compensation which may or may not apply to this specific position, namely, performance-based bonuses, benefits-related payments, or other general incentives - none of which are guaranteed, may be subject to specific eligibility requirements, and are wholly within the discretion of Astreya to remit. Further, the salary information noted above is a range that consists of a minimum and maximum rate of pay for this specific position. Where an applicant or employee is placed on this range will depend and be contingent on objective, documented work-related considerations like education, experience, certifications, licenses, preferred qualifications, among other factors. Astreya  offers comprehensive  b enefits to all Regular, Full-Time Employees,   including: Medical provided through UHC (PPO, HSA, Surest options) / Medical provided through Kaiser (HMO option only) for California employees only Dental provided through UHC Nationwide Vision provided by UHC Flexible Spending Account for Health & Dependent Care Pre-Tax Account for Commuter Benefit/Parking & Transit (location-specific) Continuing Education and Professional Development via various integrated platforms, e.g. Udemy and Coursera Corporate Wellness Program provided by Goomi Group Employee Assistance Program Wellness Days 401k Plan Basic and Supplemental Life Insurance Short Term & Long Term Disability Critical Illness, Critical Hospital, and Voluntary Accident Insurance Tuition Reimbursement (available 6 months after start date, capped) Paid Time Off (accrued and prorated, maximum of 120 hours annually) Paid Holidays Any other statutory leaves, paid time, or other ancillary benefits required under state and federal law",01/05/2026,Not Specified,"New Albany, OH",Astreya,https://astreya.wd5.myworkdayjobs.com/en-US/life-at-astreya-opportunities/job/New-Albany-OH/Field-Service-Technician-II_R0015294,Full time
Service Desk Specialist II,"What this Job Entails:  The Service Desk Specialist II will support one of Astreya’s key clients. The role will be responsible to troubleshoot and fix desktop/ computer hardware and software issues while striving to deliver excellent customer service to the end-user. You need to be an eager learner and put the learning to practice in-line with company and client policies and procedures.  This is a  part time  position with hours totaling 24 per week. The 24 weekly hours will be delivered as three full days of 8 hours each between the hours of 9am-5pm. Scope:  Applies company policies and procedures to resolve a variety of issues Works on problems of moderate scope Receives general instructions on routine work and detailed instructions on new projects Your Roles and Responsibilities: Follow standard operating, ticketing procedures and work instructions to image, update and resolve computer and software application issues for new and existing employees. Maintain equipment inventory, including processing RMAs and ordering new equipment. Maintain physical presence at designated service locations and time for employees to pick up the user's computer, or deliver to the end-user. Participates in monitoring, updating and maintaining tickets in a defined ticketing system.  Responds to tickets, contacts users and plans workload.  Update, track and escalate the ticket to appropriate levels/group for resolution as required.  Sign off on closed tickets with the user to include follow up specifically to the end user. Provide routine software and hardware troubleshooting support to employees to resolve common IT problems. Engage in support of access to corporate network/wireless and applications both on the network as well as over VPN. Other duties as required. This list is not meant to be a comprehensive inventory of all responsibilities assigned to this position Required Qualifications/Skills: Bachelor’s degree (B.S/B.A) from four-college or university and 2 to 5 years’ related experience and/or training; or equivalent combination of education and experience  Builds productive internal and external working relationships Exercises judgment within defined procedures and practices to determine appropriate action Ability to work independently with minimal supervision Excellent coordination skills and a team player Ability to identify issues and escalate as needed Excellent written and oral communication skills Strong interpersonal and customer service skills Knowledgeable about hardware, software, and network troubleshooting   Understanding of software application use and installation Ability to resolve technical issues under pressure Preferred Qualifications:  Physical Demand & Work Environment: Must have the ability to perform office-related tasks which may include prolonged sitting or standing Must have the ability to move from place to place within an office environment Must be able to use a computer Must have the ability to communicate effectively  Some positions may require occasional repetitive motion or movements of the wrists, hands, and/or fingers Salary Range $27.24 - $45.40 USD (Hourly) Please note that the salary information provided herein is base pay only (gross); it does not include other forms of compensation which may or may not apply to this specific position, namely, performance-based bonuses, benefits-related payments, or other general incentives - none of which are guaranteed, may be subject to specific eligibility requirements, and are wholly within the discretion of Astreya to remit. Further, the salary information noted above is a range that consists of a minimum and maximum rate of pay for this specific position. Where an applicant or employee is placed on this range will depend and be contingent on objective, documented work-related considerations like education, experience, certifications, licenses, preferred qualifications, among other factors. Astreya  offers comprehensive  b enefits to all Regular, Full-Time Employees,   including: Medical provided through UHC (PPO, HSA, Surest options) / Medical provided through Kaiser (HMO option only) for California employees only Dental provided through UHC Nationwide Vision provided by UHC Flexible Spending Account for Health & Dependent Care Pre-Tax Account for Commuter Benefit/Parking & Transit (location-specific) Continuing Education and Professional Development via various integrated platforms, e.g. Udemy and Coursera Corporate Wellness Program provided by Goomi Group Employee Assistance Program Wellness Days 401k Plan Basic and Supplemental Life Insurance Short Term & Long Term Disability Critical Illness, Critical Hospital, and Voluntary Accident Insurance Tuition Reimbursement (available 6 months after start date, capped) Paid Time Off (accrued and prorated, maximum of 120 hours annually) Paid Holidays Any other statutory leaves, paid time, or other ancillary benefits required under state and federal law",30/04/2026,Not Specified,"Denver, CO",Astreya,https://astreya.wd5.myworkdayjobs.com/en-US/life-at-astreya-opportunities/job/Denver-CO/Service-Desk-Specialist-II--Part-Time-_R0015064,Full time
Inventory Technician II,"What this Job Entails:  Inventory Technicians are responsible for providing the Astreya user experience. From order tracking, accessories management, managing hardware and accessory deployment to front line users, conference room maintenance and behind the scenes user setup, Inventory Technicians enable over 70,000 staff around the globe. This is an introductory role to IT services. Scope:  Works on assignments that are moderately difficult, requiring judgment in resolving issues Requires some instruction on new assignments and infrequent checks on daily work Your Roles and Responsibilities: Handle inventory and asset management, conference room preventative maintenance, and e-recycling Support a complex and fast paced environment focused on video conference rooms with outstanding attention to customer satisfaction Help to ensure audio and visual quality, troubleshooting any issues that may arise and any requests from meeting attendees. Deploy and recover laptop and desktop images Perform customer support for over 70,000 users worldwide from IT accessory to workstation dressing Use ticketing systems to report individual work accomplishments and to track Service Level Agreements (SLAs) Utilize Inventory Data management software to maintain inventory accuracy and workflow Contribute to large scale global projects as needed Other duties as required. This list is not meant to be a comprehensive inventory of all responsibilities assigned to this position Required Qualifications/Skills: High school diploma or general education degree (GED) and 2 to 4 years’ related experience and/or training; or equivalent combination of education and experience Exercises judgment within defined procedures and practices to determine appropriate action Excellent written and verbal communications skills Ability to work in a large team with minimal supervision Capable of providing an outstanding user experience Basic Inventory or IT knowledge Ability to excel in a fast paced work environment Ability to make sound decisions when faced with competing priorities Results oriented and can identify the steps to be taken to achieve objectives Preferred Qualifications:  Past business operations exposure Some customer experience background or familiarity  Physical Demand & Work Environment: Ability to lift and carry 50 pounds or more of equipment safely, multiple times per day Must have the ability to perform office-related tasks which may include prolonged sitting or standing Must have the ability to move from place to place within an office environment Must be able to use a computer Must have the ability to communicate effectively  Some positions may require occasional repetitive motion or movements of the wrists, hands, and/or fingers Salary Range $16.44 - $27.40 USD (Hourly) Please note that the salary information provided herein is base pay only (gross); it does not include other forms of compensation which may or may not apply to this specific position, namely, performance-based bonuses, benefits-related payments, or other general incentives - none of which are guaranteed, may be subject to specific eligibility requirements, and are wholly within the discretion of Astreya to remit. Further, the salary information noted above is a range that consists of a minimum and maximum rate of pay for this specific position. Where an applicant or employee is placed on this range will depend and be contingent on objective, documented work-related considerations like education, experience, certifications, licenses, preferred qualifications, among other factors. Astreya  offers comprehensive  b enefits to all Regular, Full-Time Employees,   including: Medical provided through UHC (PPO, HSA, Surest options) / Medical provided through Kaiser (HMO option only) for California employees only Dental provided through UHC Nationwide Vision provided by UHC Flexible Spending Account for Health & Dependent Care Pre-Tax Account for Commuter Benefit/Parking & Transit (location-specific) Continuing Education and Professional Development via various integrated platforms, e.g. Udemy and Coursera Corporate Wellness Program provided by Goomi Group Employee Assistance Program Wellness Days 401k Plan Basic and Supplemental Life Insurance Short Term & Long Term Disability Critical Illness, Critical Hospital, and Voluntary Accident Insurance Tuition Reimbursement (available 6 months after start date, capped) Paid Time Off (accrued and prorated, maximum of 120 hours annually) Paid Holidays Any other statutory leaves, paid time, or other ancillary benefits required under state and federal law",30/04/2026,Not Specified,"Kirkland, WA",Astreya,https://astreya.wd5.myworkdayjobs.com/en-US/life-at-astreya-opportunities/job/Kirkland-WA/Inventory-Technician-II_R0015263,Full time
IT Support Specialist II,"What this Job Entails:  The IT Support Analysts will help in resolving a variety of technical problems. As a member of our IT team you will be responsible for keeping our client's employees productive and secure by providing world class technology support. Scope:  Works on assignments that are moderately difficult, requiring judgment in resolving issues Requires some instruction on new assignments and infrequent checks on daily work Your Roles and Responsibilities: Install, upgrade, and support all company desktops/laptops, printers, and other end-user tech in a primarily Apple environment.  Provide remote IT support to all employees for a wide range of operational tasks, including password resets, access requests, and application support, via Slack, Jira, or email. Provide in-person IT support at our client's Denver City location.  Troubleshoot network connectivity in a LAN/WAN environment and configure end-user devices. Assist with the setup, maintenance, and troubleshooting of Zoom rooms to ensure stability during meetings and presentations.  Configure and manage AV and video conference technology such as Zoom, Chrome Signage, and Envoy, including setup for company all-hands meetings.  Onboard and train new employees on IT applications and security practices. Set up, track, and manage all assigned issues in Jira Service Desk.  Administer cloud services such as G Suite, Slack, Okta, Duo Security, Jira, Office365, and others. Manage and troubleshoot the VOIP telephone system.  Maintain a well-organized inventory and storage system for all IT hardware and software assets. Ensure all client machines meet security protocol standards.  Respond to and resolve user-reported issues in a timely and efficient manner. Troubleshoot and resolve basic networking and connectivity issues.  Escalate complex technical problems to higher-level support teams as necessary.  Contribute to the creation and maintenance of IT documentation and knowledge base articles. Stay up-to-date with the latest technology trends and best practices to provide excellent service. Required Qualifications/Skills: Associate's degree (A.A) or equivalent from two-year college or technical school and 3 to 5 years’ related experience and/or training; or equivalent combination of education and experience  G-suite Administration experience  Simple MDM Experience  Experience supporting Slack Experience supporting and using Okta in an enterprise environment Familiarity with Zoom + Zoom/conference room experience Atlassian (JIRA/Confluence) experience  Experience with documentation of repeatable processes Familiarity with desktop and server operating systems Exceptional interpersonal skills, with a focus on rapport-building, listening, and questioning skills Ability to conduct research into a wide range of computing issues as required Ability to present ideas in a user-friendly manner Analytical and problem solving abilities Exceptional customer service orientation Preferred Qualifications:  Salesforce administration experience Knowledge of various operating systems and databases  Knowledge of various programming languages Physical Demand & Work Environment: Must have the ability to perform office-related tasks which may include prolonged sitting or standing Must have the ability to move from place to place within an office environment Must be able to use a computer Must have the ability to communicate effectively  Some positions may require occasional repetitive motion or movements of the wrists, hands, and/or fingers Salary Range $19.22 - $30.35 USD (Hourly) Please note that the salary information provided herein is base pay only (gross); it does not include other forms of compensation which may or may not apply to this specific position, namely, performance-based bonuses, benefits-related payments, or other general incentives - none of which are guaranteed, may be subject to specific eligibility requirements, and are wholly within the discretion of Astreya to remit. Further, the salary information noted above is a range that consists of a minimum and maximum rate of pay for this specific position. Where an applicant or employee is placed on this range will depend and be contingent on objective, documented work-related considerations like education, experience, certifications, licenses, preferred qualifications, among other factors. Astreya  offers comprehensive  b enefits to all Regular, Full-Time Employees,   including: Medical provided through UHC (PPO, HSA, Surest options) / Medical provided through Kaiser (HMO option only) for California employees only Dental provided through UHC Nationwide Vision provided by UHC Flexible Spending Account for Health & Dependent Care Pre-Tax Account for Commuter Benefit/Parking & Transit (location-specific) Continuing Education and Professional Development via various integrated platforms, e.g. Udemy and Coursera Corporate Wellness Program provided by Goomi Group Employee Assistance Program Wellness Days 401k Plan Basic and Supplemental Life Insurance Short Term & Long Term Disability Critical Illness, Critical Hospital, and Voluntary Accident Insurance Tuition Reimbursement (available 6 months after start date, capped) Paid Time Off (accrued and prorated, maximum of 120 hours annually) Paid Holidays Any other statutory leaves, paid time, or other ancillary benefits required under state and federal law",30/04/2026,Not Specified,"Denver, CO",Astreya,https://astreya.wd5.myworkdayjobs.com/en-US/life-at-astreya-opportunities/job/Denver-CO/IT-Support-Specialist-II_R0015463,Full time
Project Coordinator II,"What this Job Entails:  The Project Coordinator II will plan and coordinate aspects of internal projects from initiation to delivery. Projects often involve network, server, or software implementation and upgrades, PC deployment and the like. Projects may vary in number, size and complexity. Scope:  Works on assignments that are moderately difficult, requiring judgment in resolving issues Requires some instruction on new assignments and infrequent checks on daily work Your Roles and Responsibilities: Gather and maintain project requirement lists. Provides weekly project updates including action item updates. Schedules and coordinates project reviews and follows up on assigned actions. Effectively and accurately communicate status to the project team. Maintains and monitors project plans, project schedules, work hours and expenditures. Assists with identifying project issues, determining the right team member to provide a solution, and/or escalating the issue to the client manager. Takes part in organizing, attending and participating in stakeholder meetings. Documents and follows up on important actions and decisions from meetings. Collaborates with various regional teams responsible for project resources and ticket resolution. Assists with daily monitoring of the ticketing system, reassigning tickets where required. Produces regular reports as required. Assists with identifying trends or recurring problems and escalates to management for resolution. Assists with locating and defining new process improvement opportunities. Develops and maintains knowledge and skills and keeps up-to-date with new processes and procedures. Works closely with SDMs/Project Managers to understand and maintain focus on their analytical needs, including assisting with identifying critical metrics and KPIs, and delivering actionable insights to relevant decision-makers. Other duties as required. This list is not meant to be a comprehensive inventory of all responsibilities assigned to this position Required Qualifications/Skills: Associate's degree (A.A) or equivalent from two-year college or technical school and 2 to 5 years’ related experience and/or training; or equivalent combination of education and experience Builds productive internal and external working relationships Exercises judgment within defined procedures and practices to determine appropriate action Flexibility essential - the role requires both office and remote commitments, as well as being willing to occasionally adjust work hours due to work with regional colleagues. Experience working with Microsoft Excel and Google Suite Excellent Communication skills, both verbal and written Previous experience with ticketing systems and/or project management system Understanding of or previous experience in a technology driven environment Proactive attitude and dependable Excellent customer service skills Ability to work both within a team and independently Ability to multitask and prioritize workload Ability to use good judgment, as well as problem-solving and decision making skills Ability to maintain confidentiality and professional decorum Preferred Qualifications:  Physical Demand & Work Environment: Must have the ability to perform office-related tasks which may include prolonged sitting or standing Must have the ability to move from place to place within an office environment Must be able to use a computer Must have the ability to communicate effectively  Some positions may require occasional repetitive motion or movements of the wrists, hands, and/or fingers",30/04/2026,Not Specified,"Bangalore, India",Astreya,https://astreya.wd5.myworkdayjobs.com/en-US/life-at-astreya-opportunities/job/Bangalore-India/Project-Coordinator-II_R0015448,Full time
Project & Program Management II,"What this Job Entails:  The Project & Program Management II role is responsible for planning and coordinating all aspects of internal information, system-specific projects from initiation to delivery. Projects often involve network, server, or software implementation and upgrades, and PC deployment. The role coordinates work performed by IT staff and internal customers/partners by defining project requirements, performing feasibility and needs/impact assessments. The role develops detailed project plans and manages all implementation processes including resource allocation, progress tracking, monitoring change control process, testing, documentation, training and on-time delivery within budget constraints. Projects may vary in number, size and complexity.  Scope:  Applies company policies and procedures to resolve a variety of issues Works on problems of moderate scope Receives general instructions on routine work and detailed instructions on new projects Your Roles and Responsibilities: Manages multiple, cross-functional and technical projects.  Partner with functional teams during initiation, plan, design, procurement, deployment, and post deployment phases.  Responsible for managing/tracking program milestones, timeline, and overall deliverables.  Engage in creating and maintaining comprehensive project documentation including schedules, reviews, process documents, risk analysis, etc.  Participate in the definition of project scope and objectives, involving all relevant stakeholders and ensuring technical feasibility.  Participate in driving project lifecycle milestones from concept commit through project closure and advocate change management.  Use metrics and KPIs to measure project performance using appropriate tools and techniques, and provide regular status updates.  Participate in internal process improvements; remove gaps, across multiple teams and functions.  Ensure risks are accounted for and provide risk mitigation strategies.  Be a point of contact for vendor partners and internal stakeholders.  Coordinate and assist with regularly scheduled meetings with core teams.  Take an active role in evaluation of post project results against metrics; recommend or implement changes to improve delivery practices/processes.  Other duties as required. This list is not meant to be a comprehensive inventory of all responsibilities assigned to this position. Required Qualifications/Skills: Bachelor’s degree (B.S/B.A) from four-college or university and 2 to 5 years’ related experience and/or training; or equivalent combination of education and experience  Builds productive internal and external working relationships Exercises judgment within defined procedures and practices to determine appropriate action Understanding of project management teams, resolving conflict, and meeting schedule timelines Excellent communication skills (verbal, written, documentation) Ability to work on multiple projects and assignments concurrently Self-starter who is able to quickly learn new tools and gain familiarity with new processes and technologies with minimal assistance Experience creating spreadsheets, presentation material, and project/process documentation Strong observational and analytical skills, including: ability to collect, organize, analyze and disseminate significant amounts of information, strong attention to detail and accuracy, ability to track and report metrics, and manage risks Ability to collaborate with stakeholders and communicate project updates to client executives.  Preferred Qualifications:  Various certifications Change management knowledge  Familiarity with various project management methodologies  Physical Demand & Work Environment: Must have the ability to perform office-related tasks which may include prolonged sitting or standing Must have the ability to move from place to place within an office environment Must be able to use a computer Must have the ability to communicate effectively  Some positions may require occasional repetitive motion or movements of the wrists, hands, and/or fingers",30/04/2026,Not Specified,"Remote, Singapore",Astreya,https://astreya.wd5.myworkdayjobs.com/en-US/life-at-astreya-opportunities/job/Remote-Singapore/Project---Program-Management-II_R0015447-1,Full time
Mulesoft Architecture Engineer III,"Overview We are seeking a MuleSoft Architect / Technical Lead to support a major enterprise-wide GIS modernization and standardization program for a leading gas & electric utility. This role focuses on designing and leading integration architecture that enables GIS platforms to support critical utility operations including infrastructure planning, emergency response, and asset management. This is a hybrid role in Oakland, CA requiring 2–3 days onsite per week. Key Responsibilities ·       Lead enterprise integration architecture supporting GIS modernization initiatives ·       Design API-led connectivity frameworks integrating GIS platforms with enterprise systems ·       Architect integrations across GIS, asset management, outage management, and work management systems ·       Provide technical leadership and governance for MuleSoft development teams ·       Define standards for API design, DataWeave transformations, and event-driven architecture ·       Ensure high availability, scalability, and performance of GIS-related integrations ·       Implement secure integrations aligned with utility regulatory standards (e.g., NERC CIP) ·       Oversee CI/CD pipelines and deployment strategies for MuleSoft environments ·       Collaborate with enterprise architects and GIS stakeholders to align technology strategy ·       Drive root cause analysis, performance optimization, and system reliability improvements Required Qualifications ·       8–12+ years of experience in enterprise integration or architecture roles ·       5+ years of MuleSoft Anypoint Platform experience (Mule 4) ·       Strong experience with API-led connectivity and enterprise integration patterns ·       Experience integrating GIS platforms (e.g., Esri ArcGIS or similar) ·       Experience working in highly regulated industries (utilities, energy, etc.) ·       Strong understanding of integration security and compliance ·       Proven experience leading technical teams and architectural decisions Preferred Qualifications ·       Experience with utility systems including SCADA, outage management, and asset management ·       Familiarity with NERC CIP or similar regulatory frameworks ·       Experience with cloud platforms (AWS, Azure, GCP) ·       Knowledge of event-driven and streaming architectures ·       MuleSoft certifications (Integration Architect preferred)   Key Skills ·       Enterprise Integration Architecture ·       MuleSoft Anypoint Platform ·       API Governance & Lifecycle Management ·       DataWeave Transformations ·       Security & Compliance ·       CI/CD & DevOps ·       Monitoring & Observability   Work Environment ·       Location: Oakland, CA ·       Schedule: Hybrid (2–3 days onsite) ·       Industry: Gas & Electric Utility   What Success Looks Like ·       Successful delivery of GIS modernization integration architecture ·       Reliable and scalable integrations supporting critical utility operations ·       Strong adoption of API standards and governance ·       High-performing MuleSoft team with strong technical leadership Salary Range $98,040.00 - $154,800.00 USD (Salary) Please note that the salary information provided herein is base pay only (gross); it does not include other forms of compensation which may or may not apply to this specific position, namely, performance-based bonuses, benefits-related payments, or other general incentives - none of which are guaranteed, may be subject to specific eligibility requirements, and are wholly within the discretion of Astreya to remit. Further, the salary information noted above is a range that consists of a minimum and maximum rate of pay for this specific position. Where an applicant or employee is placed on this range will depend and be contingent on objective, documented work-related considerations like education, experience, certifications, licenses, preferred qualifications, among other factors. Astreya  offers comprehensive  b enefits to all Regular, Full-Time Employees,   including: Medical provided through UHC (PPO, HSA, Surest options) / Medical provided through Kaiser (HMO option only) for California employees only Dental provided through UHC Nationwide Vision provided by UHC Flexible Spending Account for Health & Dependent Care Pre-Tax Account for Commuter Benefit/Parking & Transit (location-specific) Continuing Education and Professional Development via various integrated platforms, e.g. Udemy and Coursera Corporate Wellness Program provided by Goomi Group Employee Assistance Program Wellness Days 401k Plan Basic and Supplemental Life Insurance Short Term & Long Term Disability Critical Illness, Critical Hospital, and Voluntary Accident Insurance Tuition Reimbursement (available 6 months after start date, capped) Paid Time Off (accrued and prorated, maximum of 120 hours annually) Paid Holidays Any other statutory leaves, paid time, or other ancillary benefits required under state and federal law",29/04/2026,Not Specified,"Oakland, CA",Astreya,https://astreya.wd5.myworkdayjobs.com/en-US/life-at-astreya-opportunities/job/Oakland-CA/Mulesoft-Architecture-Engineer-III_R0015361,Full time
Automation Specialist/AI Developer (AWS and Bedrock focused),"We are seeking a highly skilled Automation Specialist to design, build, and scale intelligent automation solutions across enterprise systems. This role focuses on AWS cloud services and AI-driven automation using Amazon Bedrock to improve efficiency, reduce manual effort, and enable scalable workflows. Key Responsibilities ·         Design, develop, and implement end-to-end automation solutions across business and IT workflows ·         Analyze processes to identify automation opportunities and drive efficiency improvements ·         Build reusable automation frameworks for enterprise adoption ·         Develop cloud-native solutions using AWS services (Lambda, Step Functions, S3, API Gateway, EventBridge) ·         Implement Infrastructure as Code using CloudFormation or Terraform ·         Design AI-powered automation using Amazon Bedrock and LLM workflows ·         Develop prompt engineering strategies and optimize AI models ·         Integrate automation solutions with enterprise systems (ERP, CRM, ITSM) ·         Build APIs and event-driven architectures for system connectivity ·         Implement monitoring, logging, and alerting for automation workflows ·         Ensure security, governance, and compliance standards are met ·         Develop automation solutions that reduce manual effort and operational costs ·         Build scalable, cloud-native workflows deployed across the enterprise ·         Achieve strong stakeholder adoption and measurable business impact Required Qualifications ·         5–8+ years of experience in automation engineering, RPA, or process automation ·         Strong experience designing enterprise automation solutions ·         Hands-on experience with AWS cloud services ·         Experience with Amazon Bedrock or similar AI/LLM platforms, including a successful implementation of AI-driven automation using Bedrock ·         Proficiency in Python, Java, or similar programming languages ·         Experience with API development and system integrations ·         Familiarity with event-driven and microservices architectures Preferred Qualifications ·         Experience with RPA tools (UiPath, Automation Anywhere, Blue Prism) ·         Knowledge of DevOps practices (CI/CD, Git, containerization) ·         Experience with data processing or ETL pipelines ·         Exposure to enterprise platforms (ServiceNow, SAP, Oracle) ·         Understanding of AI/ML lifecycle and deployment ·         Experience working in Agile/Scrum environments Key Skills ·         Intelligent Automation & RPA ·         AWS Cloud Architecture ·         AI/LLM Integration (Bedrock) ·         API & Systems Integration ·         Process Optimization & Workflow Design ·         Scripting & Development (Python preferred) ·         Monitoring & Observability Soft Skills ·         Strong problem-solving and analytical mindset ·         Ability to work cross-functionally with technical and business stakeholders ·         Clear communication and documentation skills ·         Self-driven and adaptable in fast-paced environments Salary Range $63.58 - $100.38 USD (Hourly) Please note that the salary information provided herein is base pay only (gross); it does not include other forms of compensation which may or may not apply to this specific position, namely, performance-based bonuses, benefits-related payments, or other general incentives - none of which are guaranteed, may be subject to specific eligibility requirements, and are wholly within the discretion of Astreya to remit. Further, the salary information noted above is a range that consists of a minimum and maximum rate of pay for this specific position. Where an applicant or employee is placed on this range will depend and be contingent on objective, documented work-related considerations like education, experience, certifications, licenses, preferred qualifications, among other factors. Astreya  offers comprehensive  b enefits to all Regular, Full-Time Employees,   including: Medical provided through UHC (PPO, HSA, Surest options) / Medical provided through Kaiser (HMO option only) for California employees only Dental provided through UHC Nationwide Vision provided by UHC Flexible Spending Account for Health & Dependent Care Pre-Tax Account for Commuter Benefit/Parking & Transit (location-specific) Continuing Education and Professional Development via various integrated platforms, e.g. Udemy and Coursera Corporate Wellness Program provided by Goomi Group Employee Assistance Program Wellness Days 401k Plan Basic and Supplemental Life Insurance Short Term & Long Term Disability Critical Illness, Critical Hospital, and Voluntary Accident Insurance Tuition Reimbursement (available 6 months after start date, capped) Paid Time Off (accrued and prorated, maximum of 120 hours annually) Paid Holidays Any other statutory leaves, paid time, or other ancillary benefits required under state and federal law",29/04/2026,Not Specified,2 Locations,Astreya,https://astreya.wd5.myworkdayjobs.com/en-US/life-at-astreya-opportunities/job/Oakland-CA/Automation-Specialist-AI-Developer--AWS-and-Bedrock-focused-_R0015382,Full time
Hardware Support Technician II,"What this Job Entails:  The Hardware Support Technician II provides procurement, inventory management, asset management, distribution and logistics services for pre-market consumer electronics across the globe. The role also provides technical assistance to ensure the products are getting shipped with the right image. The person in this role works with cutting edge technology and pre-market consumer electronics. Scope:  Works on assignments that are moderately difficult, requiring judgment in resolving issues Requires some instruction on new assignments and infrequent checks on daily work ​ Your Roles and Responsibilities: Participates with inventory and asset management including receipt and disposition of hardware Documents all defects of pre-mass production hardware and/or software Performs hardware reworks (e.g., swapping out boards/chips, removing write-protect screws, etc.) Performs software reworks (e.g., imaging devices to different builds; wipe data, rewrite system hardware ID’s, etc.) Conducts servo flashing, firmware upgrade, flashing unsigned images Resolves support tickets on device issues Provides technical support during events (travel often required) Other duties as required. This list is not meant to be a comprehensive inventory of all responsibilities assigned to this position ​ Required Qualifications/Skills: High school diploma or general education degree (GED) 2 to 5 years’ related experience and/or training; or equivalent combination of education and experience IT savvy and interested in new technologies Knowledgeable about inventory, and comfortable in an IT inventory environment Capable of following technical instructions to flash drives, image devices and re-write hardware IDs Excellent communicator in both written and verbal English Ability to work in a team Ability to excel in a fast paced work environment. Ability to learn new things and adapt to a changing environment quickly Strong organization skills, and able to identify the steps to be taken to achieve objectives Preferred Qualifications:  Data experience Excel experience   ​ Physical Demand & Work Environment: Must have the ability to perform office-related tasks which may include prolonged sitting or standing Must have the ability to move from place to place within an office environment Must be able to use a computer Must have the ability to communicate effectively  Some positions may require occasional repetitive motion or movements of the wrists, hands, and/or fingers ​ What can Astreya offer you? Employment in the fast-growing IT space providing you with a variety of career options Opportunity to work with some of the biggest firms in the world as part of the Astreya delivery network Introduction to new ways of working and awesome technologies Career paths to help you establish where you want to go Focus on internal promotion and internal mobility - we love to build teams from within Free 24/7 accessible Professional Development through LinkedIn Learning and other online courses to give you opportunities to upskill at your own pace Education Assistance Dedicated management to provide you with on point leadership and care Numerous on the job perks Market competitive compensation and insurance, health and wellness benefits  Salary Range $19.22 - $30.35 USD (Hourly) Please note that the salary information provided herein is base pay only (gross); it does not include other forms of compensation which may or may not apply to this specific position, namely, performance-based bonuses, benefits-related payments, or other general incentives - none of which are guaranteed, may be subject to specific eligibility requirements, and are wholly within the discretion of Astreya to remit. Further, the salary information noted above is a range that consists of a minimum and maximum rate of pay for this specific position. Where an applicant or employee is placed on this range will depend and be contingent on objective, documented work-related considerations like education, experience, certifications, licenses, preferred qualifications, among other factors. Astreya  offers comprehensive  b enefits to all Regular, Full-Time Employees,   including: Medical provided through UHC (PPO, HSA, Surest options) / Medical provided through Kaiser (HMO option only) for California employees only Dental provided through UHC Nationwide Vision provided by UHC Flexible Spending Account for Health & Dependent Care Pre-Tax Account for Commuter Benefit/Parking & Transit (location-specific) Continuing Education and Professional Development via various integrated platforms, e.g. Udemy and Coursera Corporate Wellness Program provided by Goomi Group Employee Assistance Program Wellness Days 401k Plan Basic and Supplemental Life Insurance Short Term & Long Term Disability Critical Illness, Critical Hospital, and Voluntary Accident Insurance Tuition Reimbursement (available 6 months after start date, capped) Paid Time Off (accrued and prorated, maximum of 120 hours annually) Paid Holidays Any other statutory leaves, paid time, or other ancillary benefits required under state and federal law",29/04/2026,Not Specified,"Mountain View, CA",Astreya,https://astreya.wd5.myworkdayjobs.com/en-US/life-at-astreya-opportunities/job/Mountain-View-CA/Hardware-Support-Technician-II_R0015452,Full time
Field Services Technician I,"Key Deliverables by Level Deliverable Level 1 - Associate Field Services Technician I Respond to IT service tickets using documented procedures and supervision  Assist with workstation setups and peripheral connections Perform basic AV checks and room readiness tasks  Support imaging and deployments under direction Maintain accurate ticket documentation in ITSM tools (e.g., ServiceNow)  Follow proper inventory handling, tagging, and tracking Escalate unresolved issues appropriately Adhere to safety protocols and client-specific guidelines Essential Duties and Responsibilities (All Levels):  End-User Support Provide onsite and remote technical support for end users, including desktops, laptops, peripherals, and mobile devices. Troubleshoot and resolve common hardware and software issues. Deliver a high-quality, customer-focused service experience in a timely manner. Ticket Management Receive, document, and close support requests in ITSM tools (e.g., ServiceNow). Prioritize tickets based on urgency and impact. Escalate complex or unresolved issues following defined protocols. Hardware Deployment & Recovery Assist with or independently perform workstation deployments, device imaging, and equipment setup. Support device recovery, re-imaging, and e-waste processes according to lifecycle guidelines. Ensure accurate labeling, tagging, and asset tracking for all deployed equipment. Inventory & Asset Management Maintain and reconcile inventory of IT equipment and accessories at assigned site. Use asset tracking systems to manage device records, check-ins/outs, and stock levels. Participate in regular audits and support logistics for shipping/receiving hardware. AV & Conference Room Support Perform regular checks and basic troubleshooting of AV equipment (displays, microphones, cameras). Set up and tear down conference room tech for meetings or events. Support room readiness, monitor usage, and report or resolve AV issues. Documentation & Process Compliance Follow documented processes and standard operating procedures (SOPs) for all support tasks. Maintain clear and concise documentation for resolutions, escalations, and asset updates. Adhere to Astreya and client-specific protocols, including change and incident management.  Customer Service & Communication Serve as a visible, approachable point of contact for IT-related issues at the site. Communicate effectively with users to understand issues and set clear service expectations. Represent Astreya’s service commitment with professionalism and courtesy. Education and/or Work Experience Requirements:  Level I Required: High School Diploma or GED Preferred: Enrollment in IT-related coursework or vocational training Certifications (plus): CompTIA A+ Google IT Support Certificate or similar entry-level credential Certifications CompTIA A+ and/or Network+ ITIL Foundation AVIXA CTS (for AV specialization track) JAMF, Apple Certified Support Professional (ACSP), or MDM tools (for DSS specialization) Knowledge, Skills & Abilities (KSAs): Technical: Knowledge of Windows 10/11, macOS, and basic Linux environments Ability to troubleshoot, repair, and deploy desktops, laptops, and peripherals Familiarity with mobile device platforms (iOS, Android) and basic MDM concepts Understanding of AV/VC systems (Zoom, Meet, Webex) and conference room technology Basic knowledge of networking concepts (IP, DNS, DHCP, connectivity troubleshooting) Proficiency with ITSM/ticketing platforms (e.g., ServiceNow, Jira) Ability to image and deploy devices using tools like SCCM, JAMF, or MDT Experience with inventory and asset tracking tools for lifecycle management Awareness of IT security best practices and safe handling of equipment Ability to follow standard operating procedures (SOPs) and technical documentation Soft Skills: Strong verbal and written communication skills for working with end users Excellent customer service orientation and active listening Effective time management and ability to prioritize multiple tasks Strong problem-solving and analytical thinking in fast-paced environments Ability to collaborate with teammates and cross-functional teams High level of professionalism, reliability, and accountability Adaptability to changing technologies, priorities, and client environments Self-motivated with the ability to take initiative and follow through Competency  Hardware Support & Troubleshooting Follow basic procedures Independently diagnoses and resolves issues. OS & Platform Knowledge Supports Windows/macOS basics Supports and configures multiple OS platforms Mobile & Endpoint Management Basic support for mobile devices MDM exposure, configures and supports endpoints AV/VC Systems Performs room checks, reports issues Troubleshoots AV problems and supports meetings Networking Fundamentals Understands connectivity basics Diagnoses common network-related issues Imaging & Deployment Assists with imaging Performs full device imaging and deployments Inventory & Asset Management Tags and tracks equipment Manages and reconciles inventory independently ITSM & Ticket Management Updates and closes tickets Owns queue, manages SLAs, escalates as needed Physical Requirements:  Lifting & Carrying: Must be able to regularly lift and carry up to 50 lbs (22 kg) Includes monitors, CPUs, AV equipment, and other IT hardware Mobility & Posture: Frequent standing, walking, bending, kneeling, crouching, and reaching May require working in tight or awkward spaces (e.g., under desks, behind racks) Manual Dexterity: Ability to use hands and fingers to handle, install, or adjust small components and cables Use of standard IT tools (e.g., screwdrivers, cable testers, label printers) Vision & Focus: Close vision required for reading device labels, part numbers, and screen details Must be able to focus on a computer screen for extended periods Work Environment: Work performed primarily in office, data center, and/or AV-equipped conference rooms Exposure to electric components, server noise, and climate-controlled spaces Onsite Requirements: This is a 100% onsite role; presence during working hours is mandatory Occasional local travel may be required (for multi-building campuses or nearby sites)",29/04/2026,Not Specified,"London, United Kingdom",Astreya,https://astreya.wd5.myworkdayjobs.com/en-US/life-at-astreya-opportunities/job/London-United-Kingdom/Field-Services-Technician-I_R0015006,Full time
Network Operations Engineer III,"What this Job Entails:  The Network Operations Engineer III is a senior-level role that focuses on the operation, maintenance, and troubleshooting of both optical and IP networks. This position demands a high degree of independence, accuracy, and attention to detail. The engineer will address a wide range of complex network issues, working on diverse problems with minimal supervision. This role requires a deep understanding of optical and IP networking, hardware technologies, and network management tools. Scope:  Resolve a wide range of network issues creatively and effectively. Monitor the performance and health of optical and IP networks using advanced network management tools. Tackle diverse and complex problems, applying sound judgment and innovative solutions. Operate with minimal guidance on daily tasks, requiring only general instructions for new assignments. Troubleshoot and resolve network issues to ensure minimal downtime and service disruptions. Your Roles and Responsibilities: Network Management: Manage and optimise hardware technologies to maintain network performance and capacity.  Engage in day-to-day troubleshooting, working with multiple vendor equipment, and resolving various software and hardware issues. Issue Resolution: Address network traffic issues and respond to queries raised by XFNs and partners. Collaborate with XFNs and vendors to resolve network-related problems promptly and effectively. Conduct root cause analysis for network outages, providing detailed reports and solutions. Cross-functional Collaboration: Work closely with service providers, colocation facilities, and XFNs globally, ensuring seamless network operations. Support network infrastructure projects and collaborate with cross-functional teams on new network initiatives. Additional Duties:  Take on other duties as required, contributing to the overall success and reliability of the network infrastructure. Required Qualifications/Skills: Bachelor’s degree (B.S/B.A) from a four-year college or university, with 5 to 8 years of related experience and/or training; or an equivalent combination of education and experience. Proven experience in optical networking (DWDM, CWDM) and IP networking (IPv4/IPv6, MPLS, BGP, OSPF). Strong judgment in selecting appropriate methods and techniques for obtaining network solutions. Comprehensive understanding of fiber-optic technology, including cable types, connector types, optic types, patch panels, and optical transport technologies. Experience in preparing root cause analysis reports for network and server outages. Strong communication skills, capable of effectively working with global service providers, colocation facilities, and ISPs. Preferred Qualifications:  Experience working in a multi-vendor network environment. Relevant network certifications such as CCNP, NCIP, OCA, or equivalent. Physical Demand & Work Environment: Ability to perform office-related tasks, including prolonged sitting or standing. Capability to move within an office environment and effectively use a computer. Must have strong communication skills for effective collaboration and coordination. Occasional repetitive motions of the wrists, hands, and/or fingers may be required. This position offers the opportunity to work independently on complex network operations tasks while playing a critical role in maintaining and optimizing a global network infrastructure.",29/04/2026,Not Specified,"Kuala Lumpur, Malaysia",Astreya,https://astreya.wd5.myworkdayjobs.com/en-US/life-at-astreya-opportunities/job/Kuala-Lumpur-Malaysia/Network-Operations-Engineer-III_R0015457,Full time
Network Operations Engineer II,"What this Job Entails: The Network Operations Engineer II is a network support engineer for managing and troubleshooting Network Production environments. This position requires the ability to work independently with a high level of accuracy and attention to detail. Scope:  Applies company policies and procedures to resolve a variety of issues Works on problems of moderate scope Receives general instructions on routine work and detailed instructions on new projects Your Roles and Responsibilities: Participate in production network and internet peering strategies Experience with networking technologies relative to content delivery network, monitoring capacity and peering traffic. Day-to-day activities involve working on multiple vendor servers and various software and hardware issues Handle traffic and any other queries raised by ISP/partners Support team in handling network and traffic peering for any incidents such as input errors, CRC, Capacity, Routing, Protocol, etc.  Knowledgable in troubleshooting of optical (DWDM, CWDM) and IP network components. Working with multiple TAC vendors to fix the hardware issues Work with ISP/vendors on fixing any issues related to network  Participate in 24/7 support with other teams across the globe. Some weekend work may be required.  Other duties as required. This list is not meant to be a comprehensive inventory of all responsibilities assigned to this position. Required Qualifications/Skills: Bachelor’s degree (B.S/B.A) from four-college or university and 2+ years’ related experience and/or training; or equivalent combination of education and experience  Builds productive internal and external working relationships Exercises judgment within defined procedures and practices to determine appropriate action Understanding of network and traffic peering Understanding of fiber-optic technology including cable types, connector types, optic types, patch panels, and optical transport technologies will be advantages. Understanding of preparing root cause analysis for any network and server outages.   Strong communication skills, including the ability to work with service providers, colocation facilities, and ISPs around the world Good understanding of:  IP networking concepts (IPv4/IPv6, BGP, OSPF, MPLS)  Optical technologies (e.g., DWDM, CWDM, fiber types, optical modules) Knowledgeable on Layer 1 troubleshooting. Preferred Qualifications:  Experience working in a multi-vendor network environment.  Network certifications. CCNP/JNCIP preferred",29/04/2026,Not Specified,"Kuala Lumpur, Malaysia",Astreya,https://astreya.wd5.myworkdayjobs.com/en-US/life-at-astreya-opportunities/job/Kuala-Lumpur-Malaysia/Network-Operations-Engineer-II_R0015458,Full time
Senior IT Support Analyst,"What this Job Entails:  This is a senior-level IT support role embedded at a high-profile enterprise client site in London. The day-to-day is hands-on end-user support (walk-up troubleshooting, device management, mobile support, connectivity, AV) delivered at a consistently high standard to a discerning user base. Beyond that, the role carries real expectations around automation, scripting, and AI-assisted productivity. You won't be handed a script library to run. You'll be expected to build and improve processes alongside your support work. The right person for this role is equally comfortable fielding a question about MFA setup or a slow laptop as they are writing a PowerShell script to automate a provisioning task. Both matter here. Core Responsibilities:   - Serve as the primary on-site IT support resource for approximately 120    employees across in-office and remote work arrangements. This includes    walk-up support, ticket-based requests, and proactive outreach on known    issues. - Troubleshoot and resolve hardware and software issues across Windows    and macOS platforms, Microsoft 365, mobile devices (iOS and Android),    printers, and peripherals. Problems come in fast and range from basic to    genuinely complex. - Manage mobile device provisioning, configuration, and support for both    iOS and Android in a corporate MDM environment. - Support end users on collaboration workflows across Teams, SharePoint,    OneDrive, Exchange Online, and related M365 tools, not just break/fix, but    helping people use the platform effectively. - Handle IT asset lifecycle tasks: deployment, recovery, configuration    tracking, and documentation in ServiceNow. - Support audio-visual equipment setup, troubleshooting, and maintenance    across conference rooms and event spaces. Expected to operate AV systems    independently when needed. - Perform IT setup, support, and breakdown for large meetings and    on-site events. - Write and maintain documentation for recurring processes, known    issues, and standard procedures in a usable format that the team can    actually rely on. Automation, Scripting, and AI: - Write and maintain PowerShell scripts to automate routine tasks:    provisioning, reporting, account management, and similar. This is not a    once-a-quarter ask, it's an ongoing expectation. - Build and maintain workflows using Power Automate to reduce manual    overhead in common processes. - Use AI tools (Copilot, ChatGPT, or Claude) as a practical part of your    workflow, for documentation, troubleshooting research, script generation,    and helping end users adopt AI-assisted tools in their own work. - Maintain working familiarity with Power BI for operational reporting:    ticket data, asset inventory, service metrics. What We're Looking For: - 7-9 years of enterprise IT support experience with demonstrated    progression in complexity and ownership. - Deep, hands-on troubleshooting experience across Windows and macOS in    an enterprise environment. Mac support is not optional here, it's a daily    reality. - Strong M365 platform knowledge: Entra ID, Intune, Exchange Online,    Teams, SharePoint. - Hands-on scripting experience in PowerShell. Able to write,    troubleshoot, and maintain scripts independently. - Working knowledge of Power Automate and comfort with Power BI. - Demonstrated use of AI tools in a professional context for    productivity, documentation, or support work.  - Experience supporting iOS and Android devices in a corporate MDM    environment.  - Proficiency with audio-visual systems in a corporate setting:    conferencing platforms, display hardware, room systems.  - ServiceNow experience for incident management, service requests, and    asset tracking.  - ITIL Foundation or equivalent. Microsoft certifications (MD-102,    MS-900, or higher) preferred.  - Excellent written and verbal English communication. This role    interfaces directly with senior professionals and requires someone who    represents the team well in every interaction. Preferred: - Azure fundamentals or exposure to cloud infrastructure concepts. - Experience in an outsourced managed services environment. - KCS or knowledge management certification.",28/04/2026,Not Specified,"London, United Kingdom",Astreya,https://astreya.wd5.myworkdayjobs.com/en-US/life-at-astreya-opportunities/job/London-United-Kingdom/Senior-IT-Support-Analyst_R0015357,Full time
Software Developer I,"Job Description We are seeking a Workday HCM with 2–3 years of functional experience to support configuration, enhancement, and troubleshooting activities across Workday HCM modules. The ideal candidate will possess strong HR process understanding, hands-on Workday configuration skills, and the ability to collaborate effectively with HR, IT, and cross-functional teams. Key Responsibilities: Provide functional and configuration support across Core HCM and other HCM modules (Recruiting, Absence, Time Tracking, Talent & Performance, Compensation, etc.). Analyze and resolve Workday-related issues, ensuring minimal business disruption. Support HR users through ticket management, root-cause analysis, and incident resolution. Assist in configuring business processes, condition rules, security roles, and notifications. Create and update calculated fields, maintain supervisory organizations, and support data changes. Participate in Workday releases—impact analysis, testing, and deployment activities. Build and maintain Workday reports (Simple, Advanced, Matrix) based on business needs. Support HR and business teams with data audits, validations, and compliance checks. Prepare and execute unit and regression test cases. Support UAT by coordinating with business users. Document configuration changes, process flows, and training materials.",28/04/2026,Not Specified,"Hyderabad, India",Astreya,https://astreya.wd5.myworkdayjobs.com/en-US/life-at-astreya-opportunities/job/Hyderabad-India/Software-Developer-I_R0015182,Full time
Project Coordinator II,"What this Job Entails:  The Project Coordinator II will plan and coordinate aspects of internal projects from initiation to delivery. Projects often involve network, server, or software implementation and upgrades, PC deployment and the like. Projects may vary in number, size and complexity. Scope:  Works on assignments that are moderately difficult, requiring judgment in resolving issues Requires some instruction on new assignments and infrequent checks on daily work Your Roles and Responsibilities: Gather and maintain project requirement lists. Provides weekly project updates including action item updates. Schedules and coordinates project reviews and follows up on assigned actions. Effectively and accurately communicate status to the project team. Maintains and monitors project plans, project schedules, work hours and expenditures. Assists with identifying project issues, determining the right team member to provide a solution, and/or escalating the issue to the client manager. Takes part in organizing, attending and participating in stakeholder meetings. Documents and follows up on important actions and decisions from meetings. Collaborates with various regional teams responsible for project resources and ticket resolution. Assists with daily monitoring of the ticketing system, reassigning tickets where required. Produces regular reports as required. Assists with identifying trends or recurring problems and escalates to management for resolution. Assists with locating and defining new process improvement opportunities. Develops and maintains knowledge and skills and keeps up-to-date with new processes and procedures. Works closely with SDMs/Project Managers to understand and maintain focus on their analytical needs, including assisting with identifying critical metrics and KPIs, and delivering actionable insights to relevant decision-makers. Other duties as required. This list is not meant to be a comprehensive inventory of all responsibilities assigned to this position Required Qualifications/Skills: Associate's degree (A.A) or equivalent from two-year college or technical school and 2 to 5 years’ related experience and/or training; or equivalent combination of education and experience Builds productive internal and external working relationships Exercises judgment within defined procedures and practices to determine appropriate action Flexibility essential - the role requires both office and remote commitments, as well as being willing to occasionally adjust work hours due to work with regional colleagues. Experience working with Microsoft Excel and Google Suite Excellent Communication skills, both verbal and written Previous experience with ticketing systems and/or project management system Understanding of or previous experience in a technology driven environment Proactive attitude and dependable Excellent customer service skills Ability to work both within a team and independently Ability to multitask and prioritize workload Ability to use good judgment, as well as problem-solving and decision making skills Ability to maintain confidentiality and professional decorum Physical Demand & Work Environment: Must have the ability to perform office-related tasks which may include prolonged sitting or standing Must have the ability to move from place to place within an office environment Must be able to use a computer Must have the ability to communicate effectively  Some positions may require occasional repetitive motion or movements of the wrists, hands, and/or fingers",28/04/2026,Not Specified,"Manila, Philippines",Astreya,https://astreya.wd5.myworkdayjobs.com/en-US/life-at-astreya-opportunities/job/Manila-Philippines/Project-Coordinator-II_R0015303,Full time
Program Manager III,"What this Job Entails:  The Project & Program Management III role is responsible for planning and coordinating all aspects of internal information, system-specific projects from initiation to delivery. Projects often involve network, server, or software implementation and upgrades, and PC deployment. The role coordinates work performed by IT staff and internal customers/partners by defining project requirements, performing feasibility and needs/impact assessments. The role develops detailed project plans and manages all implementation processes including resource allocation, progress tracking, monitoring change control process, testing, documentation, training and on-time delivery within budget constraints. Projects may vary in number, size and complexity.  Scope:  Resolves a wide range of issues in creative ways Seasoned, experienced professional with a full understanding of their speciality Works on problems of a diverse scope  Receives little instruction on day to day work, general instruction on new assignments Your Roles and Responsibilities: Manages multiple, complex, cross-functional and technical projects.  Partner with functional teams during initiation, plan, design, procurement, deployment, and post deployment phases.  Responsible for managing/tracking program milestones, timeline, and overall deliverables.  Engage in creating and maintaining comprehensive project documentation including schedules, reviews, process documents, risk analysis, etc.  Define project scope and objectives, involving all relevant stakeholders and ensuring technical feasibility.  Drive the project lifecycle milestones from concept commit through project closure and advocate change management.  Use metrics and KPIs to measure project performance using appropriate tools and techniques, and provide regular status updates.  Responsible for internal process improvements; remove gaps, across multiple teams and functions.  Ensure risks are accounted for and provide risk mitigation strategies.  Primary project point of contact for vendor partners and internal stakeholders.  Coordinate and assist with regularly scheduled meetings with core teams.  Evaluate post project results against metrics; recommend or implement changes to improve delivery practices/processes.  Other duties as required. This list is not meant to be a comprehensive inventory of all responsibilities assigned to this position Required Qualifications/Skills: Bachelor’s degree (B.S/B.A) from four-college or university and 5 to 8 years’ related experience and/or training; or equivalent combination of education and experience  Networks with senior internal and external personnel in own area of expertise Demonstrates good judgment in selecting methods and techniques for obtaining solutions Experience working with project management teams, resolving conflict, and meeting schedule timelines Excellent communication skills (verbal, written, documentation) Ability to work on multiple projects and assignments concurrently Self-starter who is able to quickly learn new tools and gain familiarity with new processes and technologies with minimal assistance In-depth experience creating spreadsheets, presentation material, and project/process documentation Strong observational and analytical skills, including: ability to collect, organize, analyze and disseminate significant amounts of information, strong attention to detail and accuracy, ability to track and report metrics, and manage risks Proven ability to collaborate with stakeholders and communicate project updates to client executives. Familiarity with various project management methodologies  Preferred Qualifications:  Various certifications Change management knowledge  Physical Demand & Work Environment: Must have the ability to perform office-related tasks which may include prolonged sitting or standing Must have the ability to move from place to place within an office environment Must be able to use a computer Must have the ability to communicate effectively  Some positions may require occasional repetitive motion or movements of the wrists, hands, and/or fingers",26/04/2026,Not Specified,"Remote, Mexico",Astreya,https://astreya.wd5.myworkdayjobs.com/en-US/life-at-astreya-opportunities/job/Remote-Mexico/Program-Manager-III_R0015428,Full time
Testing Engineer IV - PCIe,"About the Role:   We are seeking an experienced and highly technical Hardware Verification & Validation Engineer to drive the end-to-end testing of our cutting-edge ASIC designs. In this dynamic role, you will bridge the gap between pre-silicon verification and post-silicon lab validation. You will architect robust UVM testbenches for next-generation PCIe interfaces and lead hands-on silicon bring-up in the lab. If you have deep expertise in high-speed IO and thrive in cross-functional debugging environments, we want you on our team.   Key Responsibilities: Pre-Silicon Verification (PCIe Focus) Verification Planning:  Architect and execute comprehensive verification plans for PCIe Switch, Root Complex, and Endpoint configurations. Testbench Development:  Build and scale UVM-based environments from scratch to rigorously test complex PCIe protocol behaviors, including LTSSM transitions and link training. Performance Verification:  Leverage advanced simulation and emulation platforms to ensure high-performance throughput and strict protocol compliance across PCIe Gen 4, Gen 5, and Gen 6. Cross-Functional Debug:  Partner closely with RTL design, architecture, and software teams to root-cause and rapidly resolve functional failures.   Key Responsibilities: Post-Silicon Validation & Labs Silicon Bring-up:  Lead the initial power-on, initialization, and functional testing of high-speed IO interfaces, with a specific focus on PCIe Gen 5/6. Lab Validation:  Utilize high-end laboratory equipment—including oscilloscopes, Bit Error Rate Testers (BERTs), and protocol analyzers—to validate electrical and functional correctness. Failure Analysis:  Reproduce complex silicon bugs in a physical lab environment and perform deep root-cause analysis to remediate hardware issues. Validation Automation:  Develop and maintain robust automation frameworks using Python or C++ to streamline large-scale validation workflows and data collection.   Qualifications Education:  BS or MS in Electrical Engineering, Computer Engineering, or a closely related technical field. Experience:  6–8+ years of hands-on, proven experience in ASIC development, pre-silicon verification, or post-silicon system validation. Protocol Expertise:  In-depth, structural knowledge of all PCIe protocol layers (Physical, Data Link, and Transaction). Programming Skills:  Strong coding proficiency in Python, C/C++, and SystemVerilog. Tools & Environments:  Solid familiarity with Linux environments and standard hardware debugging tools (e.g., JTAG, GDB, Trace32). Salary Range $98,040.00 - $154,800.00 USD (Salary) Please note that the salary information provided herein is base pay only (gross); it does not include other forms of compensation which may or may not apply to this specific position, namely, performance-based bonuses, benefits-related payments, or other general incentives - none of which are guaranteed, may be subject to specific eligibility requirements, and are wholly within the discretion of Astreya to remit. Further, the salary information noted above is a range that consists of a minimum and maximum rate of pay for this specific position. Where an applicant or employee is placed on this range will depend and be contingent on objective, documented work-related considerations like education, experience, certifications, licenses, preferred qualifications, among other factors. Astreya  offers comprehensive  b enefits to all Regular, Full-Time Employees,   including: Medical provided through UHC (PPO, HSA, Surest options) / Medical provided through Kaiser (HMO option only) for California employees only Dental provided through UHC Nationwide Vision provided by UHC Flexible Spending Account for Health & Dependent Care Pre-Tax Account for Commuter Benefit/Parking & Transit (location-specific) Continuing Education and Professional Development via various integrated platforms, e.g. Udemy and Coursera Corporate Wellness Program provided by Goomi Group Employee Assistance Program Wellness Days 401k Plan Basic and Supplemental Life Insurance Short Term & Long Term Disability Critical Illness, Critical Hospital, and Voluntary Accident Insurance Tuition Reimbursement (available 6 months after start date, capped) Paid Time Off (accrued and prorated, maximum of 120 hours annually) Paid Holidays Any other statutory leaves, paid time, or other ancillary benefits required under state and federal law",26/04/2026,Not Specified,4 Locations,Astreya,https://astreya.wd5.myworkdayjobs.com/en-US/life-at-astreya-opportunities/job/Sunnyvale-CA/Testing-Engineer-IV---PCIe_R0014943,Full time
Service Desk Specialist II,"What this Job Entails:  The Service Desk Specialist II will support one of Astreya’s key clients. The role will be responsible to troubleshoot and fix desktop/ computer hardware and software issues while striving to deliver excellent customer service to the end-user. You need to be an eager learner and put the learning to practice in-line with company and client policies and procedures. Scope:  Applies company policies and procedures to resolve a variety of issues Works on problems of moderate scope Receives general instructions on routine work and detailed instructions on new projects Your Roles and Responsibilities: Follow standard operating, ticketing procedures and work instructions to image, update and resolve computer and software application issues for new and existing employees. Maintain equipment inventory, including processing RMAs and ordering new equipment. Maintain physical presence at designated service locations and time for employees to pick up the user's computer, or deliver to the end-user. Participates in monitoring, updating and maintaining tickets in a defined ticketing system.  Responds to tickets, contacts users and plans workload.  Update, track and escalate the ticket to appropriate levels/group for resolution as required.  Sign off on closed tickets with the user to include follow up specifically to the end user. Provide routine software and hardware troubleshooting support to employees to resolve common IT problems. Engage in support of access to corporate network/wireless and applications both on the network as well as over VPN. Other duties as required. This list is not meant to be a comprehensive inventory of all responsibilities assigned to this position Required Qualifications/Skills: Bachelor’s degree (B.S/B.A) from four-college or university and 2 to 5 years’ related experience and/or training; or equivalent combination of education and experience  Builds productive internal and external working relationships Exercises judgment within defined procedures and practices to determine appropriate action Ability to work independently with minimal supervision Excellent coordination skills and a team player Ability to identify issues and escalate as needed Excellent written and oral communication skills Strong interpersonal and customer service skills Knowledgeable about hardware, software, and network troubleshooting   Understanding of software application use and installation Ability to resolve technical issues under pressure Physical Demand & Work Environment: Must have the ability to perform office-related tasks which may include prolonged sitting or standing Must have the ability to move from place to place within an office environment Must be able to use a computer Must have the ability to communicate effectively  Some positions may require occasional repetitive motion or movements of the wrists, hands, and/or fingers Salary Range $27.24 - $45.40 USD (Hourly) Please note that the salary information provided herein is base pay only (gross); it does not include other forms of compensation which may or may not apply to this specific position, namely, performance-based bonuses, benefits-related payments, or other general incentives - none of which are guaranteed, may be subject to specific eligibility requirements, and are wholly within the discretion of Astreya to remit. Further, the salary information noted above is a range that consists of a minimum and maximum rate of pay for this specific position. Where an applicant or employee is placed on this range will depend and be contingent on objective, documented work-related considerations like education, experience, certifications, licenses, preferred qualifications, among other factors. Astreya  offers comprehensive  b enefits to all Regular, Full-Time Employees,   including: Medical provided through UHC (PPO, HSA, Surest options) / Medical provided through Kaiser (HMO option only) for California employees only Dental provided through UHC Nationwide Vision provided by UHC Flexible Spending Account for Health & Dependent Care Pre-Tax Account for Commuter Benefit/Parking & Transit (location-specific) Continuing Education and Professional Development via various integrated platforms, e.g. Udemy and Coursera Corporate Wellness Program provided by Goomi Group Employee Assistance Program Wellness Days 401k Plan Basic and Supplemental Life Insurance Short Term & Long Term Disability Critical Illness, Critical Hospital, and Voluntary Accident Insurance Tuition Reimbursement (available 6 months after start date, capped) Paid Time Off (accrued and prorated, maximum of 120 hours annually) Paid Holidays Any other statutory leaves, paid time, or other ancillary benefits required under state and federal law",26/04/2026,Not Specified,"San Francisco, CA",Astreya,https://astreya.wd5.myworkdayjobs.com/en-US/life-at-astreya-opportunities/job/San-Francisco-CA/Service-Desk-Specialist-II_R0015436,Full time
Data Analyst III,"What this Job Entails: We are looking for a Data Analyst III to join our growing team of analytics experts. The hire will be responsible for statistical modeling, and analysis of structured and unstructured datasets to develop metrics, reports, and visualizations of trends and patterns. The Data Analyst identifies and captures data from internal and external sources. The Data Analyst will ensure consistency throughout ongoing projects.  Scope:  Resolves a wide range of issues in creative ways Seasoned, experienced professional with a full understanding of their speciality Works on problems of a diverse scope  Receives little instruction on day to day work, general instruction on new assignments Your Roles and Responsibilities: Create advanced data visualizations  Create complex reports using scripts and reporting tools Design and generate consensus and statistical demand forecast reports and continuously improve forecasting techniques, method, and approach Perform Exploratory Data Analysis (EDA) to identify improvements/automation opportunities Independently analyze data sets to identify opportunities for increased accuracy and efficiency Troubleshoot and test database technical issues with development team Create monthly Excel and Google Sheets files from database Independently analyze data sets to identify opportunities for increased accuracy and efficiency Perform quality assurance on data to determine potential data gaps Handle data-related technical issues and support data infrastructure needs Assemble large, complex data sets that meet functional / non-functional business  Work with data and analytics experts to strive for greater functionality in our data systems. Other duties as required. This list is not meant to be a comprehensive inventory of all responsibilities assigned to this position Required Qualifications/Skills: Bachelor’s degree (B.S/B.A) from four-college or university and 5 to 8 years’ related experience and/or training; or equivalent combination of education and experience  Networks with senior internal and external personnel in own area of expertise Demonstrates good judgment in selecting methods and techniques for obtaining solutions 5+ years of experience managing large data sets and creating visual data SQL skills; including creating and modifying macros, as well as creating dashboards using SQL coding Excellent written communication skills  High level of attention to detail Advanced Excel skills to include; formulas, functions, pivot tables, lookup and reference formulas (i.e. vlookups), statistical formulas (countifs, sumifs), macros (ability to create new and edit existing), conditional formatting, importing data, creating graphs/charts, etc.  Ability to independently analyze large amounts of data; including the ability to identify, analyze, and interpret trends, gaps, patterns in complex data sets Preferred Qualifications:  Experience using Google PLX Dashboards Physical Demand & Work Environment: Must have the ability to perform office-related tasks which may include prolonged sitting or standing Must have the ability to move from place to place within an office environment Must be able to use a computer Must have the ability to communicate effectively  Some positions may require occasional repetitive motion or movements of the wrists, hands, and/or fingers",25/04/2026,Not Specified,"Remote, Mexico",Astreya,https://astreya.wd5.myworkdayjobs.com/en-US/life-at-astreya-opportunities/job/Remote-Mexico/Data-Analyst-III_R0014548,Full time
Reverse Logistics Technician I,"Reverse Logistics T1 What this Job Entails: Reverse Logistics Tier 1 is responsible for hardware return collections & inspecting hardware to be reused or e-recycled. This role completes inventory asset tagging and documenting assets and accessories in the inventory management system, contacting customers to coordinate hardware returns, and preparing hardware to be e-recycled and scheduling e-recycling collections. Reverse Logistics Tier 1 also performs order tracking, hardware putaway, and assists with all warehouse services. Reverse Logistics Tier 1 enables ~350k staff around the globe. This is an introductory role in Astreya ITAM services. Scope: Follows established procedures on routine work Requires detailed instructions Your Roles and Responsibilities: ●Support & cross-train into all L1 ITAM services as needed to maintain day to day operations for forward and reverse logistics. ●Assist with inventory, asset management and e-recycling. ●Use ticketing systems with a focus on customer service, SOP adherence, and quality. ●Use ticketing systems to report individual work accomplishments and to track metrics. ●Utilize inventory data management software to maintain inventory accuracy and workflow. ●Triage, handle and fulfil customer requests via a web portal and in person as needed. ●Receive and inspect return shipments. Verify accurate deliveries against hardware return requests while looking for damages, shortages, wrong items and other concerns; notify the appropriate person or vendor. ●Load and unload shipments; loading dock duties as assigned. ●Maintain inventory records; assess department or warehouse needs and order supplies as appropriate; maintain stock records. ●Unbox, stock inventory on shelves, break down packing materials. ●Assist in inventory procedures including the actual total count of stock items and spot check as needed. ●Perform cleanup duties to maintain the warehouse in a safe and orderly manner. ●Contribute to large scale global projects as needed. ●Hardware data destruction and collection for e-recycle. ●Hardware sanitization and quality checks to ensure hardware reliability and reuse. ●Coordination with Third party vendors for executing collection and recycling activities. ●Other duties as required. This list is not meant to be a comprehensive inventory of allresponsibilities assigned to this position. Required Qualifications/Skills: ●High school diploma or general education degree (GED) and 2+ years’ related experience and/or training; or equivalent combination of education and experience. ●High attention to detail and ability to follow other technicians’ direction to ensure quality. ●Effectively utilize ticket, inventory, and dispatch management systems. ●Determines methods and procedures on new assignments and may coordinate activities of other personnel. ●Networks with key contacts outside one’s own area of expertise. ●Proven ability to adapt to changing priorities, conditions, and circumstances while ensuring important deadlines are met. ●Strong organizational skills including effective record-keeping and maintenance techniques. ●Basic knowledge of computer hardware with the ability to learn new software. ●Proficiency working with standard desktop PC tools and applications, such as MS Office, MS Outlook, web browsers, etc. ●If applicable at site, ability to operate material handling equipment – pallet jacks and forklifts (if certified) is a plus. ●Understands policies and objectives of the assigned program and corresponding activities. ●Knowledge of health and safety regulations. ●Proficient English communication in terms of speaking,writing and reading.",25/04/2026,Not Specified,"Dublin, Ireland",Astreya,https://astreya.wd5.myworkdayjobs.com/en-US/life-at-astreya-opportunities/job/Dublin-Ireland/Reverse-Logistics-Technician-I_R0015306,Full time
Field Service Technician,"Key Deliverables by Level   Deliverable Level 1 - Associate Field Services Technician I Respond to IT service tickets using documented procedures and supervision  Assist with workstation setups and peripheral connections Perform basic AV checks and room readiness tasks  Support imaging and deployments under direction Maintain accurate ticket documentation in ITSM tools (e.g., ServiceNow)  Follow proper inventory handling, tagging, and tracking Escalate unresolved issues appropriately Adhere to safety protocols and client-specific guidelines   Essential Duties and Responsibilities (All Levels):  End-User Support Provide onsite and remote technical support for end users, including desktops, laptops, peripherals, and mobile devices.   Troubleshoot and resolve common hardware and software issues.   Deliver a high-quality, customer-focused service experience in a timely manner.   Ticket Management Receive, document, and close support requests in ITSM tools (e.g., ServiceNow).   Prioritize tickets based on urgency and impact.   Escalate complex or unresolved issues following defined protocols.   Hardware Deployment & Recovery Assist with or independently perform workstation deployments, device imaging, and equipment setup.   Support device recovery, re-imaging, and e-waste processes according to lifecycle guidelines.   Ensure accurate labeling, tagging, and asset tracking for all deployed equipment.   Inventory & Asset Management Maintain and reconcile inventory of IT equipment and accessories at assigned site.   Use asset tracking systems to manage device records, check-ins/outs, and stock levels.   Participate in regular audits and support logistics for shipping/receiving hardware.   AV & Conference Room Support Perform regular checks and basic troubleshooting of AV equipment (displays, microphones, cameras).   Set up and tear down conference room tech for meetings or events.   Support room readiness, monitor usage, and report or resolve AV issues.   Documentation & Process Compliance Follow documented processes and standard operating procedures (SOPs) for all support tasks.   Maintain clear and concise documentation for resolutions, escalations, and asset updates.   Adhere to Astreya and client-specific protocols, including change and incident management.    Customer Service & Communication Serve as a visible, approachable point of contact for IT-related issues at the site.   Communicate effectively with users to understand issues and set clear service expectations.   Represent Astreya’s service commitment with professionalism and courtesy.   Level II Additional Responsibilities: Team Collaboration  At Level II, act as the lead or sole technician on-site and coordinate with remote teams or vendors.   Provide informal mentorship to junior techs or new team members visiting the site.   Share site-specific insights or recurring issue trends to help improve service delivery.   Education and/or Work Experience Requirements:    Level I Required: High School Diploma or GED   Preferred: Enrollment in IT-related coursework or vocational training   Certifications (plus): CompTIA A+ Google IT Support Certificate or similar entry-level credential     Certifications CompTIA A+ and/or Network+   ITIL Foundation   AVIXA CTS (for AV specialization track)   JAMF, Apple Certified Support Professional (ACSP), or MDM tools (for DSS specialization)   Knowledge, Skills & Abilities (KSAs):   Technical: Knowledge of Windows 10/11, macOS, and basic Linux environments   Ability to troubleshoot, repair, and deploy desktops, laptops, and peripherals   Familiarity with mobile device platforms (iOS, Android) and basic MDM concepts   Understanding of AV/VC systems (Zoom, Meet, Webex) and conference room technology   Basic knowledge of networking concepts (IP, DNS, DHCP, connectivity troubleshooting)   Proficiency with ITSM/ticketing platforms (e.g., ServiceNow, Jira)   Ability to image and deploy devices using tools like SCCM, JAMF, or MDT   Experience with inventory and asset tracking tools for lifecycle management   Awareness of IT security best practices and safe handling of equipment   Ability to follow standard operating procedures (SOPs) and technical documentation   Soft Skills: Strong verbal and written communication skills for working with end users   Excellent customer service orientation and active listening   Effective time management and ability to prioritize multiple tasks   Strong problem-solving and analytical thinking in fast-paced environments   Ability to collaborate with teammates and cross-functional teams   High level of professionalism, reliability, and accountability   Adaptability to changing technologies, priorities, and client environments   Self-motivated with the ability to take initiative and follow through   Ability to work independently, especially at single-technician sites (L2)   Willingness to mentor peers or junior team members (at Level II)   Competency  Level I Level 2 Hardware Support & Troubleshooting Follow basic procedures   Independently diagnoses and resolves issues.   OS & Platform Knowledge Supports Windows/macOS basics Supports and configures multiple OS platforms Mobile & Endpoint Management Basic support for mobile devices MDM exposure, configures and supports endpoints AV/VC Systems Performs room checks, reports issues Troubleshoots AV problems and supports meetings Networking Fundamentals Understands connectivity basics Diagnoses common network-related issues Imaging & Deployment Assists with imaging Performs full device imaging and deployments Inventory & Asset Management Tags and tracks equipment   Manages and reconciles inventory independently ITSM & Ticket Management Updates and closes tickets Owns queue, manages SLAs, escalates as needed   Physical Requirements:    Lifting & Carrying:   Must be able to regularly lift and carry up to 50 lbs (22 kg)   Includes monitors, CPUs, AV equipment, and other IT hardware   Mobility & Posture:   Frequent standing, walking, bending, kneeling, crouching, and reaching   May require working in tight or awkward spaces (e.g., under desks, behind racks)   Manual Dexterity:   Ability to use hands and fingers to handle, install, or adjust small components and cables   Use of standard IT tools (e.g., screwdrivers, cable testers, label printers)   Vision & Focus:   Close vision required for reading device labels, part numbers, and screen details   Must be able to focus on a computer screen for extended periods   Work Environment:   Work performed primarily in office, data center, and/or AV-equipped conference rooms   Exposure to electric components, server noise, and climate-controlled spaces   Onsite Requirements:   This is a 100% onsite role; presence during working hours is mandatory   Occasional local travel may be required (for multi-building campuses or nearby sites)",25/04/2026,Not Specified,"Tel Aviv, Israel",Astreya,https://astreya.wd5.myworkdayjobs.com/en-US/life-at-astreya-opportunities/job/Tel-Aviv-Israel/Field-Service-Technician_R0015002,Full time
Hardware Support Technician I,"What this Job Entails:  The Hardware Support Technician I provides procurement, inventory management, asset management, distribution and logistics services for pre-market consumer electronics across the globe. The role also provides technical assistance to ensure the products are getting shipped with the right image. The person in this role works with cutting edge technology and pre-market consumer electronics. Scope:  Follows established procedures on routine work Requires detailed instructions  Your Roles and Responsibilities: Assist with inventory and asset management including receipt and disposition of hardware Document all defects of pre-mass production hardware and/or software Help perform hardware reworks (e.g., swapping out boards/chips, removing write-protect screws, etc.) Help perform software reworks (e.g., imaging devices to different builds; wipe data, rewrite system hardware ID’s, etc.) Assist with servo flashing, firmware upgrade, flashing unsigned images Helps in resolving support tickets on device issues Help provide technical support during events (travel often required) Other duties as required. This list is not meant to be a comprehensive inventory of all responsibilities assigned to this position Required Qualifications/Skills: High school diploma or general education degree (GED) 0 to 2 years’ related experience and/or training; or equivalent combination of education and experience IT savvy and interested in new technologies Knowledgeable about inventory, and comfortable in an IT inventory environment Capable of following technical instructions to flash drives, image devices and re-write hardware IDs Excellent communicator in both written and verbal English Ability to work in a team Ability to excel in a fast paced work environment. Ability to learn new things and adapt to a changing environment quickly Strong organization skills, and able to identify the steps to be taken to achieve objectives Preferred Qualifications:  Data experience Excel experience Physical Demand & Work Environment: Must have the ability to perform office-related tasks which may include prolonged sitting or standing Must have the ability to move from place to place within an office environment Must be able to use a computer Must have the ability to communicate effectively  Some positions may require occasional repetitive motion or movements of the wrists, hands, and/or fingers Salary Range $17.36 - $27.40 USD (Hourly) Please note that the salary information provided herein is base pay only (gross); it does not include other forms of compensation which may or may not apply to this specific position, namely, performance-based bonuses, benefits-related payments, or other general incentives - none of which are guaranteed, may be subject to specific eligibility requirements, and are wholly within the discretion of Astreya to remit. Further, the salary information noted above is a range that consists of a minimum and maximum rate of pay for this specific position. Where an applicant or employee is placed on this range will depend and be contingent on objective, documented work-related considerations like education, experience, certifications, licenses, preferred qualifications, among other factors. Astreya  offers comprehensive  b enefits to all Regular, Full-Time Employees,   including: Medical provided through UHC (PPO, HSA, Surest options) / Medical provided through Kaiser (HMO option only) for California employees only Dental provided through UHC Nationwide Vision provided by UHC Flexible Spending Account for Health & Dependent Care Pre-Tax Account for Commuter Benefit/Parking & Transit (location-specific) Continuing Education and Professional Development via various integrated platforms, e.g. Udemy and Coursera Corporate Wellness Program provided by Goomi Group Employee Assistance Program Wellness Days 401k Plan Basic and Supplemental Life Insurance Short Term & Long Term Disability Critical Illness, Critical Hospital, and Voluntary Accident Insurance Tuition Reimbursement (available 6 months after start date, capped) Paid Time Off (accrued and prorated, maximum of 120 hours annually) Paid Holidays Any other statutory leaves, paid time, or other ancillary benefits required under state and federal law",25/04/2026,Not Specified,"Mountain View, CA",Astreya,https://astreya.wd5.myworkdayjobs.com/en-US/life-at-astreya-opportunities/job/Mountain-View-CA/Hardware-Support-Technician-I_R0015334,Full time
Hardware Support Technician,"What this Job Entails:  The Hardware Support Technician II provides procurement, inventory management, asset management, distribution and logistics services for pre-market consumer electronics across the globe. The role also provides technical assistance to ensure the products are getting shipped with the right image. The person in this role works with cutting edge technology and pre-market consumer electronics. Scope:  Works on assignments that are moderately difficult, requiring judgment in resolving issues Requires some instruction on new assignments and infrequent checks on daily work ​ Your Roles and Responsibilities: Participates with inventory and asset management including receipt and disposition of hardware Documents all defects of pre-mass production hardware and/or software Performs hardware reworks (e.g., swapping out boards/chips, removing write-protect screws, etc.) Performs software reworks (e.g., imaging devices to different builds; wipe data, rewrite system hardware ID’s, etc.) Conducts servo flashing, firmware upgrade, flashing unsigned images Resolves support tickets on device issues Provides technical support during events (travel often required) Other duties as required. This list is not meant to be a comprehensive inventory of all responsibilities assigned to this position ​ Required Qualifications/Skills: High school diploma or general education degree (GED) 2 to 5 years’ related experience and/or training; or equivalent combination of education and experience IT savvy and interested in new technologies Knowledgeable about inventory, and comfortable in an IT inventory environment Capable of following technical instructions to flash drives, image devices and re-write hardware IDs Excellent communicator in both written and verbal English Ability to work in a team Ability to excel in a fast paced work environment. Ability to learn new things and adapt to a changing environment quickly Strong organization skills, and able to identify the steps to be taken to achieve objectives Preferred Qualifications:  Data experience Excel experience   ​ Physical Demand & Work Environment: Must have the ability to perform office-related tasks which may include prolonged sitting or standing Must have the ability to move from place to place within an office environment Must be able to use a computer Must have the ability to communicate effectively  Some positions may require occasional repetitive motion or movements of the wrists, hands, and/or fingers ​ What can Astreya offer you? Employment in the fast-growing IT space providing you with a variety of career options Opportunity to work with some of the biggest firms in the world as part of the Astreya delivery network Introduction to new ways of working and awesome technologies Career paths to help you establish where you want to go Focus on internal promotion and internal mobility - we love to build teams from within Free 24/7 accessible Professional Development through LinkedIn Learning and other online courses to give you opportunities to upskill at your own pace Education Assistance Dedicated management to provide you with on point leadership and care Numerous on the job perks Market competitive compensation and insurance, health and wellness benefits  Salary Range $19.22 - $30.35 USD (Hourly) Please note that the salary information provided herein is base pay only (gross); it does not include other forms of compensation which may or may not apply to this specific position, namely, performance-based bonuses, benefits-related payments, or other general incentives - none of which are guaranteed, may be subject to specific eligibility requirements, and are wholly within the discretion of Astreya to remit. Further, the salary information noted above is a range that consists of a minimum and maximum rate of pay for this specific position. Where an applicant or employee is placed on this range will depend and be contingent on objective, documented work-related considerations like education, experience, certifications, licenses, preferred qualifications, among other factors. Astreya  offers comprehensive  b enefits to all Regular, Full-Time Employees,   including: Medical provided through UHC (PPO, HSA, Surest options) / Medical provided through Kaiser (HMO option only) for California employees only Dental provided through UHC Nationwide Vision provided by UHC Flexible Spending Account for Health & Dependent Care Pre-Tax Account for Commuter Benefit/Parking & Transit (location-specific) Continuing Education and Professional Development via various integrated platforms, e.g. Udemy and Coursera Corporate Wellness Program provided by Goomi Group Employee Assistance Program Wellness Days 401k Plan Basic and Supplemental Life Insurance Short Term & Long Term Disability Critical Illness, Critical Hospital, and Voluntary Accident Insurance Tuition Reimbursement (available 6 months after start date, capped) Paid Time Off (accrued and prorated, maximum of 120 hours annually) Paid Holidays Any other statutory leaves, paid time, or other ancillary benefits required under state and federal law",25/04/2026,Not Specified,"Mountain View, CA",Astreya,https://astreya.wd5.myworkdayjobs.com/en-US/life-at-astreya-opportunities/job/Mountain-View-CA/Hardware-Support-Technician_R0015336,Full time
Field Technician II,"What this Job Entails:  The Field Technician II will provide support to all assigned locations, including data centers and Points of Presence (POPs), and physical site services. The person in this role will coordinate with network teams as well as local vendors for installation, repair and maintenance activities. The Field Technician must have deep knowledge and professional experience deploying (physical layer) rack and stack configurations. This role requires travel. Scope:  Works on assignments that are moderately difficult, requiring judgment in resolving issues Requires some instruction on new assignments and infrequent checks on daily work Your Roles and Responsibilities: Maintain the highest quality standards in all assigned data center locations and remote points of presence (POP). Participate in performing physical installation, repair, maintenance, and testing activities as directed with meticulous attention to driving and maintaining the highest quality standards in the telecommunications industry. Help with performing card adds or replacements, software upgrades, and associated testing. Recommend improvements to processes that may impact the quality of our network assets or improve overall efficiencies for any related process or system. Provide site survey support for OSP and ISP projects, as well as large space & power and/or equipment deployments. Perform site audits and reconcile data discrepancies in coordination with Network Surveillance and other groups as necessary. Support the management of local construction vendors working on behalf of the company to ensure compliance with installation, repair, maintenance MOPs and standards, as well as quality and cleanliness. Meet/coordinate with Local Exchange Carrier (LEC) and other technicians to facilitate timely installation, repair, and maintenance activities as necessary. Perform site surveys in support of network builds, augments, or decommissions. Assist in coordinating site access, equipment staging, and other tasks Other duties as required. This list is not meant to be a comprehensive inventory of all responsibilities assigned to this position Required Qualifications/Skills: Associate's degree (A.A) or equivalent from two-year college or technical school and 2 to 5 years’ related experience and/or training; or equivalent combination of education and experience Builds productive internal and external working relationships Exercises judgment within defined procedures and practices to determine appropriate action Knowledge of data center and POP infrastructure, including experience or deep understanding of OSP, ISP, interfacility cabling, fiber and copper distribution, AC/DC power systems, environmental controls, and relay rack/cabinet/cage construction. Familiarity with installing and maintaining a wide variety of telecom/network equipment, including DWDMs, backbone and management routers, IP switches, as well as all optical and digital infrastructure.  Understanding of splicing, and an understanding of how to maintain and operate within a manhole, vault, or handhole environment. Knowledge of telecommunications testing equipment from microscopes and source and power meters to OTDRs and experience testing across all SONET and Ethernet bandwidths. Knowledge of telecommunications testing standards and procedures from length, wire-mapping, and bit error rate to power, delay, loss, reflectance and dispersion. Knowledge of state and local regulatory standards, procedures, and permitting requirements. Ability to work effectively with local exchange carrier (LEC) and other telecom service provider technicians, building landlords, electricians, construction operators, and non-technical end users. Ability to work independently, diagnose problems and take appropriate action with minimal supervision. Experience with spreadsheets, workflow and project management applications, and administrative software applications. Understanding of how to use a Tier-1 ITSM platform  Physical Demand & Work Environment: Must have the ability to perform office-related tasks which may include prolonged sitting or standing Must have the ability to move from place to place within an office environment Must be able to use a computer Must have the ability to communicate effectively  Some positions may require occasional repetitive motion or movements of the wrists, hands, and/or fingers Salary Range $28.76 - $45.40 USD (Hourly) Please note that the salary information provided herein is base pay only (gross); it does not include other forms of compensation which may or may not apply to this specific position, namely, performance-based bonuses, benefits-related payments, or other general incentives - none of which are guaranteed, may be subject to specific eligibility requirements, and are wholly within the discretion of Astreya to remit. Further, the salary information noted above is a range that consists of a minimum and maximum rate of pay for this specific position. Where an applicant or employee is placed on this range will depend and be contingent on objective, documented work-related considerations like education, experience, certifications, licenses, preferred qualifications, among other factors.",25/04/2026,Not Specified,2 Locations,Astreya,https://astreya.wd5.myworkdayjobs.com/en-US/life-at-astreya-opportunities/job/Reston-VA/Field-Technician-II_R0015347,Full time
Project Coordinator,"What this Job Entails:  The Project & Program Management role is responsible for planning and coordinating all aspects of internal information, system-specific projects from initiation to delivery. Projects often involve network, server, or software implementation and upgrades, and PC deployment. The role coordinates work performed by IT staff and internal customers/partners by defining project requirements, performing feasibility and needs/impact assessments. The role develops detailed project plans and manages all implementation processes including resource allocation, progress tracking, monitoring change control process, testing, documentation, training and on-time delivery within budget constraints. Projects may vary in number, size and complexity.  Scope:  Uses professional concepts and company objectives to resolve complex issues in creative and effective ways Works on complex issues where analysis of situations or data requires an in-depth evaluation of variable factors Your Roles and Responsibilities: Manage multiple, complex, cross-functional and technical projects.  Partner with functional teams during initiation, plan, design, procurement, deployment, and post deployment phases.  Responsible for managing/tracking program milestones, timeline, and overall deliverables.  Lead creation and maintenance of comprehensive project documentation including schedules, reviews, process documents, risk analysis, etc.  Take a leadership role in defining project scope and objectives, involving all relevant stakeholders and ensuring technical feasibility.  Participate in driving project lifecycle milestones from concept commit through project closure and advocate change management.  Use metrics and KPIs to measure project performance using appropriate tools and techniques, and provide regular status updates.  Responsible for internal process improvements; remove gaps, across multiple teams and functions.  Ensure risks are accounted for and provide risk mitigation strategies.  Primary project point of contact for vendor partners and internal stakeholders.  Coordinate and manage regularly scheduled meetings with core teams.  Evaluate post project results against metrics; recommend or implement changes to improve delivery practices/processes.  Other duties as required. This list is not meant to be a comprehensive inventory of all responsibilities assigned to this position. Required Qualifications/Skills: B achelor’s degree (B.S/B.A) from four-college or university and 5+ years’ related experience and/or training; or equivalent combination of education and experience  Networks with key contacts outside own area of expertise Determines methods and procedures on new assignments and may coordinate activities of other personnel Experience working with project management teams, resolving conflict, and meeting schedule timelines Excellent communication skills (verbal, written, documentation) Ability to work on multiple projects and assignments concurrently Self-starter who is able to quickly learn new tools and gain familiarity with new processes and technologies with minimal assistance In-depth experience creating spreadsheets, presentation material, and project/process documentation Strong observational and analytical skills, including: ability to collect, organize, analyze and disseminate significant amounts of information, strong attention to detail and accuracy, ability to track and report metrics, and manage risks Proven ability to collaborate with stakeholders and communicate project updates to client executives.  Various certifications Change management knowledge  Familiarity with various project management methodologies  Salary Range $66,120.00 - $104,400.00 USD (Salary) Please note that the salary information provided herein is base pay only (gross); it does not include other forms of compensation which may or may not apply to this specific position, namely, performance-based bonuses, benefits-related payments, or other general incentives - none of which are guaranteed, may be subject to specific eligibility requirements, and are wholly within the discretion of Astreya to remit. Further, the salary information noted above is a range that consists of a minimum and maximum rate of pay for this specific position. Where an applicant or employee is placed on this range will depend and be contingent on objective, documented work-related considerations like education, experience, certifications, licenses, preferred qualifications, among other factors. Astreya  offers comprehensive  b enefits to all Regular, Full-Time Employees,   including: Medical provided through UHC (PPO, HSA, Surest options) / Medical provided through Kaiser (HMO option only) for California employees only Dental provided through UHC Nationwide Vision provided by UHC Flexible Spending Account for Health & Dependent Care Pre-Tax Account for Commuter Benefit/Parking & Transit (location-specific) Continuing Education and Professional Development via various integrated platforms, e.g. Udemy and Coursera Corporate Wellness Program provided by Goomi Group Employee Assistance Program Wellness Days 401k Plan Basic and Supplemental Life Insurance Short Term & Long Term Disability Critical Illness, Critical Hospital, and Voluntary Accident Insurance Tuition Reimbursement (available 6 months after start date, capped) Paid Time Off (accrued and prorated, maximum of 120 hours annually) Paid Holidays Any other statutory leaves, paid time, or other ancillary benefits required under state and federal law",24/04/2026,Not Specified,"Barker, NY",Astreya,https://astreya.wd5.myworkdayjobs.com/en-US/life-at-astreya-opportunities/job/Barker-NY/Project-Coordinator-I_R0015010,Full time
Program Manager III,"What this Job Entails:  The Project & Program Management III role is responsible for planning and coordinating all aspects of internal information, system-specific projects from initiation to delivery. Projects often involve network, server, or software implementation and upgrades, and PC deployment. The role coordinates work performed by IT staff and internal customers/partners by defining project requirements, performing feasibility and needs/impact assessments. The role develops detailed project plans and manages all implementation processes including resource allocation, progress tracking, monitoring change control process, testing, documentation, training and on-time delivery within budget constraints. Projects may vary in number, size and complexity.  Scope:  Resolves a wide range of issues in creative ways Seasoned, experienced professional with a full understanding of their speciality Works on problems of a diverse scope  Receives little instruction on day to day work, general instruction on new assignments Your Roles and Responsibilities: Manages multiple, complex, cross-functional and technical projects.  Partner with functional teams during initiation, plan, design, procurement, deployment, and post deployment phases.  Responsible for managing/tracking program milestones, timeline, and overall deliverables.  Engage in creating and maintaining comprehensive project documentation including schedules, reviews, process documents, risk analysis, etc.  Define project scope and objectives, involving all relevant stakeholders and ensuring technical feasibility.  Drive the project lifecycle milestones from concept commit through project closure and advocate change management.  Use metrics and KPIs to measure project performance using appropriate tools and techniques, and provide regular status updates.  Responsible for internal process improvements; remove gaps, across multiple teams and functions.  Ensure risks are accounted for and provide risk mitigation strategies.  Primary project point of contact for vendor partners and internal stakeholders.  Coordinate and assist with regularly scheduled meetings with core teams.  Evaluate post project results against metrics; recommend or implement changes to improve delivery practices/processes.  Other duties as required. This list is not meant to be a comprehensive inventory of all responsibilities assigned to this position Required Qualifications/Skills: Bachelor’s degree (B.S/B.A) from four-college or university and 5 to 8 years’ related experience and/or training; or equivalent combination of education and experience  Networks with senior internal and external personnel in own area of expertise Demonstrates good judgment in selecting methods and techniques for obtaining solutions Experience working with project management teams, resolving conflict, and meeting schedule timelines Excellent communication skills (verbal, written, documentation) Ability to work on multiple projects and assignments concurrently Self-starter who is able to quickly learn new tools and gain familiarity with new processes and technologies with minimal assistance In-depth experience creating spreadsheets, presentation material, and project/process documentation Strong observational and analytical skills, including: ability to collect, organize, analyze and disseminate significant amounts of information, strong attention to detail and accuracy, ability to track and report metrics, and manage risks Proven ability to collaborate with stakeholders and communicate project updates to client executives. Familiarity with various project management methodologies  Preferred Qualifications:  Various certifications Change management knowledge  Physical Demand & Work Environment: Must have the ability to perform office-related tasks which may include prolonged sitting or standing Must have the ability to move from place to place within an office environment Must be able to use a computer Must have the ability to communicate effectively  Some positions may require occasional repetitive motion or movements of the wrists, hands, and/or fingers",24/04/2026,Not Specified,"Remote, Mexico",Astreya,https://astreya.wd5.myworkdayjobs.com/en-US/life-at-astreya-opportunities/job/Remote-Mexico/Program-Manager-III_R0014547,Full time
Service Desk Specialist IV - Executive Support,"The Role: The Executive Desktop Support Specialist will provide dedicated, high-touch technical support to our client’s C-suite and senior leadership team. This is a high-visibility role requiring a unique blend of technical mastery, elite communication skills, and the ability to remain calm under intense pressure. You will be the primary point of contact for all executive technology needs, ensuring seamless digital experiences whether they are in the boardroom, traveling, or working remotely.   Scope: Strategic Resolution:  Uses professional concepts and organizational objectives to resolve high-stakes issues in creative, effective, and non-disruptive ways. Complex Analysis:  Addresses intricate technical challenges where downtime has significant business impact, requiring in-depth evaluation of variable factors and immediate mitigation.   Your Roles and Responsibilities White Glove Support:  Provide end-to-end concierge technical support for senior executives, prioritizing their requests to ensure zero productivity loss. Proactive Maintenance:  Conduct regular ""health checks"" on executive hardware, software, and home office setups to identify and resolve issues before they are reported. Event & Boardroom Readiness:  Oversee technical setups for high-stakes meetings, board presentations, and earnings calls, providing ""on-call"" presence to ensure flawless execution of AV and connectivity. Elite Documentation:  Maintain rigorous updates within the ticketing system while ensuring the executive experience remains personal and frictionless; managing the ""paperwork"" behind the scenes. Lifecycle Management:  Expedite the procurement, imaging, and deployment of premium hardware, ensuring a seamless transition and ""out-of-box"" readiness for all executive devices. Mobile & Remote Security:  Support secure access to corporate networks, VPNs, and proprietary applications across various mobile platforms (iOS/Android) and remote environments, maintaining the highest security posture. Discreet Escalation:  Act as the primary liaison between leadership and the broader IT organization, managing escalations with diplomacy and urgency.   Required Qualifications & Skills Experience:  Bachelor’s degree (B.S./B.A.) and 8+ years of IT experience, with at least 3 years specifically supporting VIP or Executive-level clientele. Communication Mastery:  Exceptional verbal and written communication skills, with the ability to explain complex technical concepts to non-technical leaders concisely. Professional Discretion:  Proven ability to handle confidential information and sensitive environments with total integrity. Technical Versatility:  Deep expertise in macOS/Windows environments, mobile device management (MDM), high-end AV equipment, and home networking/IoT security. Composure:  A ""steady hand"" approach—the ability to troubleshoot and resolve critical technical failures while in the presence of senior leadership.   Preferred Qualifications Certifications such as  ACSP (Apple Certified Support Professional)  or  Microsoft Role-Based Certifications . Experience with high-end conferencing platforms (Zoom Rooms, Webex Board, Microsoft Teams Rooms). Experience in high-growth tech environments or financial services. Salary Range $40.92 - $64.62 USD (Hourly) Please note that the salary information provided herein is base pay only (gross); it does not include other forms of compensation which may or may not apply to this specific position, namely, performance-based bonuses, benefits-related payments, or other general incentives - none of which are guaranteed, may be subject to specific eligibility requirements, and are wholly within the discretion of Astreya to remit. Further, the salary information noted above is a range that consists of a minimum and maximum rate of pay for this specific position. Where an applicant or employee is placed on this range will depend and be contingent on objective, documented work-related considerations like education, experience, certifications, licenses, preferred qualifications, among other factors. Astreya  offers comprehensive  b enefits to all Regular, Full-Time Employees,   including: Medical provided through UHC (PPO, HSA, Surest options) / Medical provided through Kaiser (HMO option only) for California employees only Dental provided through UHC Nationwide Vision provided by UHC Flexible Spending Account for Health & Dependent Care Pre-Tax Account for Commuter Benefit/Parking & Transit (location-specific) Continuing Education and Professional Development via various integrated platforms, e.g. Udemy and Coursera Corporate Wellness Program provided by Goomi Group Employee Assistance Program Wellness Days 401k Plan Basic and Supplemental Life Insurance Short Term & Long Term Disability Critical Illness, Critical Hospital, and Voluntary Accident Insurance Tuition Reimbursement (available 6 months after start date, capped) Paid Time Off (accrued and prorated, maximum of 120 hours annually) Paid Holidays Any other statutory leaves, paid time, or other ancillary benefits required under state and federal law",24/04/2026,Not Specified,"Chicago, IL",Astreya,https://astreya.wd5.myworkdayjobs.com/en-US/life-at-astreya-opportunities/job/Chicago-IL/Service-Desk-Specialist-IV---Executive-Support_R0015316,Full time
Field Technician II,"What this Job Entails:  The Field Technician II will provide support to all assigned locations, including data centers and Points of Presence (POPs), and physical site services. The person in this role will coordinate with network teams as well as local vendors for installation, repair and maintenance activities. The Field Technician must have deep knowledge and professional experience deploying (physical layer) rack and stack configurations. This role requires travel. Scope:  Works on assignments that are moderately difficult, requiring judgment in resolving issues Requires some instruction on new assignments and infrequent checks on daily work Your Roles and Responsibilities: Maintain the highest quality standards in all assigned data center locations and remote points of presence (POP). Participate in performing physical installation, repair, maintenance, and testing activities as directed with meticulous attention to driving and maintaining the highest quality standards in the telecommunications industry. Help with performing card adds or replacements, software upgrades, and associated testing. Recommend improvements to processes that may impact the quality of our network assets or improve overall efficiencies for any related process or system. Provide site survey support for OSP and ISP projects, as well as large space & power and/or equipment deployments. Perform site audits and reconcile data discrepancies in coordination with Network Surveillance and other groups as necessary. Support the management of local construction vendors working on behalf of the company to ensure compliance with installation, repair, maintenance MOPs and standards, as well as quality and cleanliness. Meet/coordinate with Local Exchange Carrier (LEC) and other technicians to facilitate timely installation, repair, and maintenance activities as necessary. Perform site surveys in support of network builds, augments, or decommissions. Assist in coordinating site access, equipment staging, and other tasks Other duties as required. This list is not meant to be a comprehensive inventory of all responsibilities assigned to this position Required Qualifications/Skills: Associate's degree (A.A) or equivalent from two-year college or technical school and 2 to 5 years’ related experience and/or training; or equivalent combination of education and experience Builds productive internal and external working relationships Exercises judgment within defined procedures and practices to determine appropriate action Knowledge of data center and POP infrastructure, including experience or deep understanding of OSP, ISP, interfacility cabling, fiber and copper distribution, AC/DC power systems, environmental controls, and relay rack/cabinet/cage construction. Familiarity with installing and maintaining a wide variety of telecom/network equipment, including DWDMs, backbone and management routers, IP switches, as well as all optical and digital infrastructure.  Understanding of splicing, and an understanding of how to maintain and operate within a manhole, vault, or handhole environment. Knowledge of telecommunications testing equipment from microscopes and source and power meters to OTDRs and experience testing across all SONET and Ethernet bandwidths. Knowledge of telecommunications testing standards and procedures from length, wire-mapping, and bit error rate to power, delay, loss, reflectance and dispersion. Knowledge of state and local regulatory standards, procedures, and permitting requirements. Ability to work effectively with local exchange carrier (LEC) and other telecom service provider technicians, building landlords, electricians, construction operators, and non-technical end users. Ability to work independently, diagnose problems and take appropriate action with minimal supervision. Experience with spreadsheets, workflow and project management applications, and administrative software applications. Understanding of how to use a Tier-1 ITSM platform  Physical Demand & Work Environment: Must have the ability to perform office-related tasks which may include prolonged sitting or standing Must have the ability to move from place to place within an office environment Must be able to use a computer Must have the ability to communicate effectively  Some positions may require occasional repetitive motion or movements of the wrists, hands, and/or fingers Salary Range $28.76 - $45.40 USD (Hourly) Please note that the salary information provided herein is base pay only (gross); it does not include other forms of compensation which may or may not apply to this specific position, namely, performance-based bonuses, benefits-related payments, or other general incentives - none of which are guaranteed, may be subject to specific eligibility requirements, and are wholly within the discretion of Astreya to remit. Further, the salary information noted above is a range that consists of a minimum and maximum rate of pay for this specific position. Where an applicant or employee is placed on this range will depend and be contingent on objective, documented work-related considerations like education, experience, certifications, licenses, preferred qualifications, among other factors.",24/04/2026,Not Specified,"Council Bluffs, IA",Astreya,https://astreya.wd5.myworkdayjobs.com/en-US/life-at-astreya-opportunities/job/Council-Bluffs-IA/Field-Technician-II_R0015369,Full time
Field Technician II,"What this Job Entails:  The Field Technician II will provide support to all assigned locations, including data centers and Points of Presence (POPs), and physical site services. The person in this role will coordinate with network teams as well as local vendors for installation, repair and maintenance activities. The Field Technician must have deep knowledge and professional experience deploying (physical layer) rack and stack configurations. This role requires travel. Scope:  Works on assignments that are moderately difficult, requiring judgment in resolving issues Requires some instruction on new assignments and infrequent checks on daily work Your Roles and Responsibilities: Maintain the highest quality standards in all assigned data center locations and remote points of presence (POP). Participate in performing physical installation, repair, maintenance, and testing activities as directed with meticulous attention to driving and maintaining the highest quality standards in the telecommunications industry. Help with performing card adds or replacements, software upgrades, and associated testing. Recommend improvements to processes that may impact the quality of our network assets or improve overall efficiencies for any related process or system. Provide site survey support for OSP and ISP projects, as well as large space & power and/or equipment deployments. Perform site audits and reconcile data discrepancies in coordination with Network Surveillance and other groups as necessary. Support the management of local construction vendors working on behalf of the company to ensure compliance with installation, repair, maintenance MOPs and standards, as well as quality and cleanliness. Meet/coordinate with Local Exchange Carrier (LEC) and other technicians to facilitate timely installation, repair, and maintenance activities as necessary. Perform site surveys in support of network builds, augments, or decommissions. Assist in coordinating site access, equipment staging, and other tasks Other duties as required. This list is not meant to be a comprehensive inventory of all responsibilities assigned to this position Required Qualifications/Skills: Associate's degree (A.A) or equivalent from two-year college or technical school and 2 to 5 years’ related experience and/or training; or equivalent combination of education and experience Builds productive internal and external working relationships Exercises judgment within defined procedures and practices to determine appropriate action Knowledge of data center and POP infrastructure, including experience or deep understanding of OSP, ISP, interfacility cabling, fiber and copper distribution, AC/DC power systems, environmental controls, and relay rack/cabinet/cage construction. Familiarity with installing and maintaining a wide variety of telecom/network equipment, including DWDMs, backbone and management routers, IP switches, as well as all optical and digital infrastructure.  Understanding of splicing, and an understanding of how to maintain and operate within a manhole, vault, or handhole environment. Knowledge of telecommunications testing equipment from microscopes and source and power meters to OTDRs and experience testing across all SONET and Ethernet bandwidths. Knowledge of telecommunications testing standards and procedures from length, wire-mapping, and bit error rate to power, delay, loss, reflectance and dispersion. Knowledge of state and local regulatory standards, procedures, and permitting requirements. Ability to work effectively with local exchange carrier (LEC) and other telecom service provider technicians, building landlords, electricians, construction operators, and non-technical end users. Ability to work independently, diagnose problems and take appropriate action with minimal supervision. Experience with spreadsheets, workflow and project management applications, and administrative software applications. Understanding of how to use a Tier-1 ITSM platform  Physical Demand & Work Environment: Must have the ability to perform office-related tasks which may include prolonged sitting or standing Must have the ability to move from place to place within an office environment Must be able to use a computer Must have the ability to communicate effectively  Some positions may require occasional repetitive motion or movements of the wrists, hands, and/or fingers Salary Range $28.76 - $45.40 USD (Hourly) Please note that the salary information provided herein is base pay only (gross); it does not include other forms of compensation which may or may not apply to this specific position, namely, performance-based bonuses, benefits-related payments, or other general incentives - none of which are guaranteed, may be subject to specific eligibility requirements, and are wholly within the discretion of Astreya to remit. Further, the salary information noted above is a range that consists of a minimum and maximum rate of pay for this specific position. Where an applicant or employee is placed on this range will depend and be contingent on objective, documented work-related considerations like education, experience, certifications, licenses, preferred qualifications, among other factors.",24/04/2026,Not Specified,2 Locations,Astreya,https://astreya.wd5.myworkdayjobs.com/en-US/life-at-astreya-opportunities/job/Reston-VA/Field-Technician-II_R0015348,Full time
Asset Management,"Asset Management Maintenance of an up-to-date asset registry covering all M&E, IT, and facility components. Tagging, tracking, and lifecycle management of equipment. Support for procurement requests, asset verification, and audit readiness. Preparation of asset performance reports and recommendations for replacement or optimization. Site escort duties as required. Support IDC PoP sites operation.",24/04/2026,Not Specified,"Johor, Malaysia",Astreya,https://astreya.wd5.myworkdayjobs.com/en-US/life-at-astreya-opportunities/job/Johor-Malaysia/Asset-Management_R0015416,
Server Delivery Engineer,"Server Delivery Collaboration with supply chain, cabling vendor, DC operation, asset management teams to ensure the smooth delivery of servers. Providing technical and operational support for server delivery activities within the data center. Closely monitoring the delivery progress to ensure the daily server delivery SLA can be fulfilled. Site escort duties as required.",24/04/2026,Not Specified,"Johor, Malaysia",Astreya,https://astreya.wd5.myworkdayjobs.com/en-US/life-at-astreya-opportunities/job/Johor-Malaysia/Server-Delivery-Engineer_R0015418,
"Security, EHS and SOC Enginner","Security, EHS and SOC Implementation of physical security procedures, access control, and visitor management. 24x7 manned security operations, CCTV monitoring, and incident logging. Monitoring and management of contractors, vendors, suppliers. Development and enforcement of EHS compliance programs, risk assessments, and emergency response procedures. Conducting safety audits, toolbox talks, and training for site personnel and vendors. Regular patrols and site inspections to identify and report security vulnerabilities, safety hazards, or operational anomalies within the Data Center and surrounding perimeter. Support in security system health checks (CCTV, Access Control, Intrusion, Intercom, Key Cabinets, etc.) and coordination with vendors for maintenance or troubleshooting. Travel between Data Centers (40–50 km apart) as required for operational support. Participation in incident investigations, root cause analysis (RCA), and corrective action tracking to prevent recurrence. Collaboration with Operations, Facility, and EHS teams to ensure alignment with internal security standards and data center provider guidelines. Ability to prepare and submit weekly/monthly reports covering patrol findings, incident summaries, and closure of security/EHS action items. Site escort duties as required.",24/04/2026,Not Specified,"Johor, Malaysia",Astreya,https://astreya.wd5.myworkdayjobs.com/en-US/life-at-astreya-opportunities/job/Johor-Malaysia/Security--EHS-and-SOC-Enginner_R0015415,
Facilities Management (FM),Not Specified,24/04/2026,Not Specified,"Johor, Malaysia",Astreya,https://astreya.wd5.myworkdayjobs.com/en-US/life-at-astreya-opportunities/job/Johor-Malaysia/Facilities-Management--FM-_R0015414,
RSOC Monitoring Technician,"What this Job Entails:  The Security Operations role is part of a team that monitors and responds to tickets related to internal users’ system access. The role will respond and resolve tickets related to access issues with internal systems for users (“agents”). The role will troubleshoot and resolve standard access issues, and escalate to senior members of the team when appropriate or needed. The role will draw from backgrounds such as helpdesk/customer support operations, infrastructure/application troubleshooting, and software development to resolve systems access issues and bugs.  Scope:  Applies company policies and procedures to resolve routine issues Works on problems of limited scope Receives detailed instructions Your Roles and Responsibilities: Assist with triage of incoming requests and overall queue management Help to troubleshoot, debug and resolve general issues based on process and knowledge-base documentation Escalate to appropriate resources to get issues resolved Help to consult on system access policies, collect requirements and implement access controls with general supervision and guidance Assist with development of process documentation and identifying opportunities for process improvements Help to develop and maintain playbooks and help content using intranet sites/docs/content platform w/ support/involvement from system process/data owners Other duties as required. This list is not meant to be a comprehensive inventory of all responsibilities assigned to this position Required Qualifications/Skills: Bachelor’s degree (B.S/B.A) from four-college or university and 0 to 2 years’ related experience and/or training; or equivalent combination of education and experience  Builds stable working relationships internally Follows standard practice and procedures when analyzing situations or data Collaboration skills for working across geographically dispersed user-base. Strong analytical, troubleshooting and problem-solving skills Excellent written and verbal communication skills Knowledgeable about domains Understanding of scripting and software development Ability to manage conflicting priorities under guidance Familiarity with documenting support workflows and processes Understanding of various ticketing systems, SQL, and dashboards Preferred Qualifications:  Familiarity with general software/applications framework and structure  Physical Demand & Work Environment: Must have the ability to perform office-related tasks which may include prolonged sitting or standing Must have the ability to move from place to place within an office environment Must be able to use a computer Must have the ability to communicate effectively  Some positions may require occasional repetitive motion or movements of the wrists, hands, and/or fingers",24/04/2026,Not Specified,"Johor, Malaysia",Astreya,https://astreya.wd5.myworkdayjobs.com/en-US/life-at-astreya-opportunities/job/Johor-Malaysia/RSOC-Monitoring-Technician_R0015421,
Safety Technician,"What this Job Entails:  The EHS Specialist I will be responsible for health and safety compliance with applicable regulations and existing company standards and contributing to an environment where employee health and safety is preserved. You will have the responsibility to ensure site-specific Health & Safety plans are followed.  Scope:  Applies company policies and procedures to resolve routine issues Works on problems of limited scope Receives detailed instructions Your Roles and Responsibilities: Assist in executing the programs, procedures, processes and systems to ensure regional and site-level compliance with Environmental Health and Safety (EHS) law and company EHS strategies, policies or standards. Perform EHS compliance reviews and EHS risk assessments and ensure regulatory compliance and protection of employees, communities and the environment. Assist in site visits and inspections to identify EHS management gaps, develop corrective measures and implement solutions to sustain compliance with EHS law and company EHS strategies, policies or standards. Collect, measure and conduct basic analysis of regional and site EHS metrics and KPIs to discover trends for continuous improvement or corrective measures. Execute site-level and regional employee safety and injury prevention programs. Track and stay current on EHS compliance changes, emerging issues, and best practice trends in the industry and interpret and incorporate changes/updates to EHS programs. Other duties as required. This list is not meant to be a comprehensive inventory of all responsibilities assigned to this position Required Qualifications/Skills: Bachelor’s degree (B.S/B.A) from four-college or university and 0 to 2 years’ related experience and/or training; or equivalent combination of education and experience  Builds stable working relationships internally Follows standard practice and procedures when analyzing situations or data Knowledge of environmental health and safety or a closely related field Knowledge of applied site and regional EHS compliance management. Superior written and oral communication skills, including presentation/training skills. Ability to prioritize and manage multiple and technically assignments concurrently. Organised, analytical, detail-oriented, problem-solver, project management skills and strong focus on results. Willingness and ability to travel throughout the region Preferred Qualifications:  Physical Demand & Work Environment: Must have the ability to perform office-related tasks which may include prolonged sitting or standing Must have the ability to move from place to place within an office environment Must be able to use a computer Must have the ability to communicate effectively  Some positions may require occasional repetitive motion or movements of the wrists, hands, and/or fingers What can Astreya offer you? Employment in the fast-growing IT space providing you with a variety of career options Opportunity to work with some of the biggest firms in the world as part of the Astreya delivery network Introduction to new ways of working and awesome technologies Career paths to help you establish where you want to go Focus on internal promotion and internal mobility - we love to build teams from within Free 24/7 accessible Professional Development through LinkedIn Learning and other online courses to give you opportunities to upskill at your own pace Education Assistance Dedicated management to provide you with on point leadership and care Numerous on the job perks Market competitive compensation and insurance, health and wellness benefits",24/04/2026,Not Specified,"Johor, Malaysia",Astreya,https://astreya.wd5.myworkdayjobs.com/en-US/life-at-astreya-opportunities/job/Johor-Malaysia/Safety-Technician_R0015420,
Data center Logistics (DCL) Service Requirements,"What this Job Entails:  The Inventory Analyst I is responsible for ensuring the timely and correct delivery of data center resources to client sites across the world. The Inventory Analyst will play an integral role in ensuring that our services continue to run and scale along with our customers’ needs. Along with significant execution responsibilities, the Analyst will also participate in process sustainability and improvement initiatives, thus playing a key role in Fulfillment Optimizations evolution. Scope:  Applies company policies and procedures to resolve routine issues Works on problems of limited scope Receives detailed instructions Your Roles and Responsibilities: Assist in machine rack and slot inventory management Engage in deployment plan analysis and execution of established workflows Involved in project tracking  Assist with machine inventory management Responsible for auditing per location inventory and identifying excess inventory Help to determine inventory repurposing and removal path & schedule decommissioning Manage machine reassignments Manage reduction and cancellation of supply orders in response to changes in demand Coordinate with internal teams to schedule removal of TCO negative inventory and delivery of replacement capacity Route and respond to tickets Manage machine drains in advance of decommissioning Monitor transient supply deficits Create and assist in managing deployment plans Perform “cluster health” audits and remediations Monitor customer order delivery performance Mitigate fulfillment interrupts / failures Other duties as required. This list is not meant to be a comprehensive inventory of all responsibilities assigned to this position Required Qualifications/Skills: Bachelor’s degree (B.S/B.A) from four-college or university and 0 to 2 years’ related experience and/or training; or equivalent combination of education and experience  Builds stable working relationships internally Follows standard practice and procedures when analyzing situations or data Basic knowledge of materials and components of machine racks or in-flight racks Knowledge of inventory and order management  Ability to assess current inventory and reassign as needed for infeasible orders Strong organization skills and ability to adapt to a rapidly changing work environment. Excellent documentation, writing, organization and verbal communication skills.  Preferred Qualifications:   Familiarity with project management  ​ Physical Demand & Work Environment: Must have the ability to perform office-related tasks which may include prolonged sitting or standing Must have the ability to move from place to place within an office environment Must be able to use a computer Must have the ability to communicate effectively  Some positions may require occasional repetitive motion or movements of the wrists, hands, and/or fingers",24/04/2026,Not Specified,"Johor, Malaysia",Astreya,https://astreya.wd5.myworkdayjobs.com/en-US/life-at-astreya-opportunities/job/Johor-Malaysia/Data-center-Logistics--DCL--Service-Requirements_R0015419,
Network Infrastructure Engineer,"Travel between Data Centers (40–50 km apart, distance varies as per country) as required to support operations. Provide after-hours or emergency support for network and cabling incidents. Operate in harsh conditions with strict PPE requirements (greenfield construction phase). Carry out supervisory inspection along telco dark fiber routes (remote areas) which may span across 50–80 km or more route. Deploy resources across different sites as operationally necessary. Site escort duties as required. Collaborate with multiple external vendors (cabling vendors, DC provider, telco provider, main contractor, sub contractor) as required. Collaborate with multiple ByteDance internal stakeholders to ensure given task is completed.",24/04/2026,Not Specified,"Johor, Malaysia",Astreya,https://astreya.wd5.myworkdayjobs.com/en-US/life-at-astreya-opportunities/job/Johor-Malaysia/Network-Infrastructure-Engineer_R0015417,
Data Center Operations (Technical),"Data Center Operations (Technical) 24x7 operations monitoring, break-fix, incident and change management, and escalation handling. Routine checks, preventive maintenance coordination, and fault management for critical systems (electrical, mechanical, network). Support for customer onboarding, site access, MOP/SOP/EOP execution, and maintenance scheduling. Reporting of capacity utilization, alarms, and environmental conditions. Site escort duties as required.",24/04/2026,Not Specified,"Johor, Malaysia",Astreya,https://astreya.wd5.myworkdayjobs.com/en-US/life-at-astreya-opportunities/job/Johor-Malaysia/Data-Center-Operations--Technical-_R0015413,
Hardware Support Technician I,"What this Job Entails:  The Hardware Coordinator/Technician I is responsible for the installation, maintenance, and repair of computer systems. The person in this role will examine the systems to validate correct operations and identify errors.  Scope:  Follows established procedures on routine work Requires detailed instructions   Your Roles and Responsibilities: Assists with day-to-day technical support to employees for network infrastructure and internal systems software and hardware.  Installs, configures and troubleshoots desktop systems, workstations, servers and network issues in a diverse environment.  Helps with maintaining passwords, data integrity and file system security for the desktop environment. Communicates highly technical information to both technical and nontechnical personnel.  Helps recommend hardware and software solutions, including new acquisitions and upgrades.  May participate in development of information technology and infrastructure projects.  May help to conduct training programs designed to educate an organization’s computer users about basic and specialized applications.  Other duties as required. This list is not meant to be a comprehensive inventory of all responsibilities assigned to this position Required Qualifications/Skills: High school diploma or general education degree (GED) and 0 to 2 years’ related experience and/or training; or equivalent combination of education and experience Builds stable working relationships internally Follows standard practice and procedures when analyzing situations or data IT savvy with an interest in new technologies Familiarity with IT inventory environment Comfortable with following technical instructions to flash drives, image devices and re-write hardware IDs Strong work ethic Excellent communicator in both written and verbal English Ability to work in a team, but with minimal supervision Able to excel in a fast paced work environment. Ability to learn new things and adapt to a changing environment quickly Understanding of business operations  Able to excel in a technical environment Preferred Qualifications:  Physical Demand & Work Environment: Must have the ability to perform office-related tasks which may include prolonged sitting or standing Must have the ability to move from place to place within an office environment Must be able to use a computer Must have the ability to communicate effectively  Some positions may require occasional repetitive motion or movements of the wrists, hands, and/or fingers Salary Range $39,976.00 - $63,120.00 USD (Salary) Please note that the salary information provided herein is base pay only (gross); it does not include other forms of compensation which may or may not apply to this specific position, namely, performance-based bonuses, benefits-related payments, or other general incentives - none of which are guaranteed, may be subject to specific eligibility requirements, and are wholly within the discretion of Astreya to remit. Further, the salary information noted above is a range that consists of a minimum and maximum rate of pay for this specific position. Where an applicant or employee is placed on this range will depend and be contingent on objective, documented work-related considerations like education, experience, certifications, licenses, preferred qualifications, among other factors. Astreya  offers comprehensive  b enefits to all Regular, Full-Time Employees,   including: Medical provided through UHC (PPO, HSA, Surest options) / Medical provided through Kaiser (HMO option only) for California employees only Dental provided through UHC Nationwide Vision provided by UHC Flexible Spending Account for Health & Dependent Care Pre-Tax Account for Commuter Benefit/Parking & Transit (location-specific) Continuing Education and Professional Development via various integrated platforms, e.g. Udemy and Coursera Corporate Wellness Program provided by Goomi Group Employee Assistance Program Wellness Days 401k Plan Basic and Supplemental Life Insurance Short Term & Long Term Disability Critical Illness, Critical Hospital, and Voluntary Accident Insurance Tuition Reimbursement (available 6 months after start date, capped) Paid Time Off (accrued and prorated, maximum of 120 hours annually) Paid Holidays Any other statutory leaves, paid time, or other ancillary benefits required under state and federal law",24/04/2026,Not Specified,"Remote, CA",Astreya,https://astreya.wd5.myworkdayjobs.com/en-US/life-at-astreya-opportunities/job/Remote-CA/Hardware-Support-Technician-I_R0015424,Full time
Infrastructure Field Service Technician II,"What this Job Entails:  The Field Technician II will provide support to all assigned locations, including data centers and Points of Presence (POPs), and physical site services. The person in this role will coordinate with network teams as well as local vendors for installation, repair and maintenance activities. The Field Technician must have deep knowledge and professional experience deploying (physical layer) rack and stack configurations. This role requires travel. Scope:  Works on assignments that are moderately difficult, requiring judgment in resolving issues Requires some instruction on new assignments and infrequent checks on daily work Your Roles and Responsibilities: Maintain the highest quality standards in all assigned data center locations and remote points of presence (POP). Participate in performing physical installation, repair, maintenance, and testing activities as directed with meticulous attention to driving and maintaining the highest quality standards in the telecommunications industry. Help with performing card adds or replacements, software upgrades, and associated testing. Recommend improvements to processes that may impact the quality of our network assets or improve overall efficiencies for any related process or system. Provide site survey support for OSP and ISP projects, as well as large space & power and/or equipment deployments. Perform site audits and reconcile data discrepancies in coordination with Network Surveillance and other groups as necessary. Support the management of local construction vendors working on behalf of the company to ensure compliance with installation, repair, maintenance MOPs and standards, as well as quality and cleanliness. Meet/coordinate with Local Exchange Carrier (LEC) and other technicians to facilitate timely installation, repair, and maintenance activities as necessary. Perform site surveys in support of network builds, augments, or decommissions. Assist in coordinating site access, equipment staging, and other tasks Other duties as required. This list is not meant to be a comprehensive inventory of all responsibilities assigned to this position Required Qualifications/Skills: Associate's degree (A.A) or equivalent from two-year college or technical school and 2 to 5 years’ related experience and/or training; or equivalent combination of education and experience Builds productive internal and external working relationships Exercises judgment within defined procedures and practices to determine appropriate action Knowledge of data center and POP infrastructure, including experience or deep understanding of OSP, ISP, interfacility cabling, fiber and copper distribution, AC/DC power systems, environmental controls, and relay rack/cabinet/cage construction. Familiarity with installing and maintaining a wide variety of telecom/network equipment, including DWDMs, backbone and management routers, IP switches, as well as all optical and digital infrastructure.  Understanding of splicing, and an understanding of how to maintain and operate within a manhole, vault, or handhole environment. Knowledge of telecommunications testing equipment from microscopes and source and power meters to OTDRs and experience testing across all SONET and Ethernet bandwidths. Knowledge of telecommunications testing standards and procedures from length, wire-mapping, and bit error rate to power, delay, loss, reflectance and dispersion. Knowledge of state and local regulatory standards, procedures, and permitting requirements. Ability to work effectively with local exchange carrier (LEC) and other telecom service provider technicians, building landlords, electricians, construction operators, and non-technical end users. Ability to work independently, diagnose problems and take appropriate action with minimal supervision. Experience with spreadsheets, workflow and project management applications, and administrative software applications. Understanding of how to use a Tier-1 ITSM platform  Physical Demand & Work Environment: Must have the ability to perform office-related tasks which may include prolonged sitting or standing Must have the ability to move from place to place within an office environment Must be able to use a computer Must have the ability to communicate effectively  Some positions may require occasional repetitive motion or movements of the wrists, hands, and/or fingers",24/04/2026,Not Specified,"Singapore, Singapore",Astreya,https://astreya.wd5.myworkdayjobs.com/en-US/life-at-astreya-opportunities/job/Singapore-Singapore/Infrastructure-Field-Service-Technician-II_R0015354,Full time
Project Coordinator I,"Job Description: This is the gateway for a graduate engineer to be exposed to a world-class Network Operations career. The Project Coordinator I will facilitate and coordinate multiple cross functional teams to carry out day to day operations. Your job involves coordination and liaising with multiple teams, smart/remote hands and facility providers. Tasks may vary in number, size and complexity. Scope:  Follows established procedures on routine work Requires detailed instructions  Your Roles and Responsibilities: Provides weekly operational updates including action items. Communicate effectively, maintain and establish a good rapport team and client. Assist with maintaining and monitoring ad-hoc project plans/schedules, work hours and expenditures. Assists with identifying operational/project issues and/or escalating the issue to the team lead. Attending and participating in client meetings as required. Documents and follows up on important actions and decisions from meetings. Collaborates with various regional teams for ticket resolution. Work closely with the Facility providers and Smart Hands to drive the issues. Working with the Hardware vendors ensuring the RMA shipments to and from Facilities. Assists with daily monitoring of the ticketing system and resolving them under defined SLA Promote a culture of effective communication, continuous improvement and innovation through teamwork and business process reviews Assists with identifying trends or recurring problems and escalates to team lead for resolution. Assists with identifying and collaborating on new process improvement opportunities. Helps to develop and maintain knowledge and skills and keep up-to-date with new processes and procedures. Works closely with SDMs/Project Managers to understand and maintain focus on their analytical needs, including assisting with identifying critical metrics and KPIs, and delivering actionable insights to relevant decision-makers. Required to work on oncall roster and preparing/participating in daily handovers. Other duties as required. This list is not meant to be a comprehensive inventory of all responsibilities assigned to this position Required Qualifications/Skills: Bachelor/Diploma preferably in Information Technology or Engineering and 0 to 2 years’ related experience and/or training; or equivalent combination of education and experience. Flexibility essential - the role requires both office and remote commitments, as well as being willing to occasionally adjust work hours due to work with regional colleagues. Familiarity with Microsoft Excel and Google Suite Excellent communication skills, both verbal and written Positive attitude and dependable Excellent customer service skills Ability to work both within a team and independently Ability to multitask and prioritize workload in a fast-paced environment Ability to use good judgment, as well as problem-solving and decision making skills Ability to maintain confidentiality and professional decorum Good to Have: Knowhow of operations inside Data Centers/POPs Handled Logistics / shipments",23/04/2026,Not Specified,"Kuala Lumpur, Malaysia",Astreya,https://astreya.wd5.myworkdayjobs.com/en-US/life-at-astreya-opportunities/job/Kuala-Lumpur-Malaysia/Project-Coordinator-I_R0015216-1,Full time
Hardware Support Technician II,"What this Job Entails:  The Hardware Support Technician II provides procurement, inventory management, asset management, distribution and logistics services for pre-market consumer electronics across the globe. The role also provides technical assistance to ensure the products are getting shipped with the right image. The person in this role works with cutting edge technology and pre-market consumer electronics. Scope:  Works on assignments that are moderately difficult, requiring judgment in resolving issues Requires some instruction on new assignments and infrequent checks on daily work ​ Your Roles and Responsibilities: Participates with inventory and asset management including receipt and disposition of hardware Documents all defects of pre-mass production hardware and/or software Performs hardware reworks (e.g., swapping out boards/chips, removing write-protect screws, etc.) Performs software reworks (e.g., imaging devices to different builds; wipe data, rewrite system hardware ID’s, etc.) Conducts servo flashing, firmware upgrade, flashing unsigned images Resolves support tickets on device issues Provides technical support during events (travel often required) Other duties as required. This list is not meant to be a comprehensive inventory of all responsibilities assigned to this position ​ Required Qualifications/Skills: High school diploma or general education degree (GED) 2 to 5 years’ related experience and/or training; or equivalent combination of education and experience IT savvy and interested in new technologies Knowledgeable about inventory, and comfortable in an IT inventory environment Capable of following technical instructions to flash drives, image devices and re-write hardware IDs Excellent communicator in both written and verbal English Ability to work in a team Ability to excel in a fast paced work environment. Ability to learn new things and adapt to a changing environment quickly Strong organization skills, and able to identify the steps to be taken to achieve objectives Preferred Qualifications:  Data experience Excel experience   ​ Physical Demand & Work Environment: Must have the ability to perform office-related tasks which may include prolonged sitting or standing Must have the ability to move from place to place within an office environment Must be able to use a computer Must have the ability to communicate effectively  Some positions may require occasional repetitive motion or movements of the wrists, hands, and/or fingers ​ What can Astreya offer you? Employment in the fast-growing IT space providing you with a variety of career options Opportunity to work with some of the biggest firms in the world as part of the Astreya delivery network Introduction to new ways of working and awesome technologies Career paths to help you establish where you want to go Focus on internal promotion and internal mobility - we love to build teams from within Free 24/7 accessible Professional Development through LinkedIn Learning and other online courses to give you opportunities to upskill at your own pace Education Assistance Dedicated management to provide you with on point leadership and care Numerous on the job perks Market competitive compensation and insurance, health and wellness benefits  Salary Range $19.22 - $30.35 USD (Hourly) Please note that the salary information provided herein is base pay only (gross); it does not include other forms of compensation which may or may not apply to this specific position, namely, performance-based bonuses, benefits-related payments, or other general incentives - none of which are guaranteed, may be subject to specific eligibility requirements, and are wholly within the discretion of Astreya to remit. Further, the salary information noted above is a range that consists of a minimum and maximum rate of pay for this specific position. Where an applicant or employee is placed on this range will depend and be contingent on objective, documented work-related considerations like education, experience, certifications, licenses, preferred qualifications, among other factors. Astreya  offers comprehensive  b enefits to all Regular, Full-Time Employees,   including: Medical provided through UHC (PPO, HSA, Surest options) / Medical provided through Kaiser (HMO option only) for California employees only Dental provided through UHC Nationwide Vision provided by UHC Flexible Spending Account for Health & Dependent Care Pre-Tax Account for Commuter Benefit/Parking & Transit (location-specific) Continuing Education and Professional Development via various integrated platforms, e.g. Udemy and Coursera Corporate Wellness Program provided by Goomi Group Employee Assistance Program Wellness Days 401k Plan Basic and Supplemental Life Insurance Short Term & Long Term Disability Critical Illness, Critical Hospital, and Voluntary Accident Insurance Tuition Reimbursement (available 6 months after start date, capped) Paid Time Off (accrued and prorated, maximum of 120 hours annually) Paid Holidays Any other statutory leaves, paid time, or other ancillary benefits required under state and federal law",23/04/2026,Not Specified,"Mountain View, CA",Astreya,https://astreya.wd5.myworkdayjobs.com/en-US/life-at-astreya-opportunities/job/Mountain-View-CA/Hardware-Support-Technician-II_R0015374,Full time
Business Analyst IV,"What this Job Entails:    The Business Analyst IV will provide solutions that help attain business outcomes. The Business Analyst will be responsible for helping the team's operational support strategy by working directly with service owners and engineers across our organization to catalogue and assess services, document support designs, prioritize, and implement processes to support the applications they manage.    Scope:  Uses professional concepts and company objectives to resolve complex issues in creative and effective ways Works on complex issues where analysis of situations or data requires an in-depth evaluation of variable factors   Your Roles and Responsibilities: Identify business process gaps and scale current client systems to fill them.  Conduct quantitative/ qualitative data analysis using various tools and functions. Analyze complex business problems that can be solved through change management or system automation.  Manage information and applicable supporting documents and dashboards.  Generate charts and reports as required to demonstrate metric and KPI trends on a monthly or quarterly basis.  Take the lead on working with stakeholders, including 3rd party representatives, to troubleshoot and resolve business systems problems.  Lead work with client stakeholders to improve, automate and align business data with current client processes.  Curate and maintain related support documentation and runbooks (Self help articles, macros, training material, support flows, other documentation). Other duties as required. This list is not meant to be a comprehensive inventory of all responsibilities assigned to this position   Required Qualifications/Skills: Bachelor’s degree (B.S/B.A) from four-college or university and 8+ years’ related experience and/or training; or equivalent combination of education and experience  Networks with key contacts outside own area of expertise Determines methods and procedures on new assignments and may coordinate activities of other personnel Excellent documentation, writing, organization and verbal communication skills.  SQL scripting and usage.  Able to read and create technical documentation.  Understanding of project management.  Excellent organization skills and ability to adapt to a rapidly changing work environment.  Able to create metrics in various systems   Preferred Qualifications:  Skills Preferred: Knowledge of various programming languages.  Education in Statistics.    Physical Demand & Work Environment: Must have the ability to perform office-related tasks which may include prolonged sitting or standing Must have the ability to move from place to place within an office environment Must be able to use a computer Must have the ability to communicate effectively  Some positions may require occasional repetitive motion or movements of the wrists, hands, and/or fingers   What can Astreya offer you? Employment in the fast-growing IT space providing you with a variety of career options Opportunity to work with some of the biggest firms in the world as part of the Astreya delivery network Introduction to new ways of working and awesome technologies Career paths to help you establish where you want to go Focus on internal promotion and internal mobility - we love to build teams from within Free 24/7 accessible Professional Development through LinkedIn Learning and other online courses to give you opportunities to upskill at your own pace Education Assistance Dedicated management to provide you with on point leadership and care Numerous on the job perks Market competitive compensation and insurance, health and wellness benefits",23/04/2026,Not Specified,"Remote, India",Astreya,https://astreya.wd5.myworkdayjobs.com/en-US/life-at-astreya-opportunities/job/Remote-India/Business-Analyst-IV_R0015277,Full time
Data Engineer III,"What this Job Entails:  We are looking for a Data Engineer to join our growing team of analytics experts. The hire will be responsible for expanding and optimizing our data and data pipeline architecture, as well as optimizing data flow and collection for cross functional teams. The Data Engineer will support our data analysts on data initiatives and will ensure optimal data delivery architecture is consistent throughout ongoing projects.  Scope:  Resolves a wide range of issues in creative ways Seasoned, experienced professional with a full understanding of their  specialty Works on problems of a diverse scope  Receives little instruction on day to day work, general instruction on new assignments Your Roles and Responsibilities: Create and maintain optimal data pipeline architecture Assemble large, complex data sets that meet functional / non-functional business requirements. Identify, design, and implement internal process improvements: automating manual processes, optimizing data delivery, re-designing infrastructure for greater scalability, etc. Build the infrastructure required for optimal extraction, transformation, and loading of data from a wide variety of data sources  Build analytics tools that utilize the data pipeline to provide actionable insights into customer acquisition, operational efficiency and other key business performance metrics. Work with stakeholders including the Executive, Product, Data and Design teams to assist with data-related technical issues and support their data infrastructure needs. Create data tools for team members to assist them in building and optimizing analytics production. Work with data and analytics experts to strive for greater functionality in our data systems. Other duties as required. This list is not meant to be a comprehensive inventory of all responsibilities assigned to this position Required Qualifications/Skills: Bachelor’s degree (B.S/B.A) from four-college or university and 5 to 8 years’ related experience and/or training; or equivalent combination of education and experience  Networks with senior internal and external personnel in own area of expertise Demonstrates good judgment in selecting methods and techniques for obtaining solutions Proficiency in languages SAS, Python, Java, and MatLab ETL (Extract, Transform, and Load) Database - SQL and NoSQL Data Warehousing – Hadoop, MapReduce, HIVE, Presto Operating system: UNIX, Linux Follows standard practice and procedures when analyzing situations or data Preferred Qualifications:  Programming language: Javascript, R Basic Machine Learning  Physical Demand & Work Environment: Must have the ability to perform office-related tasks which may include prolonged sitting or standing Must have the ability to move from place to place within an office environment Must be able to use a computer Must have the ability to communicate effectively  Some positions may require occasional repetitive motion or movements of the wrists, hands, and/or fingers",22/04/2026,Not Specified,"Remote, India",Astreya,https://astreya.wd5.myworkdayjobs.com/en-US/life-at-astreya-opportunities/job/Remote-India/Data-Engineer-III_R0015276,Full time
Service Desk Analyst,"What this Job Entails:  The Service Desk Specialist I will support one of Astreya’s key clients. The role will be responsible to troubleshoot and fix desktop/ computer hardware and software issues while striving to deliver excellent customer service to the end-user. You need to be an eager learner and put the learning to practice in-line with company and client policies and procedures. Scope:  Applies company policies and procedures to resolve routine issues Works on problems of limited scope Receives detailed instructions Your Roles and Responsibilities: Follow standard operating, ticketing procedures and work instructions to image, update and resolve computer and software application issues for new and existing employees. Help maintain equipment inventory, including processing RMAs and ordering new equipment. Maintain physical presence at designated service locations and time for employees to pick up the user's computer, or deliver to the end-user. Helps to monitor, update and maintain tickets in a defined ticketing system.  Assists with responding to tickets, contact users and plan workload.  Update, track and escalate the ticket to appropriate levels/group for resolution as required.  Sign-off on closed tickets with the user to include follow up specifically to the end user. Provide routine software and hardware troubleshooting support to employees to resolve common IT problems. Help support access to corporate network/wireless and applications both on the network as well as over VPN. Other duties as required. This list is not meant to be a comprehensive inventory of all responsibilities assigned to this position Required Qualifications/Skills: Bachelor’s degree (B.S/B.A) from four-college or university and 0 to 2 years’ related experience and/or training; or equivalent combination of education and experience  Builds stable working relationships internally Follows standard practice and procedures when analyzing situations or data Ability to work independently with minimal supervision Excellent coordination skills and a team player Ability to identify issues and escalate as needed Excellent written and oral communication skills Strong interpersonal and customer service skills Knowledgeable about hardware, software, and network troubleshooting   Understanding of software application use and installation Ability to resolve technical issues under pressure Preferred Qualifications:  Physical Demand & Work Environment: Must have the ability to perform office-related tasks which may include prolonged sitting or standing Must have the ability to move from place to place within an office environment Must be able to use a computer Must have the ability to communicate effectively  Some positions may require occasional repetitive motion or movements of the wrists, hands, and/or fingers",22/04/2026,Not Specified,"Dublin, Ireland",Astreya,https://astreya.wd5.myworkdayjobs.com/en-US/life-at-astreya-opportunities/job/Dublin-Ireland/Service-Desk-Analyst_R0015393,
Service Desk Analyst,"What this Job Entails:  The Service Desk Specialist I will support one of Astreya’s key clients. The role will be responsible to troubleshoot and fix desktop/ computer hardware and software issues while striving to deliver excellent customer service to the end-user. You need to be an eager learner and put the learning to practice in-line with company and client policies and procedures. Scope:  Applies company policies and procedures to resolve routine issues Works on problems of limited scope Receives detailed instructions Your Roles and Responsibilities: Follow standard operating, ticketing procedures and work instructions to image, update and resolve computer and software application issues for new and existing employees. Help maintain equipment inventory, including processing RMAs and ordering new equipment. Maintain physical presence at designated service locations and time for employees to pick up the user's computer, or deliver to the end-user. Helps to monitor, update and maintain tickets in a defined ticketing system.  Assists with responding to tickets, contact users and plan workload.  Update, track and escalate the ticket to appropriate levels/group for resolution as required.  Sign-off on closed tickets with the user to include follow up specifically to the end user. Provide routine software and hardware troubleshooting support to employees to resolve common IT problems. Help support access to corporate network/wireless and applications both on the network as well as over VPN. Other duties as required. This list is not meant to be a comprehensive inventory of all responsibilities assigned to this position Required Qualifications/Skills: Bachelor’s degree (B.S/B.A) from four-college or university and 0 to 2 years’ related experience and/or training; or equivalent combination of education and experience  Builds stable working relationships internally Follows standard practice and procedures when analyzing situations or data Ability to work independently with minimal supervision Excellent coordination skills and a team player Ability to identify issues and escalate as needed Excellent written and oral communication skills Strong interpersonal and customer service skills Knowledgeable about hardware, software, and network troubleshooting   Understanding of software application use and installation Ability to resolve technical issues under pressure Preferred Qualifications:  Physical Demand & Work Environment: Must have the ability to perform office-related tasks which may include prolonged sitting or standing Must have the ability to move from place to place within an office environment Must be able to use a computer Must have the ability to communicate effectively  Some positions may require occasional repetitive motion or movements of the wrists, hands, and/or fingers",22/04/2026,Not Specified,"London, United Kingdom",Astreya,https://astreya.wd5.myworkdayjobs.com/en-US/life-at-astreya-opportunities/job/London-United-Kingdom/Service-Desk-Analyst_R0015392-1,
Service Desk Analyst,"What this Job Entails:  The Service Desk Specialist I will support one of Astreya’s key clients. The role will be responsible to troubleshoot and fix desktop/ computer hardware and software issues while striving to deliver excellent customer service to the end-user. You need to be an eager learner and put the learning to practice in-line with company and client policies and procedures. Scope:  Applies company policies and procedures to resolve routine issues Works on problems of limited scope Receives detailed instructions Your Roles and Responsibilities: Follow standard operating, ticketing procedures and work instructions to image, update and resolve computer and software application issues for new and existing employees. Help maintain equipment inventory, including processing RMAs and ordering new equipment. Maintain physical presence at designated service locations and time for employees to pick up the user's computer, or deliver to the end-user. Helps to monitor, update and maintain tickets in a defined ticketing system.  Assists with responding to tickets, contact users and plan workload.  Update, track and escalate the ticket to appropriate levels/group for resolution as required.  Sign-off on closed tickets with the user to include follow up specifically to the end user. Provide routine software and hardware troubleshooting support to employees to resolve common IT problems. Help support access to corporate network/wireless and applications both on the network as well as over VPN. Other duties as required. This list is not meant to be a comprehensive inventory of all responsibilities assigned to this position Required Qualifications/Skills: Bachelor’s degree (B.S/B.A) from four-college or university and 0 to 2 years’ related experience and/or training; or equivalent combination of education and experience  Builds stable working relationships internally Follows standard practice and procedures when analyzing situations or data Ability to work independently with minimal supervision Excellent coordination skills and a team player Ability to identify issues and escalate as needed Excellent written and oral communication skills Strong interpersonal and customer service skills Knowledgeable about hardware, software, and network troubleshooting   Understanding of software application use and installation Ability to resolve technical issues under pressure Preferred Qualifications:  Physical Demand & Work Environment: Must have the ability to perform office-related tasks which may include prolonged sitting or standing Must have the ability to move from place to place within an office environment Must be able to use a computer Must have the ability to communicate effectively  Some positions may require occasional repetitive motion or movements of the wrists, hands, and/or fingers",22/04/2026,Not Specified,"Seoul, Korea, Republic of",Astreya,https://astreya.wd5.myworkdayjobs.com/en-US/life-at-astreya-opportunities/job/Seoul-Korea-Republic-of/Service-Desk-Analyst_R0015391-1,
Service Desk Analyst,"What this Job Entails:  The Service Desk Specialist I will support one of Astreya’s key clients. The role will be responsible to troubleshoot and fix desktop/ computer hardware and software issues while striving to deliver excellent customer service to the end-user. You need to be an eager learner and put the learning to practice in-line with company and client policies and procedures. Scope:  Applies company policies and procedures to resolve routine issues Works on problems of limited scope Receives detailed instructions Your Roles and Responsibilities: Follow standard operating, ticketing procedures and work instructions to image, update and resolve computer and software application issues for new and existing employees. Help maintain equipment inventory, including processing RMAs and ordering new equipment. Maintain physical presence at designated service locations and time for employees to pick up the user's computer, or deliver to the end-user. Helps to monitor, update and maintain tickets in a defined ticketing system.  Assists with responding to tickets, contact users and plan workload.  Update, track and escalate the ticket to appropriate levels/group for resolution as required.  Sign-off on closed tickets with the user to include follow up specifically to the end user. Provide routine software and hardware troubleshooting support to employees to resolve common IT problems. Help support access to corporate network/wireless and applications both on the network as well as over VPN. Other duties as required. This list is not meant to be a comprehensive inventory of all responsibilities assigned to this position Required Qualifications/Skills: Bachelor’s degree (B.S/B.A) from four-college or university and 0 to 2 years’ related experience and/or training; or equivalent combination of education and experience  Builds stable working relationships internally Follows standard practice and procedures when analyzing situations or data Ability to work independently with minimal supervision Excellent coordination skills and a team player Ability to identify issues and escalate as needed Excellent written and oral communication skills Strong interpersonal and customer service skills Knowledgeable about hardware, software, and network troubleshooting   Understanding of software application use and installation Ability to resolve technical issues under pressure Preferred Qualifications:  Physical Demand & Work Environment: Must have the ability to perform office-related tasks which may include prolonged sitting or standing Must have the ability to move from place to place within an office environment Must be able to use a computer Must have the ability to communicate effectively  Some positions may require occasional repetitive motion or movements of the wrists, hands, and/or fingers",22/04/2026,Not Specified,"Tokyo, Japan",Astreya,https://astreya.wd5.myworkdayjobs.com/en-US/life-at-astreya-opportunities/job/Tokyo-Japan/Service-Desk-Analyst_R0015389,
Service Desk Analyst,"What this Job Entails:  The Service Desk Specialist I will support one of Astreya’s key clients. The role will be responsible to troubleshoot and fix desktop/ computer hardware and software issues while striving to deliver excellent customer service to the end-user. You need to be an eager learner and put the learning to practice in-line with company and client policies and procedures. Scope:  Applies company policies and procedures to resolve routine issues Works on problems of limited scope Receives detailed instructions Your Roles and Responsibilities: Follow standard operating, ticketing procedures and work instructions to image, update and resolve computer and software application issues for new and existing employees. Help maintain equipment inventory, including processing RMAs and ordering new equipment. Maintain physical presence at designated service locations and time for employees to pick up the user's computer, or deliver to the end-user. Helps to monitor, update and maintain tickets in a defined ticketing system.  Assists with responding to tickets, contact users and plan workload.  Update, track and escalate the ticket to appropriate levels/group for resolution as required.  Sign-off on closed tickets with the user to include follow up specifically to the end user. Provide routine software and hardware troubleshooting support to employees to resolve common IT problems. Help support access to corporate network/wireless and applications both on the network as well as over VPN. Other duties as required. This list is not meant to be a comprehensive inventory of all responsibilities assigned to this position Required Qualifications/Skills: Bachelor’s degree (B.S/B.A) from four-college or university and 0 to 2 years’ related experience and/or training; or equivalent combination of education and experience  Builds stable working relationships internally Follows standard practice and procedures when analyzing situations or data Ability to work independently with minimal supervision Excellent coordination skills and a team player Ability to identify issues and escalate as needed Excellent written and oral communication skills Strong interpersonal and customer service skills Knowledgeable about hardware, software, and network troubleshooting   Understanding of software application use and installation Ability to resolve technical issues under pressure Preferred Qualifications:  Physical Demand & Work Environment: Must have the ability to perform office-related tasks which may include prolonged sitting or standing Must have the ability to move from place to place within an office environment Must be able to use a computer Must have the ability to communicate effectively  Some positions may require occasional repetitive motion or movements of the wrists, hands, and/or fingers",22/04/2026,Not Specified,"Singapore, Singapore",Astreya,https://astreya.wd5.myworkdayjobs.com/en-US/life-at-astreya-opportunities/job/Singapore-Singapore/Service-Desk-Analyst_R0015388,
Service Desk Analyst,"What this Job Entails:  The Service Desk Specialist I will support one of Astreya’s key clients. The role will be responsible to troubleshoot and fix desktop/ computer hardware and software issues while striving to deliver excellent customer service to the end-user. You need to be an eager learner and put the learning to practice in-line with company and client policies and procedures. Scope:  Applies company policies and procedures to resolve routine issues Works on problems of limited scope Receives detailed instructions Your Roles and Responsibilities: Follow standard operating, ticketing procedures and work instructions to image, update and resolve computer and software application issues for new and existing employees. Help maintain equipment inventory, including processing RMAs and ordering new equipment. Maintain physical presence at designated service locations and time for employees to pick up the user's computer, or deliver to the end-user. Helps to monitor, update and maintain tickets in a defined ticketing system.  Assists with responding to tickets, contact users and plan workload.  Update, track and escalate the ticket to appropriate levels/group for resolution as required.  Sign-off on closed tickets with the user to include follow up specifically to the end user. Provide routine software and hardware troubleshooting support to employees to resolve common IT problems. Help support access to corporate network/wireless and applications both on the network as well as over VPN. Other duties as required. This list is not meant to be a comprehensive inventory of all responsibilities assigned to this position Required Qualifications/Skills: Bachelor’s degree (B.S/B.A) from four-college or university and 0 to 2 years’ related experience and/or training; or equivalent combination of education and experience  Builds stable working relationships internally Follows standard practice and procedures when analyzing situations or data Ability to work independently with minimal supervision Excellent coordination skills and a team player Ability to identify issues and escalate as needed Excellent written and oral communication skills Strong interpersonal and customer service skills Knowledgeable about hardware, software, and network troubleshooting   Understanding of software application use and installation Ability to resolve technical issues under pressure Preferred Qualifications:  Physical Demand & Work Environment: Must have the ability to perform office-related tasks which may include prolonged sitting or standing Must have the ability to move from place to place within an office environment Must be able to use a computer Must have the ability to communicate effectively  Some positions may require occasional repetitive motion or movements of the wrists, hands, and/or fingers Salary Range $23.49 - $37.10 USD (Hourly) Please note that the salary information provided herein is base pay only (gross); it does not include other forms of compensation which may or may not apply to this specific position, namely, performance-based bonuses, benefits-related payments, or other general incentives - none of which are guaranteed, may be subject to specific eligibility requirements, and are wholly within the discretion of Astreya to remit. Further, the salary information noted above is a range that consists of a minimum and maximum rate of pay for this specific position. Where an applicant or employee is placed on this range will depend and be contingent on objective, documented work-related considerations like education, experience, certifications, licenses, preferred qualifications, among other factors. Astreya  offers comprehensive  b enefits to all Regular, Full-Time Employees,   including: Medical provided through UHC (PPO, HSA, Surest options) / Medical provided through Kaiser (HMO option only) for California employees only Dental provided through UHC Nationwide Vision provided by UHC Flexible Spending Account for Health & Dependent Care Pre-Tax Account for Commuter Benefit/Parking & Transit (location-specific) Continuing Education and Professional Development via various integrated platforms, e.g. Udemy and Coursera Corporate Wellness Program provided by Goomi Group Employee Assistance Program Wellness Days 401k Plan Basic and Supplemental Life Insurance Short Term & Long Term Disability Critical Illness, Critical Hospital, and Voluntary Accident Insurance Tuition Reimbursement (available 6 months after start date, capped) Paid Time Off (accrued and prorated, maximum of 120 hours annually) Paid Holidays Any other statutory leaves, paid time, or other ancillary benefits required under state and federal law",22/04/2026,Not Specified,"Bellevue, WA",Astreya,https://astreya.wd5.myworkdayjobs.com/en-US/life-at-astreya-opportunities/job/Bellevue-WA/Service-Desk-Analyst_R0015387,
Service Desk Analyst,"What this Job Entails:  The Service Desk Specialist I will support one of Astreya’s key clients. The role will be responsible to troubleshoot and fix desktop/ computer hardware and software issues while striving to deliver excellent customer service to the end-user. You need to be an eager learner and put the learning to practice in-line with company and client policies and procedures. Scope:  Applies company policies and procedures to resolve routine issues Works on problems of limited scope Receives detailed instructions Your Roles and Responsibilities: Follow standard operating, ticketing procedures and work instructions to image, update and resolve computer and software application issues for new and existing employees. Help maintain equipment inventory, including processing RMAs and ordering new equipment. Maintain physical presence at designated service locations and time for employees to pick up the user's computer, or deliver to the end-user. Helps to monitor, update and maintain tickets in a defined ticketing system.  Assists with responding to tickets, contact users and plan workload.  Update, track and escalate the ticket to appropriate levels/group for resolution as required.  Sign-off on closed tickets with the user to include follow up specifically to the end user. Provide routine software and hardware troubleshooting support to employees to resolve common IT problems. Help support access to corporate network/wireless and applications both on the network as well as over VPN. Other duties as required. This list is not meant to be a comprehensive inventory of all responsibilities assigned to this position Required Qualifications/Skills: Bachelor’s degree (B.S/B.A) from four-college or university and 0 to 2 years’ related experience and/or training; or equivalent combination of education and experience  Builds stable working relationships internally Follows standard practice and procedures when analyzing situations or data Ability to work independently with minimal supervision Excellent coordination skills and a team player Ability to identify issues and escalate as needed Excellent written and oral communication skills Strong interpersonal and customer service skills Knowledgeable about hardware, software, and network troubleshooting   Understanding of software application use and installation Ability to resolve technical issues under pressure Preferred Qualifications:  Physical Demand & Work Environment: Must have the ability to perform office-related tasks which may include prolonged sitting or standing Must have the ability to move from place to place within an office environment Must be able to use a computer Must have the ability to communicate effectively  Some positions may require occasional repetitive motion or movements of the wrists, hands, and/or fingers Salary Range $48,868.00 - $77,160.00 USD (Salary) Please note that the salary information provided herein is base pay only (gross); it does not include other forms of compensation which may or may not apply to this specific position, namely, performance-based bonuses, benefits-related payments, or other general incentives - none of which are guaranteed, may be subject to specific eligibility requirements, and are wholly within the discretion of Astreya to remit. Further, the salary information noted above is a range that consists of a minimum and maximum rate of pay for this specific position. Where an applicant or employee is placed on this range will depend and be contingent on objective, documented work-related considerations like education, experience, certifications, licenses, preferred qualifications, among other factors. Astreya  offers comprehensive  b enefits to all Regular, Full-Time Employees,   including: Medical provided through UHC (PPO, HSA, Surest options) / Medical provided through Kaiser (HMO option only) for California employees only Dental provided through UHC Nationwide Vision provided by UHC Flexible Spending Account for Health & Dependent Care Pre-Tax Account for Commuter Benefit/Parking & Transit (location-specific) Continuing Education and Professional Development via various integrated platforms, e.g. Udemy and Coursera Corporate Wellness Program provided by Goomi Group Employee Assistance Program Wellness Days 401k Plan Basic and Supplemental Life Insurance Short Term & Long Term Disability Critical Illness, Critical Hospital, and Voluntary Accident Insurance Tuition Reimbursement (available 6 months after start date, capped) Paid Time Off (accrued and prorated, maximum of 120 hours annually) Paid Holidays Any other statutory leaves, paid time, or other ancillary benefits required under state and federal law",22/04/2026,Not Specified,"San Francisco, CA",Astreya,https://astreya.wd5.myworkdayjobs.com/en-US/life-at-astreya-opportunities/job/San-Francisco-CA/Service-Desk-Analyst_R0015383,
Asset Management III,"Essential Duties and Responsibilities:  Astreya is placing a Software Asset Manager to lead a ServiceNow SAM Pro program at one of our key clients, a global financial services and investment research firm. This is a program leadership position rather than a platform administration role.   The successful candidate will own the program charter, manage stakeholder relationships, handle publisher compliance positions, and build a sustainable governance model. You will act as the client-facing program lead across four distinct phases, partnering closely with our client's internal teams and Astreya's SW Data Analyst based in Mumbai.   Phase-by-Phase Responsibilities Phase 0: Assessment Sprint (Days 1–30):  Lead a 14-point assessment covering discovery tool stacks, CMDB health, and system integrations. Interview key IT, Procurement, HR, and ServiceNow teams to gather findings. Author the SAM Readiness Report and establish program OKRs based on baseline data. Present the report to our client's IT leadership within 30 days. Phase 1: Foundation (Days 31–120):  Define the multi-source discovery architecture across Windows, MacOS, and agentless surfaces. Oversee the loading of entitlement records for Tier 1 publishers like Microsoft, Oracle, Adobe, IBM, and SAP. Integrate entitlement record creation into the procurement workflow to ensure every software PO generates a record within 24 hours. Phase 2: Operationalize (Days 121–210):  Produce the first Effective License Position (ELP) for all Tier 1 publishers by Day 130. Design and implement a reclamation workflow and lead a license downgrade optimization program to document savings. Deliver SAM training, build out knowledge base articles, and publish the signed SAM Program Charter. Phase 3: Managed Operations (Day 211 Onwards):  Own the monthly ELP refresh cycle and distribute compliance reports to leadership. Manage publisher relationships and lead audit responses when triggered by Tier 1 publishers. Facilitate operations and business reviews to present OKR progress, YTD savings, and audit readiness scores.   Core Duties Own the SAM program charter, scope, and governance model across all implementation phases. Manage cross-functional relationships across Finance, Procurement, IT, Security, and HR. Escalate and manage data quality issues that block ELP accuracy through to resolution. Monitor Publisher Pack release notes monthly to flag licensing model changes. Support software vendor contract negotiations utilizing SAM data as the primary evidence source. Own the renewal pipeline by surfacing upcoming renewals 90, 180, and 365 days in advance.   Required Qualifications (Non-Negotiable) Program Rollout Experience:  Candidates must possess hands-on program rollout experience; individuals who have only operated a steady-state mature program will not meet the bar for this engagement. Experience Level:  Minimum 5 years of experience in a Software Asset Management role. Implementation Leadership:  At least 2 years directly delivering or leading a ServiceNow SAM Pro implementation from Phase 0 to first ELP publication. Discovery Architecture:  Demonstrated experience designing multi-source discovery architecture across at least two endpoint management platforms. Entitlement Loading:  Hands-on experience loading entitlement records from purchase order data for at least three Tier 1 publishers. ELP Production:  Proven experience producing and validating an ELP for Microsoft, along with at least one of Oracle or Adobe. Workflow Integration:  Experience running reclamation workflows and integrating SAM Pro into ITSM onboarding or offboarding workflows. Licensing Knowledge:  Deep understanding of licensing models for Microsoft, Oracle, Adobe, IBM, and Apple VPP. Platform Proficiency:  Strong working knowledge of ServiceNow SAM Pro, ServiceNow ITSM, Microsoft Intune/SCCM, Jamf Pro, and ServiceNow Integration Hub.   Preferred Qualifications ServiceNow Certified Implementation Specialist (CIS) in Software Asset Management. Experience with endpoint intelligence tools like Tanium Asset and Performance or Nexthink. Experience utilizing SaaS License Management in ServiceNow, including Okta integration. Prior experience in a client-embedded program lead role at a managed services provider or consultancy. Familiarity with VDI environments (Citrix, VMware Horizon, Azure Virtual Desktop) and their impact on Microsoft and Oracle license counting.   Key Success Outcomes Day 30:  Deliver the SAM Readiness Report with all Phase 0 discovery questions answered and OKRs baselined. Day 120:  Pass all six Phase 1 gate criteria, achieve a CMDB health score above 85%, and ensure Tier 1 entitlement records are loaded. Day 130:  Publish and validate the first ELP for all Tier 1 publishers. Day 210:  Ensure cross-functional dashboards are live, workflows are active, and governance cadences are fully established. Year 1:  Achieve a SAM program ROI above 3:1, maintain zero unresolved Tier 1 publisher shortfalls, and hit an audit readiness score above 90% for all Tier 1 publishers. Salary Range $98,560.00 - $134,400.00 USD (Salary) Please note that the salary information provided herein is base pay only (gross); it does not include other forms of compensation which may or may not apply to this specific position, namely, performance-based bonuses, benefits-related payments, or other general incentives - none of which are guaranteed, may be subject to specific eligibility requirements, and are wholly within the discretion of Astreya to remit. Further, the salary information noted above is a range that consists of a minimum and maximum rate of pay for this specific position. Where an applicant or employee is placed on this range will depend and be contingent on objective, documented work-related considerations like education, experience, certifications, licenses, preferred qualifications, among other factors. Astreya  offers comprehensive  b enefits to all Regular, Full-Time Employees,   including: Medical provided through UHC (PPO, HSA, Surest options) / Medical provided through Kaiser (HMO option only) for California employees only Dental provided through UHC Nationwide Vision provided by UHC Flexible Spending Account for Health & Dependent Care Pre-Tax Account for Commuter Benefit/Parking & Transit (location-specific) Continuing Education and Professional Development via various integrated platforms, e.g. Udemy and Coursera Corporate Wellness Program provided by Goomi Group Employee Assistance Program Wellness Days 401k Plan Basic and Supplemental Life Insurance Short Term & Long Term Disability Critical Illness, Critical Hospital, and Voluntary Accident Insurance Tuition Reimbursement (available 6 months after start date, capped) Paid Time Off (accrued and prorated, maximum of 120 hours annually) Paid Holidays Any other statutory leaves, paid time, or other ancillary benefits required under state and federal law",22/04/2026,Not Specified,"Chicago, IL",Astreya,https://astreya.wd5.myworkdayjobs.com/en-US/life-at-astreya-opportunities/job/Chicago-IL/Asset-Management-III_R0015299,Full time
Field Services Technician I,"Key Deliverables by Level   Deliverable Level 1 - Associate Field Services Technician I Respond to IT service tickets using documented procedures and supervision  Assist with workstation setups and peripheral connections Perform basic AV checks and room readiness tasks  Support imaging and deployments under direction Maintain accurate ticket documentation in ITSM tools (e.g., ServiceNow)  Follow proper inventory handling, tagging, and tracking Escalate unresolved issues appropriately Adhere to safety protocols and client-specific guidelines Field Services Technician II(Lead Single Man Sites) Independently manage onsite IT support at single-person or lead-assigned locations Serve as the primary contact for end-user technical needs Own AV/conference room setup, maintenance, and issue resolution Execute full lifecycle support: imaging, deployment, recovery, e-waste Oversee inventory reconciliation and tool usage Prioritize and resolve tickets aligned to SLA targets Identify recurring issues and suggest process improvements Provide informal mentorship and support to visiting or junior technicians Uphold Astreya’s quality and service standards through professional communication and client interaction   Essential Duties and Responsibilities (All Levels):  End-User Support Provide onsite and remote technical support for end users, including desktops, laptops, peripherals, and mobile devices.   Troubleshoot and resolve common hardware and software issues.   Deliver a high-quality, customer-focused service experience in a timely manner.   Ticket Management Receive, document, and close support requests in ITSM tools (e.g., ServiceNow).   Prioritize tickets based on urgency and impact.   Escalate complex or unresolved issues following defined protocols.   Hardware Deployment & Recovery Assist with or independently perform workstation deployments, device imaging, and equipment setup.   Support device recovery, re-imaging, and e-waste processes according to lifecycle guidelines.   Ensure accurate labeling, tagging, and asset tracking for all deployed equipment.   Inventory & Asset Management Maintain and reconcile inventory of IT equipment and accessories at assigned site.   Use asset tracking systems to manage device records, check-ins/outs, and stock levels.   Participate in regular audits and support logistics for shipping/receiving hardware.   AV & Conference Room Support Perform regular checks and basic troubleshooting of AV equipment (displays, microphones, cameras).   Set up and tear down conference room tech for meetings or events.   Support room readiness, monitor usage, and report or resolve AV issues.   Documentation & Process Compliance Follow documented processes and standard operating procedures (SOPs) for all support tasks.   Maintain clear and concise documentation for resolutions, escalations, and asset updates.   Adhere to Astreya and client-specific protocols, including change and incident management.    Customer Service & Communication Serve as a visible, approachable point of contact for IT-related issues at the site.   Communicate effectively with users to understand issues and set clear service expectations.   Represent Astreya’s service commitment with professionalism and courtesy.   Level II Additional Responsibilities: Team Collaboration  At Level II, act as the lead or sole technician on-site and coordinate with remote teams or vendors.   Provide informal mentorship to junior techs or new team members visiting the site.   Share site-specific insights or recurring issue trends to help improve service delivery.   Education and/or Work Experience Requirements:    Level I Required : High School Diploma or GED   Preferred : Enrollment in IT-related coursework or vocational training   Certifications  (plus): CompTIA A+ Google IT Support Certificate or similar entry-level credential   Level II Required:  High School Diploma or GED   Preferred: Associate’s degree in Information Technology, Computer Science, or a related field Prior experience working independently or at a single-technician site   Certifications CompTIA A+ and/or Network+   ITIL Foundation   AVIXA CTS (for AV specialization track)   JAMF, Apple Certified Support Professional (ACSP), or MDM tools (for DSS specialization)   Knowledge, Skills & Abilities (KSAs):   Technical: Knowledge of Windows 10/11, macOS, and basic Linux environments   Ability to troubleshoot, repair, and deploy desktops, laptops, and peripherals   Familiarity with mobile device platforms (iOS, Android) and basic MDM concepts   Understanding of AV/VC systems (Zoom, Meet, Webex) and conference room technology   Basic knowledge of networking concepts (IP, DNS, DHCP, connectivity troubleshooting)   Proficiency with ITSM/ticketing platforms (e.g., ServiceNow, Jira)   Ability to image and deploy devices using tools like SCCM, JAMF, or MDT   Experience with inventory and asset tracking tools for lifecycle management   Awareness of IT security best practices and safe handling of equipment   Ability to follow standard operating procedures (SOPs) and technical documentation   Soft Skills: Strong verbal and written communication skills for working with end users   Excellent customer service orientation and active listening   Effective time management and ability to prioritize multiple tasks   Strong problem-solving and analytical thinking in fast-paced environments   Ability to collaborate with teammates and cross-functional teams   High level of professionalism, reliability, and accountability   Adaptability to changing technologies, priorities, and client environments   Self-motivated with the ability to take initiative and follow through   Ability to work independently, especially at single-technician sites (L2)   Willingness to mentor peers or junior team members (at Level II)   Each level, 1 - 2, represents a progression in complexity, autonomy, and responsibility. The higher the level, the more critical thinking, leadership, and expertise are required.   Competency  Level I Level 2 Hardware Support & Troubleshooting Follow basic procedures   Independently diagnoses and resolves issues.   OS & Platform Knowledge Supports Windows/macOS basics Supports and configures multiple OS platforms Mobile & Endpoint Management Basic support for mobile devices MDM exposure, configures and supports endpoints AV/VC Systems Performs room checks, reports issues Troubleshoots AV problems and supports meetings Networking Fundamentals Understands connectivity basics Diagnoses common network-related issues Imaging & Deployment Assists with imaging Performs full device imaging and deployments Inventory & Asset Management Tags and tracks equipment   Manages and reconciles inventory independently ITSM & Ticket Management Updates and closes tickets Owns queue, manages SLAs, escalates as needed   Physical Requirements:    Lifting & Carrying :   Must be able to regularly lift and carry up to  50 lbs (22 kg)   Includes monitors, CPUs, AV equipment, and other IT hardware   Mobility & Posture :   Frequent  standing, walking, bending, kneeling, crouching , and  reaching   May require working in tight or awkward spaces (e.g., under desks, behind racks)   Manual Dexterity :   Ability to  use hands and fingers  to handle, install, or adjust small components and cables   Use of standard IT tools (e.g., screwdrivers, cable testers, label printers)   Vision & Focus :   Close vision required for reading device labels, part numbers, and screen details   Must be able to focus on a computer screen for extended periods   Work Environment :   Work performed primarily in  office, data center, and/or AV-equipped conference rooms   Exposure to  electric components, server noise, and climate-controlled spaces   Onsite Requirements :   This is a  100% onsite role ; presence during working hours is mandatory   Occasional local travel may be required (for multi-building campuses or nearby sites)",21/04/2026,Not Specified,2 Locations,Astreya,https://astreya.wd5.myworkdayjobs.com/en-US/life-at-astreya-opportunities/job/Tel-Aviv-Israel/Field-Services-Technician-I_R0014326,Full time
Senior Telecommunications Engineer,"Astreya is seeking a highly skilled and experienced Senior Telecommunications Engineer. This position is responsible for the independent design, implementation, and technical management of telecommunications projects, balancing technical execution with project leadership, including contract development and stakeholder representation. The engineer is well versed in  Microwave, LAN/WAN, RF  technologies and serves as a bridge between high-level project goals and detailed design, ensuring that all solutions are technically sound, cost-effective, and aligned with both immediate needs and long-term infrastructure health. Essential Duties and Responsibilities: Technical Design & Engineering Strategy Conceptual Design: Develop conceptual designs, construction packages, and innovative solutions for challenging technical issues. Standards & Compliance: Create designs in compliance with all applicable standards, regulations, and industry best practices. Technical Expertise: Experienced in Microwave, LAN/WAN and RF technologies Technical Analysis: Perform engineering analyses, comparative studies of alternatives, and detailed impact analyses of technical issues. Documentation: Spec and create Bills of Material (BOM), ensure completion of drawings, and work with design engineers to guarantee final documentation accuracy. Innovation: Keep up-to-date on emerging technologies and their applications to telecommunications systems. Project Leadership Strategic Advice: Provide technical advice to Project Managers regarding the scheduling of technical activities and their budget impact. Estimating: Create engineering estimates in collaboration with team members to ensure consistent product delivery. Field Execution: Perform job walk downs and handoffs at various project sites, including substations and construction sites. Issue Resolution: Provide detailed project engineering support and resolve technical issues as they arise in operational settings. Safety Leadership :  Execute all actions and decisions with safety as the top priority; instill safety best practices into all job functions. Stakeholder Management & Communication  Client Relations: Establish clear communications with internal and external clients to ensure project scope is well-defined and meets needs. Collaboration: Build constructive and effective relationships with stakeholders and communicate effectively with suppliers and contractors. Knowledge Sharing: Act as a resource for engineering expertise and facilitate discussions to ensure accurate decision-making processes. Reporting: Communicate technical and process issues—and their impact on the project schedule—clearly and succinctly.   Education and/or Work Experience Requirements:  Bachelor’s degree in Computer Science, Engineering, Information Systems, or a related field (or equivalent experience). 8+ years of experience as a Telecom Engineer, including field and site visits 5+ years of technical experience working with Microwave, LAN/WAN, and RF technologies Experience in Utilities (preferred) Knowledge, Skills & Abilities (KSAs): Knowledge and Abilities Strong analytical and problem-solving skills with attention to operational risk. Ability to work effectively in a highly regulated, safety-focused environment. High adaptability to changing regulatory, operational, and technical requirements. Proactive approach to identifying and mitigating integration risks. Excellent communication and collaboration skills across IT, operations, and business teams. Commitment to quality, reliability, and continuous improvement in support of Astreya and the client’s mission. Physical Requirements:    May or may not be in a client and or Remote work environment that requires sitting/standing for extended periods of time.  Manual dexterity and proficiency with computers and typing, often for several hours a day.  This includes using a keyboard, mouse, and video conferencing equipment.  Visual and auditory abilities to review digital content, read documents, participate in virtual meetings, and communicate and collaborate effectively using various platforms. While most work will be conducted from a desk, remote work may still require basic mobility for home office setup adjustments, attending virtual presentations, or organizing workspace materials.   While primarily sedentary, this role benefits from incorporating breaks, stretching, and ergonomic adjustments to prevent strain from prolonged screen time.   Ability to perform office-based tasks including prolonged use of computer systems, attending meetings and training sessions in person or virtually, including travel to PG&E offices or other field based locations, as required. Effective verbal and written communication across mediums (email, chat, call) Occasional repetitive motions (typing, mouse use, bending, walking, standing, reaching, lifting and carrying light materials - typically < 15 pounds) May require occasional extended work hours or a flexible schedule to manage incident escalation, system deployments, or critical operational needs Salary Range $72,960.00 - $115,200.00 USD (Salary) Please note that the salary information provided herein is base pay only (gross); it does not include other forms of compensation which may or may not apply to this specific position, namely, performance-based bonuses, benefits-related payments, or other general incentives - none of which are guaranteed, may be subject to specific eligibility requirements, and are wholly within the discretion of Astreya to remit. Further, the salary information noted above is a range that consists of a minimum and maximum rate of pay for this specific position. Where an applicant or employee is placed on this range will depend and be contingent on objective, documented work-related considerations like education, experience, certifications, licenses, preferred qualifications, among other factors. Astreya  offers comprehensive  b enefits to all Regular, Full-Time Employees,   including: Medical provided through UHC (PPO, HSA, Surest options) / Medical provided through Kaiser (HMO option only) for California employees only Dental provided through UHC Nationwide Vision provided by UHC Flexible Spending Account for Health & Dependent Care Pre-Tax Account for Commuter Benefit/Parking & Transit (location-specific) Continuing Education and Professional Development via various integrated platforms, e.g. Udemy and Coursera Corporate Wellness Program provided by Goomi Group Employee Assistance Program Wellness Days 401k Plan Basic and Supplemental Life Insurance Short Term & Long Term Disability Critical Illness, Critical Hospital, and Voluntary Accident Insurance Tuition Reimbursement (available 6 months after start date, capped) Paid Time Off (accrued and prorated, maximum of 120 hours annually) Paid Holidays Any other statutory leaves, paid time, or other ancillary benefits required under state and federal law",19/04/2026,Not Specified,"San Ramon, CA",Astreya,https://astreya.wd5.myworkdayjobs.com/en-US/life-at-astreya-opportunities/job/San-Ramon-CA/Field-Engineer_R0015044,Full time
Network & Data Center Practice Lead,"Position Overview The Network & Data Center Practice Lead is responsible for owning and scaling a core technical service line within the organization. This leader defines practice strategy, builds market-ready services, drives pre-sales excellence, and oversees delivery governance to ensure high performance, consistent quality, and exceptional customer satisfaction. The ideal candidate brings deep hands-on expertise in enterprise and hyperscale data center architecture—including switching, routing, optical transport, compute, storage, automation, and physical infrastructure. They understand how global networks and data center ecosystems are engineered, operated, scaled, and optimized. This role collaborates closely with Sales, Solutions Architecture, Delivery, PMO, Talent Acquisition, and Executive Leadership to accelerate growth across regions and clients. Key Responsibilities Service Line Ownership & Strategy Own the long-term strategy, roadmap, and vision for Network & Data Center services. Develop scalable service offerings (NOC, DC Operations, Network Deployment, Smart Hands, Monitoring, SDN, RAN/Wireless, etc.). Perform market and competitive research to stay ahead of technology trends (AI Ops, automation, optical, hyperscale DC frameworks). Build pricing models, delivery frameworks, and cost structures. Define success metrics, SLAs/SLOs, KPIs, and performance standards. Partner with leadership on P&L management, margin optimization, and growth strategies. Identify and evaluate strategic technology partners, platforms, and tools. Solutions & Pre-Sales Support Act as the primary SME for Networking & Data Center solutions. Support RFP/RFI/RFQ processes with architecture inputs, SOW creation, and LOE estimates. Lead customer discovery workshops and technical deep dives. Validate proposed solutions for scalability, security, cost efficiency, and operational readiness. Collaborate with Sales and Service Delivery Managers to shape account strategies and technical roadmaps. Present complex solutions to executive stakeholders in clear business terms. Define talent profiles, skill matrices, and resource plans to support new service opportunities. Delivery Governance & Quality Create and maintain delivery playbooks, SOPs, runbooks, escalation matrices, and operational workflows. Partner with Delivery leaders to drive operational excellence across all engagements. Ensure strict adherence to SLA/SLI commitments, MTTR/MTTA targets, and QoS metrics. Oversee technical escalations; guide teams through RCA and service improvement initiatives. Champion continuous improvement, automation, and tooling enhancements. Standardize best practices across global regions (Americas, APAC, EMEA). Participate in QBRs/MORs to provide technical oversight and future-state guidance for strategic customers. Required Technical Expertise 10+ years designing, deploying, and supporting enterprise or hyperscale data centers. Deep understanding of global network architecture: routing, switching, firewalls, optical transport, load balancing, wireless, and site interconnect. Experience with data center physical infrastructure (rack/stack, structured cabling, power/cooling, IDF/MDF layouts, fiber plants). Familiarity with AI/ML monitoring tools, observability platforms, automation frameworks, CMDB, and ITSM processes. Strong knowledge of NOC operations: incident lifecycle, SLO/SLA management, MTTA/MTTR optimization, noise reduction, and escalation models. Experience with multisite, globally distributed network design and operations. Cloud network integration (AWS, GCP, Azure) experience is a plus. Preferred certifications:   CCNP/CCIE , Data Center Specialist,   CDCP/CDCS , or equivalent hyperscale experience. Leadership & Business Skills Proven experience leading a technical practice or large service line. Strong pre-sales, client-facing, and executive communication skills. Ability to guide cross-functional teams across architecture, delivery, PMO, and operations. Expertise in developing structured processes, documentation, and operational playbooks. Strong business and financial acumen: margin management, labor models, utilization, and resource planning. Ability to coach and mentor technical teams; build capability and career pathways. Minimum Qualifications Bachelor’s degree in Computer Science, Engineering, or related field (or equivalent experience). 10–15 years in Networking, Data Center Engineering, or technical operations. 5+ years in a leadership, practice lead, service owner, or similar role within an MSP, ISP, CSP, or hyperscale environment. Salary Range $132,240.00 - $208,800.00 USD (Salary) Please note that the salary information provided herein is base pay only (gross); it does not include other forms of compensation which may or may not apply to this specific position, namely, performance-based bonuses, benefits-related payments, or other general incentives - none of which are guaranteed, may be subject to specific eligibility requirements, and are wholly within the discretion of Astreya to remit. Further, the salary information noted above is a range that consists of a minimum and maximum rate of pay for this specific position. Where an applicant or employee is placed on this range will depend and be contingent on objective, documented work-related considerations like education, experience, certifications, licenses, preferred qualifications, among other factors. Astreya  offers comprehensive  b enefits to all Regular, Full-Time Employees,   including: Medical provided through UHC (PPO, HSA, Surest options) / Medical provided through Kaiser (HMO option only) for California employees only Dental provided through UHC Nationwide Vision provided by UHC Flexible Spending Account for Health & Dependent Care Pre-Tax Account for Commuter Benefit/Parking & Transit (location-specific) Continuing Education and Professional Development via various integrated platforms, e.g. Udemy and Coursera Corporate Wellness Program provided by Goomi Group Employee Assistance Program Wellness Days 401k Plan Basic and Supplemental Life Insurance Short Term & Long Term Disability Critical Illness, Critical Hospital, and Voluntary Accident Insurance Tuition Reimbursement (available 6 months after start date, capped) Paid Time Off (accrued and prorated, maximum of 120 hours annually) Paid Holidays Any other statutory leaves, paid time, or other ancillary benefits required under state and federal law",19/04/2026,Not Specified,15 Locations,Astreya,https://astreya.wd5.myworkdayjobs.com/en-US/life-at-astreya-opportunities/job/Remote-FL/Network---Data-Center-Practice-Lead_R0013849,Full time
Field Technician II,"What this Job Entails:  The Field Technician II will provide support to all assigned locations, including data centers and Points of Presence (POPs), and physical site services. The person in this role will coordinate with network teams as well as local vendors for installation, repair and maintenance activities. The Field Technician must have deep knowledge and professional experience deploying (physical layer) rack and stack configurations. This role requires travel. Scope:  Works on assignments that are moderately difficult, requiring judgment in resolving issues Requires some instruction on new assignments and infrequent checks on daily work Your Roles and Responsibilities: Maintain the highest quality standards in all assigned data center locations and remote points of presence (POP). Participate in performing physical installation, repair, maintenance, and testing activities as directed with meticulous attention to driving and maintaining the highest quality standards in the telecommunications industry. Help with performing card adds or replacements, software upgrades, and associated testing. Recommend improvements to processes that may impact the quality of our network assets or improve overall efficiencies for any related process or system. Provide site survey support for OSP and ISP projects, as well as large space & power and/or equipment deployments. Perform site audits and reconcile data discrepancies in coordination with Network Surveillance and other groups as necessary. Support the management of local construction vendors working on behalf of the company to ensure compliance with installation, repair, maintenance MOPs and standards, as well as quality and cleanliness. Meet/coordinate with Local Exchange Carrier (LEC) and other technicians to facilitate timely installation, repair, and maintenance activities as necessary. Perform site surveys in support of network builds, augments, or decommissions. Assist in coordinating site access, equipment staging, and other tasks Other duties as required. This list is not meant to be a comprehensive inventory of all responsibilities assigned to this position Required Qualifications/Skills: Associate's degree (A.A) or equivalent from two-year college or technical school and 2 to 5 years’ related experience and/or training; or equivalent combination of education and experience Builds productive internal and external working relationships Exercises judgment within defined procedures and practices to determine appropriate action Knowledge of data center and POP infrastructure, including experience or deep understanding of OSP, ISP, interfacility cabling, fiber and copper distribution, AC/DC power systems, environmental controls, and relay rack/cabinet/cage construction. Familiarity with installing and maintaining a wide variety of telecom/network equipment, including DWDMs, backbone and management routers, IP switches, as well as all optical and digital infrastructure.  Understanding of splicing, and an understanding of how to maintain and operate within a manhole, vault, or handhole environment. Knowledge of telecommunications testing equipment from microscopes and source and power meters to OTDRs and experience testing across all SONET and Ethernet bandwidths. Knowledge of telecommunications testing standards and procedures from length, wire-mapping, and bit error rate to power, delay, loss, reflectance and dispersion. Knowledge of state and local regulatory standards, procedures, and permitting requirements. Ability to work effectively with local exchange carrier (LEC) and other telecom service provider technicians, building landlords, electricians, construction operators, and non-technical end users. Ability to work independently, diagnose problems and take appropriate action with minimal supervision. Experience with spreadsheets, workflow and project management applications, and administrative software applications. Understanding of how to use a Tier-1 ITSM platform  Physical Demand & Work Environment: Must have the ability to perform office-related tasks which may include prolonged sitting or standing Must have the ability to move from place to place within an office environment Must be able to use a computer Must have the ability to communicate effectively  Some positions may require occasional repetitive motion or movements of the wrists, hands, and/or fingers Salary Range $28.76 - $45.40 USD (Hourly) Please note that the salary information provided herein is base pay only (gross); it does not include other forms of compensation which may or may not apply to this specific position, namely, performance-based bonuses, benefits-related payments, or other general incentives - none of which are guaranteed, may be subject to specific eligibility requirements, and are wholly within the discretion of Astreya to remit. Further, the salary information noted above is a range that consists of a minimum and maximum rate of pay for this specific position. Where an applicant or employee is placed on this range will depend and be contingent on objective, documented work-related considerations like education, experience, certifications, licenses, preferred qualifications, among other factors.",18/04/2026,Not Specified,2 Locations,Astreya,https://astreya.wd5.myworkdayjobs.com/en-US/life-at-astreya-opportunities/job/Council-Bluffs-IA/Field-Technician-II_R0015346,Full time
Project Coordinator II,"What this Job Entails:  The Project Coordinator II will plan and coordinate aspects of internal projects from initiation to delivery. Projects often involve network, server, or software implementation and upgrades, PC deployment and the like. Projects may vary in number, size and complexity. Scope:  Works on assignments that are moderately difficult, requiring judgment in resolving issues Requires some instruction on new assignments and infrequent checks on daily work Your Roles and Responsibilities: Gather and maintain project requirement lists. Provides weekly project updates including action item updates. Schedules and coordinates project reviews and follows up on assigned actions. Effectively and accurately communicate status to the project team. Maintains and monitors project plans, project schedules, work hours and expenditures. Assists with identifying project issues, determining the right team member to provide a solution, and/or escalating the issue to the client manager. Takes part in organizing, attending and participating in stakeholder meetings. Documents and follows up on important actions and decisions from meetings. Collaborates with various regional teams responsible for project resources and ticket resolution. Assists with daily monitoring of the ticketing system, reassigning tickets where required. Produces regular reports as required. Assists with identifying trends or recurring problems and escalates to management for resolution. Assists with locating and defining new process improvement opportunities. Develops and maintains knowledge and skills and keeps up-to-date with new processes and procedures. Works closely with SDMs/Project Managers to understand and maintain focus on their analytical needs, including assisting with identifying critical metrics and KPIs, and delivering actionable insights to relevant decision-makers. Other duties as required. This list is not meant to be a comprehensive inventory of all responsibilities assigned to this position Required Qualifications/Skills: Associate's degree (A.A) or equivalent from two-year college or technical school and 2 to 5 years’ related experience and/or training; or equivalent combination of education and experience Builds productive internal and external working relationships Exercises judgment within defined procedures and practices to determine appropriate action Flexibility essential - the role requires both office and remote commitments, as well as being willing to occasionally adjust work hours due to work with regional colleagues. Experience working with Microsoft Excel and Google Suite Excellent Communication skills, both verbal and written Previous experience with ticketing systems and/or project management system Understanding of or previous experience in a technology driven environment Proactive attitude and dependable Excellent customer service skills Ability to work both within a team and independently Ability to multitask and prioritize workload Ability to use good judgment, as well as problem-solving and decision making skills Ability to maintain confidentiality and professional decorum Physical Demand & Work Environment: Must have the ability to perform office-related tasks which may include prolonged sitting or standing Must have the ability to move from place to place within an office environment Must be able to use a computer Must have the ability to communicate effectively  Some positions may require occasional repetitive motion or movements of the wrists, hands, and/or fingers Salary Range $21.27 - $33.58 USD (Hourly) Please note that the salary information provided herein is base pay only (gross); it does not include other forms of compensation which may or may not apply to this specific position, namely, performance-based bonuses, benefits-related payments, or other general incentives - none of which are guaranteed, may be subject to specific eligibility requirements, and are wholly within the discretion of Astreya to remit. Further, the salary information noted above is a range that consists of a minimum and maximum rate of pay for this specific position. Where an applicant or employee is placed on this range will depend and be contingent on objective, documented work-related considerations like education, experience, certifications, licenses, preferred qualifications, among other factors. Astreya  offers comprehensive  b enefits to all Regular, Full-Time Employees,   including: Medical provided through UHC (PPO, HSA, Surest options) / Medical provided through Kaiser (HMO option only) for California employees only Dental provided through UHC Nationwide Vision provided by UHC Flexible Spending Account for Health & Dependent Care Pre-Tax Account for Commuter Benefit/Parking & Transit (location-specific) Continuing Education and Professional Development via various integrated platforms, e.g. Udemy and Coursera Corporate Wellness Program provided by Goomi Group Employee Assistance Program Wellness Days 401k Plan Basic and Supplemental Life Insurance Short Term & Long Term Disability Critical Illness, Critical Hospital, and Voluntary Accident Insurance Tuition Reimbursement (available 6 months after start date, capped) Paid Time Off (accrued and prorated, maximum of 120 hours annually) Paid Holidays Any other statutory leaves, paid time, or other ancillary benefits required under state and federal law",18/04/2026,Not Specified,2 Locations,Astreya,https://astreya.wd5.myworkdayjobs.com/en-US/life-at-astreya-opportunities/job/Remote-TX/Project-Coordinator-II_R0015304,Full time
Inventory Technician I,"What this Job Entails:  Inventory Technicians are responsible for providing the Astreya user experience. With duties from order tracking, accessories management, managing customer service, hardware and accessory deployment to front line users, conference room maintenance, and behind the scenes user setup, Inventory Technicians enable over 70,000 staff around the globe. This is an introductory role to IT services, but plays an important role in how Astreya is represented to our clients. Scope:  Follows established procedures on routine work Requires detailed instructions  Your Daily Roles and Responsibilities:  Daily on-site inventory and asset management, client’s conference room preventative maintenance, and e-recycling Ensure client users access to equipment in good working order Support a complex and fast paced environment focused on video conference rooms with outstanding and timely attention to customer satisfaction Work cooperatively with on-site teammates, as assignment requires Ensure audio and visual quality, promptly troubleshoot any issues that arise and handle any requests from meeting attendees. Deploy and recover laptop and desktop images Perform responsive face-to-face customer support for the on-site client users from IT accessory to workstation dressing Use ticketing systems to report individual work accomplishments and to track Service Level Agreements (SLAs) Assist with utilizing Inventory Data management software to maintain inventory accuracy and workflow Work with other technicians and clients to install hardware and troubleshoot computer issues, ensuring each situation is thoroughly resolved Timely responses to IT questions from client users employees Manage occasionally demanding and stressed client users Contribute to large scale global projects as needed Other duties as required and assigned. This list is not meant to be a comprehensive inventory of all responsibilities assigned to this position Required Qualifications/Skills: High school diploma or general education degree (GED) and 0 to 2 years related experience and/or training; or equivalent combination of education and experience Excellent client-facing written and verbal communications skills Proficiency in English Utilize excellent customer service skills and exceed customers’ expectations Ability to work with a large team with minimal supervision Capable of providing a timely and outstanding user experience Ability to handle daily customer service demands Present a professional and helpful demeanor to clients Basic Inventory or IT knowledge Ability to excel in a fast-paced sometimes stressful work environment Ability to make sound decisions when faced with competing priorities Results oriented and can identify the steps to be taken to achieve objectives Preferred Qualifications:  Past business operations exposure Some customer experience background or familiarity  Physical Demand & Work Environment: Must be available on-site at shift hours, in conjunction with client’s working hours Ability to lift and carry 50 pounds or more of equipment safely, multiple times per day Must have the ability to perform office-related tasks which may include prolonged sitting or standing Must have the ability to move from place to place within an office environment Must be able to use a computer Ability to work in “warehouse” environment that is sometimes Must have the ability to communicate effectively Some positions may require occasional repetitive motion or movements of the wrists, hands, and/or fingers Ability to handle varying degrees of noise, temperature and air quality Able to handle frequent work interruptions Ability to flexibly address work assignments and manage tasks Self-motivated Completion of job assignments without direct supervision Completion of applications and assignments within the timeframes allowed Extended work hours may include required weekends and evenings Salary Range $14.88 - $24.81 USD (Hourly) Please note that the salary information provided herein is base pay only (gross); it does not include other forms of compensation which may or may not apply to this specific position, namely, performance-based bonuses, benefits-related payments, or other general incentives - none of which are guaranteed, may be subject to specific eligibility requirements, and are wholly within the discretion of Astreya to remit. Further, the salary information noted above is a range that consists of a minimum and maximum rate of pay for this specific position. Where an applicant or employee is placed on this range will depend and be contingent on objective, documented work-related considerations like education, experience, certifications, licenses, preferred qualifications, among other factors. Astreya  offers comprehensive  b enefits to all Regular, Full-Time Employees,   including: Medical provided through UHC (PPO, HSA, Surest options) / Medical provided through Kaiser (HMO option only) for California employees only Dental provided through UHC Nationwide Vision provided by UHC Flexible Spending Account for Health & Dependent Care Pre-Tax Account for Commuter Benefit/Parking & Transit (location-specific) Continuing Education and Professional Development via various integrated platforms, e.g. Udemy and Coursera Corporate Wellness Program provided by Goomi Group Employee Assistance Program Wellness Days 401k Plan Basic and Supplemental Life Insurance Short Term & Long Term Disability Critical Illness, Critical Hospital, and Voluntary Accident Insurance Tuition Reimbursement (available 6 months after start date, capped) Paid Time Off (accrued and prorated, maximum of 120 hours annually) Paid Holidays Any other statutory leaves, paid time, or other ancillary benefits required under state and federal law",18/04/2026,Not Specified,"New York, NY",Astreya,https://astreya.wd5.myworkdayjobs.com/en-US/life-at-astreya-opportunities/job/New-York-NY/Inventory-Technician-I_R0014762,
Project Management Lead,"About the Job Project Management will drive governance, execution, and delivery of SRE tooling and infrastructure programs. This role partners with cross-functional IT, engineering, and security teams to ensure projects align with business objectives, reliability targets, and security standards. The position combines strategic program management with hands-on Scrum Master responsibilities across complex, multi-disciplinary technical environments. Key Responsibilities Lead end-to-end project and program delivery, driving standardization, efficiency, and continuous improvement. Partner with cross-functional teams (DC-NiCON, DCS, FeP, SRE, IT) to monitor progress and manage dependencies. Serve as Scrum Master, facilitating Agile ceremonies, removing impediments, and fostering an Agile mindset. Support governance councils, manage project prioritization, portfolios, and error budgets. Develop executive-level dashboards and reports covering project health, sprint status, budgets, and SRE SLOs. Create and manage project artifacts including charters, detailed plans, risk registers, and delivery schedules. Coordinate change, release, and rollout of SRE tools and Infrastructure-as-Code updates. Manage stakeholder communications for greenfield and brownfield initiatives. Facilitate service transition and sustainment handoffs with complete documentation, training, and playbooks. Required Skills Strong project and program management experience in technical focused environments Proven Scrum Master expertise with Agile delivery methodologies PMP certification or equivalent project management experience Ability to work across IT infrastructure, networking, and security domains Strong organizational skills in data management, dashboards, and document control Experience with tools such as Google Workspace, Asana, Gantt charts, and reporting platforms Excellent communication, stakeholder management, and executive reporting skills",18/04/2026,Not Specified,"Remote, Ireland",Astreya,https://astreya.wd5.myworkdayjobs.com/en-US/life-at-astreya-opportunities/job/Remote-Ireland/Project-Management-Lead_R0015187,Full time
Network Engineer,"Position Summary Astreya is looking for a Network Engineer with experience in Infrastructure Space & Power Design. This role will be responsible for planning, designing, and delivering physical network infrastructure that enables reliable, scalable operations across global data center environments. This role focuses on space planning, power and electrical systems, and end-to-end infrastructure delivery, from early requirements definition through commissioning and operational handoff. This individual brings deep expertise in data center connectivity and network infrastructure design. The role partners cross-functionally with engineering, design, construction, and operations teams to ensure infrastructure solutions align with business objectives, technical standards, and long-term growth requirements. Key Responsibilities ● Represent network infrastructure design and deployment requirements across global data center environments ● Collaborate with cross-functional teams (engineering, design, construction, and operations) to define and integrate space, power, cooling, and connectivity requirements into data center designs and standards ● Support the development and evolution of network infrastructure standards, technical references, and design processes ● Conduct construction administration and site visits; partner with architects, engineers, contractors, and construction teams to validate network builds against standards ● Provide guidance and education to design, construction, and operations teams to ensure alignment with design intent and minimize site-level deviations ● Support commissioning, provisioning, and operational readiness of network infrastructure across global sites ● Drive strategic initiatives focused on efficiency, scalability, innovation, and standardization of network infrastructure ● Build and maintain strong relationships with internal stakeholders, cross-functional partners, and external vendors ● Support automation, tooling &amp; AI initiatives to improve consistency, quality, and efficiency across infrastructure design and deployment Required Skills & Qualifications ● 5-7+ years of experience designing and deploying data center connectivity infrastructure ● Deep knowledge of structured cabling and fiber optic systems, including design standards and installation best practices ● Working knowledge of fault-tolerant power and cooling architectures supporting high-availability environments ● General understanding of data center design, construction, and commissioning processes ● Experience leading cross-functional initiatives and driving large-scale infrastructure design efforts ● Strong problem-solving skills with ability to set strategic direction and execute tactically ● Working knowledge of networking technologies (TCP/IP, routing, switching), optical transport (DWDM, transceivers), and redundancy concepts ● Proven ability to operate effectively in ambiguous environments and collaborate across teams ● Strong prioritization, multitasking, and communication skills Education & Certifications ● Bachelor’s degree or equivalent experience in Computer Science, Electrical Engineering, Mechanical Engineering, Facilities, Infrastructure, or a related field. ● Professional Engineering (PE) license or relevant data center design certifications (preferred) ● Electrical safety certifications (e.g., NFPA, OSHA). ● Data center certifications (e.g., CDCP or equivalent).} Additional Requirements ● Experience leading and managing matrixed technical teams ● Familiarity with data center facilities and Industrial Control Systems (ICS) infrastructure (e.g., BMS, DAS, WiFi, PTP, fire protection, physical security systems) ● Working knowledge of Data Center Infrastructure Management (DCIM) systems ● Experience with AutoDesk tools ● Familiarity with Linux-based systems and scripting/automation (e.g., Bash, Python, Perl) ● Demonstrated ability to leverage AI tools to improve workflows and drive measurable advancements ● Flexibility to support off-hours work for critical cutovers, testing, or incident response ● Ability to travel for on-site surveys, construction walks, commissioning, and issue resolution as needed Salary Range $132,240.00 - $208,800.00 USD (Salary) Please note that the salary information provided herein is base pay only (gross); it does not include other forms of compensation which may or may not apply to this specific position, namely, performance-based bonuses, benefits-related payments, or other general incentives - none of which are guaranteed, may be subject to specific eligibility requirements, and are wholly within the discretion of Astreya to remit. Further, the salary information noted above is a range that consists of a minimum and maximum rate of pay for this specific position. Where an applicant or employee is placed on this range will depend and be contingent on objective, documented work-related considerations like education, experience, certifications, licenses, preferred qualifications, among other factors. Astreya  offers comprehensive  b enefits to all Regular, Full-Time Employees,   including: Medical provided through UHC (PPO, HSA, Surest options) / Medical provided through Kaiser (HMO option only) for California employees only Dental provided through UHC Nationwide Vision provided by UHC Flexible Spending Account for Health & Dependent Care Pre-Tax Account for Commuter Benefit/Parking & Transit (location-specific) Continuing Education and Professional Development via various integrated platforms, e.g. Udemy and Coursera Corporate Wellness Program provided by Goomi Group Employee Assistance Program Wellness Days 401k Plan Basic and Supplemental Life Insurance Short Term & Long Term Disability Critical Illness, Critical Hospital, and Voluntary Accident Insurance Tuition Reimbursement (available 6 months after start date, capped) Paid Time Off (accrued and prorated, maximum of 120 hours annually) Paid Holidays Any other statutory leaves, paid time, or other ancillary benefits required under state and federal law",17/04/2026,Not Specified,"Remote, CA",Astreya,https://astreya.wd5.myworkdayjobs.com/en-US/life-at-astreya-opportunities/job/Remote-CA/Network-Engineer_R0015329,Full time
Data Center Technician III,"What this Job Entails:  The Data Center Technician III is responsible for the installation of hardware into racks, asset tagging and scanning, cabling, data center maintenance, documenting processes and server installations. Scope:  Works on assignments that require considerable judgment  and initiative. Makes recommendations for solutions Works within guidelines and takes ownership of results. May act as a mentor to less experienced team members. Your Roles and Responsibilities: Responsible for installing, moving, and decommissioning hardware including cabinets, shelves, power strips, rails, fiber/copper/other cables and cable management, servers, storage, and other devices in the Data Center.  Confirm and label devices, rack and cables. Work in a standard ticketing system, providing clear, timely, and appropriate customer communications. Work under the direction of Site Operations Supervisor and/or Operations Manager) and follow Standard Operating Procedures (SOPs), Program Policies, Safety Policies, and Security Policies, while meeting requirements for quality and quantity of work. Other duties as required. This list is not meant to be a comprehensive inventory of all responsibilities assigned to this position Required Qualifications/Skills: High school diploma or general education degree (GED) and 5 to 8 years’ related experience and/or training; or equivalent combination of education and experience Networks with senior internal and external personnel in own area of expertise Demonstrates good judgment in selecting methods and techniques for obtaining solutions Excellent verbal and written communication skills in English Ability to respond to any On-Call request within 1 hour, while on-call.  Experience cabling systems (power/copper/fiber/other) correctly based on ticket requirements and SOP standards  Experience working with CAT5e and CAT6 copper cable and multi-mode and single-mode fiber Proven ability to adapt to changing priorities, conditions, and circumstances  Strong organization skills Working knowledge of computer hardware  Understanding of networking components and infrastructures  Knowledge of copper and fiber testers Excellent troubleshooting skills Understanding of Data Center best practices (i.e. basic fault tolerance, cable routing, calculating power usage)  Experience with cable management and knowledge of how to run fiber and copper in a data center  Knowledge of Data-Center electrical, HVAC, and bandwidth infrastructures as well as fiber/copper topologies  Able to operate material handling equipment – server lifts, pallet jacks, and forklifts (if certified)  Proficiency working with standard desktop PC tools and applications, such as MS Office, MS Outlook, web browsers, etc.  Ability to learn new software Must provide own transportation to work locations  Preferred Qualifications:  Certifications in Data Center technologies are desired  Hands on experience in electrical, HVAC, and data center infrastructures Working knowledge of networking components and infrastructures, including Wi-Fi Physical Demand & Work Environment: Physically assist in moving and racking equipment.  Able to safely lift and move a minimum of fifty (50) pounds  Must have the ability to perform office-related tasks which may include prolonged sitting or standing Must have the ability to move from place to place within an office environment Must be able to use a computer Must have the ability to communicate effectively  Some positions may require occasional repetitive motion or movements of the wrists, hands, and/or fingers Salary Range $59,812.00 - $94,440.00 USD (Salary) Please note that the salary information provided herein is base pay only (gross); it does not include other forms of compensation which may or may not apply to this specific position, namely, performance-based bonuses, benefits-related payments, or other general incentives - none of which are guaranteed, may be subject to specific eligibility requirements, and are wholly within the discretion of Astreya to remit. Further, the salary information noted above is a range that consists of a minimum and maximum rate of pay for this specific position. Where an applicant or employee is placed on this range will depend and be contingent on objective, documented work-related considerations like education, experience, certifications, licenses, preferred qualifications, among other factors. Astreya  offers comprehensive  b enefits to all Regular, Full-Time Employees,   including: Medical provided through UHC (PPO, HSA, Surest options) / Medical provided through Kaiser (HMO option only) for California employees only Dental provided through UHC Nationwide Vision provided by UHC Flexible Spending Account for Health & Dependent Care Pre-Tax Account for Commuter Benefit/Parking & Transit (location-specific) Continuing Education and Professional Development via various integrated platforms, e.g. Udemy and Coursera Corporate Wellness Program provided by Goomi Group Employee Assistance Program Wellness Days 401k Plan Basic and Supplemental Life Insurance Short Term & Long Term Disability Critical Illness, Critical Hospital, and Voluntary Accident Insurance Tuition Reimbursement (available 6 months after start date, capped) Paid Time Off (accrued and prorated, maximum of 120 hours annually) Paid Holidays Any other statutory leaves, paid time, or other ancillary benefits required under state and federal law",16/04/2026,Not Specified,"New Albany, OH",Astreya,https://astreya.wd5.myworkdayjobs.com/en-US/life-at-astreya-opportunities/job/New-Albany-OH/Data-Center-Technician-III_R0014064,Full time
Project Coordinator V,"What this Job Entails:  The Project Coordinator V will play a key role in both the project and operational side of our business. This role will plan and coordinate aspects of complex, IT projects from initiation to delivery. This role ensures effective coordination between cross-functional teams and facilitates the delivery of project milestones through scheduling, reporting, and stakeholder engagement. Projects often involve construction, permitting, site surveys, network and infrastructure implementation and upgrades, and the like. Projects may vary in number, size and complexity. Scope:  This role ensures effective coordination between cross-functional teams and facilitates the delivery of project milestones through scheduling, reporting, and stakeholder engagement.   Works on complex assignments requiring a high degree of initiative Requires minimal oversight and is proactive. May act as a team leader. Your Roles and Responsibilities: Maintains and monitors project plans, project schedules, work hours and expenditures. Coordinates work performed by project resources and customers/partners by defining project requirements, performing feasibility and needs/impact assessments. Identifies project issues, determining the right team member to provide a solution, and/or escalating the issue to the client manager. Organizes, attends and participates in stakeholder meetings. Documents and follows up on important actions and decisions from meetings. Collaborates with various regional teams responsible for project resources and ticket resolution. Produces regular and ad hoc reports as required. Trains new hires and colleagues on new reports and dashboards. Identifies trends or recurring problems and escalates to management for resolution. Locates and defines new process improvement opportunities. Ensures incidents are assigned to the correct team. Develops and maintains knowledge and skills and keeps up-to-date with new processes and procedures. Works closely with Project Managers to understand and maintain focus on their analytical needs, including assisting with identifying critical metrics and KPIs, and delivering actionable insights to relevant decision-makers. Other duties as required. This list is not meant to be a comprehensive inventory of all responsibilities assigned to this position Required Qualifications/Skills: Associate's degree (A.A) or equivalent from two-year college or technical school and 8+ years’ related experience and/or training; or equivalent combination of education and experience Networks with key contacts outside own area of expertise Determines methods and procedures on new assignments and may coordinate activities of other personnel Flexibility essential - the role requires both office and remote commitments, as well as being willing to occasionally adjust work hours due to work with regional colleagues. Experience working with Microsoft Excel and Google Suite Excellent Communication skills, both verbal and written Previous experience with project management system Previous experience in a technology driven environment Proactive attitude and dependable Excellent customer service skills Ability to work both within a team and independently Ability to multitask and prioritize workload Ability to use good judgment, as well as problem-solving and decision making skills Ability to maintain confidentiality and professional decorum Preferred Qualifications:  Experience in utilities Physical Demand & Work Environment: Must have the ability to perform office-related tasks which may include prolonged sitting or standing Must have the ability to move from place to place within an office environment Must be able to use a computer Must have the ability to communicate effectively  Some positions may require occasional repetitive motion or movements of the wrists, hands, and/or fingers Salary Range $35.08 - $55.38 USD (Hourly) Please note that the salary information provided herein is base pay only (gross); it does not include other forms of compensation which may or may not apply to this specific position, namely, performance-based bonuses, benefits-related payments, or other general incentives - none of which are guaranteed, may be subject to specific eligibility requirements, and are wholly within the discretion of Astreya to remit. Further, the salary information noted above is a range that consists of a minimum and maximum rate of pay for this specific position. Where an applicant or employee is placed on this range will depend and be contingent on objective, documented work-related considerations like education, experience, certifications, licenses, preferred qualifications, among other factors. Astreya  offers comprehensive  b enefits to all Regular, Full-Time Employees,   including: Medical provided through UHC (PPO, HSA, Surest options) / Medical provided through Kaiser (HMO option only) for California employees only Dental provided through UHC Nationwide Vision provided by UHC Flexible Spending Account for Health & Dependent Care Pre-Tax Account for Commuter Benefit/Parking & Transit (location-specific) Continuing Education and Professional Development via various integrated platforms, e.g. Udemy and Coursera Corporate Wellness Program provided by Goomi Group Employee Assistance Program Wellness Days 401k Plan Basic and Supplemental Life Insurance Short Term & Long Term Disability Critical Illness, Critical Hospital, and Voluntary Accident Insurance Tuition Reimbursement (available 6 months after start date, capped) Paid Time Off (accrued and prorated, maximum of 120 hours annually) Paid Holidays Any other statutory leaves, paid time, or other ancillary benefits required under state and federal law",16/04/2026,Not Specified,"Oakland, CA",Astreya,https://astreya.wd5.myworkdayjobs.com/en-US/life-at-astreya-opportunities/job/Oakland-CA/Project-Coordinator-V_R0015315,Full time
Field Technician I,"Field Technician I What this Job Entails:   The Field Technician I will provide support to all assigned locations, including data centers and Points of Presence (POPs), and physical site services. The person in this role will coordinate with network teams as well as local vendors for installation, repair and maintenance activities. The Field Technician must have deep knowledge and professional experience deploying (physical layer) rack and stack configurations. This role requires travel. Scope:  Follows established procedures on routine work Requires detailed instructions   Your Roles and Responsibilities: Technical Infrastructure & Data Center Operations Maintain the highest quality standards across all assigned data center locations and remote points of presence (POP). Perform physical installation, repair, maintenance, and testing activities with meticulous attention to telecommunications industry standards. Execute basic data center and networking services, including cable management, installation of cable trays, and desk organization. Manage Installation, Move, Add, and Change (MAC) requests for CPU farms, network gear, and IT assets. Provide onsite troubleshooting and AV support for Google Meet equipment in conference rooms. End-User Support & Service Delivery Provide onsite technical support through desk visits, including troubleshooting, installation, and break/fix services for computers and accessories. Manage remote support, queue management, and user interactions via ServiceNow, ensuring timely ticket updates. Facilitate and coordinate with Google Deskside Support (DSS) and the Equipment Management Team (EMT) to assist users with hardware and software needs. Encourage users to leverage standard IT support processes while proactively creating service requests on their behalf to ensure excellent customer service. Provide support to remote locations, which may include occasional travel. Inventory & Asset Management Oversee Waymo IT and network inventory, maintaining a high level of accuracy within the asset inventory database. Manage inventory for ""stuff stations"" and accessory racks to ensure supplies are consistently available. Fulfill inventory requests and coordinate all shipping and receiving logistics. Assist in coordinating site access, equipment staging, and related logistical tasks. Project Coordination & Continuous Improvement Coordinate with fellow technicians to facilitate timely installation and maintenance activities. Analyze current workflows to identify areas for improvement and recommend scalable solutions. Execute additional IT projects within the required scope, as well as special projects outside of standard technical scope upon approval. Perform other duties as required; this list is not exhaustive and may evolve based on business needs. Required Qualifications/Skills: Associate's degree (A.A) or equivalent from two-year college or technical school and 0 to 2 years’ related experience and/or training; or equivalent combination of education and experience Knowledge of data center and POP infrastructure, including experience or deep understanding of OSP, ISP, interfacility cabling, fiber and copper distribution, AC/DC power systems, environmental controls, and relay rack/cabinet/cage construction. Ability to work independently, diagnose problems and take appropriate action with minimal supervision. Experience with Google Sheets, workflow and project management applications, and administrative software applications. Understanding of how to use a Tier-1 ITSM platform  Salary Range $22.26 - $37.10 USD (Hourly) Please note that the salary information provided herein is base pay only (gross); it does not include other forms of compensation which may or may not apply to this specific position, namely, performance-based bonuses, benefits-related payments, or other general incentives - none of which are guaranteed, may be subject to specific eligibility requirements, and are wholly within the discretion of Astreya to remit. Further, the salary information noted above is a range that consists of a minimum and maximum rate of pay for this specific position. Where an applicant or employee is placed on this range will depend and be contingent on objective, documented work-related considerations like education, experience, certifications, licenses, preferred qualifications, among other factors. Astreya  offers comprehensive  b enefits to all Regular, Full-Time Employees,   including: Medical provided through UHC (PPO, HSA, Surest options) / Medical provided through Kaiser (HMO option only) for California employees only Dental provided through UHC Nationwide Vision provided by UHC Flexible Spending Account for Health & Dependent Care Pre-Tax Account for Commuter Benefit/Parking & Transit (location-specific) Continuing Education and Professional Development via various integrated platforms, e.g. Udemy and Coursera Corporate Wellness Program provided by Goomi Group Employee Assistance Program Wellness Days 401k Plan Basic and Supplemental Life Insurance Short Term & Long Term Disability Critical Illness, Critical Hospital, and Voluntary Accident Insurance Tuition Reimbursement (available 6 months after start date, capped) Paid Time Off (accrued and prorated, maximum of 120 hours annually) Paid Holidays Any other statutory leaves, paid time, or other ancillary benefits required under state and federal law",16/04/2026,Not Specified,"Mountain View, CA",Astreya,https://astreya.wd5.myworkdayjobs.com/en-US/life-at-astreya-opportunities/job/Mountain-View-CA/Field-Technician-I_R0015270-1,Full time
Software Asset Analyst III,"What this Job Entails:  Astreya is seeking a Software Asset Manager to lead a ServiceNow SAM Pro program at one of our key clients, a global financial services and investment research firm headquartered in Chicago. This is a strategic program leadership role, rather than a platform administration position. The successful candidate will own the program charter, manage stakeholder relationships, handle publisher compliance positions, and build a sustainable governance model.   The engagement is structured across four phases: a 30-day Assessment Sprint, a 90-day Foundation build, a 90-day Operationalize phase, and ongoing Managed Operations. You will act as the client-facing program lead across all phases, working closely with our client's internal ServiceNow teams and Astreya's SW Data Analyst based in Mumbai.   Note:  This role strictly requires hands-on experience rolling out a ServiceNow SAM Pro program from the ground up; experience limited to operating an already mature program will not be sufficient.   Phase-by-Phase Responsibilities Phase 0: Assessment Sprint (Days 1–30) Lead a 14-point assessment covering discovery tool stacks, CMDB health, endpoint coverage, and system integrations (ITSM, HR, identity, VDI, SaaS). Interview key teams including IT Infrastructure, Procurement, HR, Identity, and ServiceNow to gather findings. Author and present the SAM Readiness Report to our client's IT leadership within 30 days, which must include a prioritized gap register, architecture recommendations, and a phased roadmap. Establish program OKRs and baseline key results against Phase 0 data. Phase 1: Foundation (Days 31–120) Define the multi-source discovery architecture across Windows (SCCM, Intune), MacOS (Jamf Pro, ABM/VPP), and agentless surfaces. Oversee entitlement record loading for Tier 1 publishers (Microsoft, Oracle, Adobe, IBM, SAP) and validate them against purchase orders. Configure Publisher Pack allocation rules for suite products, downgrade rights, and cross-platform unification. Integrate SAM into the procurement workflow to ensure every software PO generates an entitlement record within 24 hours. Facilitate the Phase 1 Gate Review and secure written sign-off. Phase 2: Operationalize (Days 121–210) Produce the first Effective License Position (ELP) for all Tier 1 publishers by Day 130. Design and activate reclamation workflows, including unused-software logic and ITSM task routing. Lead a license downgrade optimization program and document publisher savings. Build or integrate ITSM onboarding and offboarding workflows with the SAM Pro reclaimed license pool. Deliver SAM training, build knowledge base articles, and publish the fully signed SAM Program Charter. Run the first Monthly SAM Operations Review and Quarterly SAM Business Review. Phase 3: Managed Operations (Day 211 Onwards) Own the monthly ELP refresh cycle and distribute compliance reports to IT leadership. Review monthly downgrade batches and present savings to Procurement during renewal events. Facilitate recurring reviews to present OKR progress, YTD savings, audit readiness, and renewal pipelines to the Executive Sponsor. Manage publisher relationships and lead audit responses, maintaining all documentation in ServiceNow. Produce an annual ROI report and facilitate the Annual SAM Program Review.   Core Duties Own the SAM program charter, scope, and governance model across all implementation phases. Manage cross-functional relationships across Finance, Procurement, IT, Security, and HR. Escalate and manage data quality issues that block ELP accuracy through to resolution. Maintain audit-defensible documentation for all in-scope publishers and lead publisher audit responses. Monitor Publisher Pack release notes to flag licensing model changes. Support software vendor contract negotiations utilizing SAM data as the primary evidence source. Own the renewal pipeline by surfacing upcoming renewals 90, 180, and 365 days in advance.   Required Qualifications (Non-Negotiable) Experience Level:  Minimum 5 years of experience in a Software Asset Management role. Implementation Leadership:  At least 2 years directly delivering or leading a ServiceNow SAM Pro implementation from Phase 0 to first ELP publication. Program Rollout:  Must be able to describe specific hands-on experience handling discovery architecture decisions, entitlement loading from scratch, Publisher Pack configuration, and first ELP production. Discovery Architecture:  Demonstrated experience designing multi-source discovery architecture across at least two endpoint management platforms (e.g., SCCM plus Jamf). Entitlement Loading:  Hands-on experience loading entitlement records from purchase order data for at least three Tier 1 publishers. ELP Production:  Proven experience producing and validating an ELP for Microsoft, along with at least one of Oracle or Adobe. Workflow Integration:  Experience integrating SAM Pro into ITSM workflows and running a reclamation workflow through confirmed uninstall. Licensing Knowledge:  Deep understanding of licensing models for Microsoft, Oracle, Adobe, IBM, and Apple VPP. Platform Proficiency:  Strong working knowledge of ServiceNow SAM Pro, ServiceNow ITSM, Microsoft Intune/SCCM, Jamf Pro, and ServiceNow Integration Hub.   Preferred Qualifications ServiceNow Certified Implementation Specialist (CIS) in Software Asset Management. Experience with endpoint intelligence tools like Tanium Asset and Performance or Nexthink. Experience utilizing SaaS License Management in ServiceNow, including Okta integration. Prior experience in a client-embedded program lead role at a managed services provider or consultancy. Familiarity with VDI environments (Citrix, VMware Horizon, Azure Virtual Desktop) and their impact on Microsoft and Oracle license counting. Experience supporting publisher audit response for Microsoft, Oracle, or IBM.   Key Success Outcomes Day 30:  Deliver the SAM Readiness Report with all Phase 0 discovery questions answered and OKRs baselined. Day 120 (Phase 1 Gate):  Pass all six gate criteria, achieve a CMDB health score above 85%, and ensure Tier 1 entitlement records are loaded. Day 130:  Publish and validate the first ELP for all Tier 1 publishers. Day 210 (Phase 2 Close):  Ensure all five cross-functional dashboards are live, workflows are active, and governance cadences are fully established. Year 1:  Achieve a SAM program ROI above 3:1, maintain zero unresolved Tier 1 publisher shortfalls, and hit an audit readiness score above 90% for all Tier 1 publishers.",16/04/2026,Not Specified,"Remote, India",Astreya,https://astreya.wd5.myworkdayjobs.com/en-US/life-at-astreya-opportunities/job/Remote-India/Software-Asset-Analyst-III_R0015297,Full time
IAM Developer,"Role Overview: Thoughtworks is seeking an experienced(Minimum 5+ years) IAM Specialist with strong expertise in Google Workspace and Okta to support our User Identity services. This role is responsible for the day-to-day management of identity and access across the Thoughtworks ecosystem, including user lifecycle management (Joiner–Mover–Leaver), access provisioning, SSO integrations, MFA policies, and Identity compliance. The ideal candidate has hands-on experience operating Google Workspace and Okta in a global enterprise environment and can ensure stability, security, and smooth execution of IAM business-as-usual (BAU) activities. This is a hands-on operational role focused on reliability, access governance, and maintaining a secure identity environment. Key Responsibilities 1. Google Workspace Administration (Must Have) Administer and optimize Google Workspace in a multi-OU enterprise environment   Manage user lifecycle (Joiner–Mover–Leaver) automation and provisioning workflows   Configure and maintain:   Admin roles & delegated access   Groups, Shared Drives, and Drive governance   Context-aware access and security settings   Gmail routing and domain configurations   Support investigations using audit logs and reporting tools   Work with GAM (Google Apps Manager) for bulk operations and automation 2. Okta Identity Management (Must Have) Administer and optimize Okta for enterprise SSO and identity lifecycle   Manage SAML, OIDC, and SCIM integrations   Configure and maintain:   App provisioning and deprovisioning   MFA policies and sign-on policies   Lifecycle workflows   Group-based access controls   Support secure rollout initiatives (e.g., phishing-resistant MFA, device-bound authentication)   Troubleshoot federation and authentication issues across integrated systems   3. Identity Lifecycle & Access Governance Drive JML process automation between HR systems, Okta, and Google Workspace   Ensure timely provisioning/deprovisioning and least-privilege enforcement   Handle IAM tickets and complex access issues   Partner with Infosec for compliance audits and access reviews   Maintain clean entitlement models and reduce over-provisioning Tech Stack Requirements Must Have 5+ years of hands-on IAM experience   Deep administration experience in:   Google Workspace   Okta   Strong knowledge of:   SAML 2.0   OAuth / OIDC   SCIM provisioning   MFA & access policies   Experience managing identity in a global enterprise environment (5k+ users preferred)   Nice to Have Experience with FastPass / passwordless authentication   Exposure to device trust / device context policies   Experience in IAM automation at scale   Knowledge of access governance best practices Skills & Competencies Strong troubleshooting mindset across identity flows   Ability to collaborate across Security, Data, and Infrastructure teams   Strong documentation and process design skills   Comfortable operating in a high-scale, multi-region enterprise   Ability to challenge insecure practices and drive improvement",16/04/2026,Not Specified,"Coimbatore, India",Astreya,https://astreya.wd5.myworkdayjobs.com/en-US/life-at-astreya-opportunities/job/Coimbatore-India/IAM-Developer_R0014734,Full time
Systems Administrator II,"What this Job Entails:  The System Administrator is expected to facilitate operational support to and on behalf of the assigned team. The assigned team supports and maintains a variety of large and global scale systems for building management and physical security operations. The skill set required is industry typical 'systems administration', including working knowledge of various networking systems. Work is ticket based, and the team would be expected to procedurally work through tickets (submitted via a template) to resolution.  Scope:  Applies company policies and procedures to resolve a variety of issues Works on problems of moderate scope Receives general instructions on routine work and detailed instructions on new projects Your Roles and Responsibilities: Monitor ticket queue and IM channels  Monitor and participate in managing systems and infrastructure  Accurately record all metadata related to tickets on internal tools, including, but not limited to, CTI (category, type and item), outage resolution time, IM transcripts, postmortems, etc. Engage in managing and resolving troubleshooting tickets from internal teams and third-party teams, engaging other teams as necessary  Maintain contact with 3rd parties and help to represent the assigned team in a professional and courteous manner which complies with clients’ vendor code of conduct. Provide out of business hours support for any scheduled time sensitive upgrades  Provide 24/7 on-call support for critical system’s outages  Other duties as required. This list is not meant to be a comprehensive inventory of all responsibilities assigned to this position Required Qualifications/Skills: Bachelor’s degree (B.S/B.A) from four-college or university and 2 to 5 years’ related experience and/or training; or equivalent combination of education and experience  Builds productive internal and external working relationships Exercises judgment within defined procedures and practices to determine appropriate action Comfortable with building and managing various servers  Experience with networking management, configurations and changes  Experience with systems and networking troubleshooting to identify the root cause and fixes  Knowledgeable about ticket systems and follow processes  Good communication and writing skills  Preferred Qualifications:  Automation and scripting experience  Physical Demand & Work Environment: Must have the ability to perform office-related tasks which may include prolonged sitting or standing Must have the ability to move from place to place within an office environment Must be able to use a computer Must have the ability to communicate effectively  Some positions may require occasional repetitive motion or movements of the wrists, hands, and/or fingers",16/04/2026,Not Specified,"Remote, India",Astreya,https://astreya.wd5.myworkdayjobs.com/en-US/life-at-astreya-opportunities/job/Remote-India/Systems-Administrator-II_R0015296,Full time
"Senior Director, Service Delivery - Audio Visual","ROLE OVERVIEW We are seeking a seasoned Audio Visual Solutions & Practice Lead to spearhead our AV and workplace collaboration practice. This leader will drive strategy, build high-performing teams, and deliver innovative conference room, event support, and collaboration solutions for enterprise clients. The ideal candidate blends deep technical expertise with business acumen to grow revenue, forge strategic partnerships, and ensure world-class service delivery. KEY RESPONSIBILITIES Lead, mentor, and scale a team of architects, and technologists across conference room, live event, and workplace collaboration domains. Define the AV practice vision and roadmap; establish standards, best practices, and reusable solution frameworks for enterprise clients. Build and deliver compelling customer presentations, solution demos, and proposals that articulate business value and technical differentiation. Drive go-to-market strategy for AV and workplace collaboration offerings, including pricing, packaging, and competitive positioning. Cultivate strategic technology partnerships and build solutions for technologies from vendors such as Crestron, Extron, Poly, Logitech, Biamp, QSC, Cisco (Webex), Microsoft (Teams Rooms), Zoom, Collaborate with customer delivery and managed services teams to enable seamless solution deployment, support models, and SLA-driven service delivery. Partner with sales and account teams to identify opportunities, support pipeline development, and close complex AV and collaboration deals. Stay ahead of industry trends including AI-driven meeting intelligence, cloud-based AV management, and hybrid workplace innovation. TECHNICAL SKILLS & EXPERTISE. AV Control & Signal Distribution: Crestron, Extron, AMX, Savant; AVoIP, HDMI-over-IP, and Dante/AES67 audio networking. Unified Communications & Collaboration: Microsoft Teams Rooms, Cisco Webex Rooms/Devices, Zoom Rooms, and hybrid meeting platforms Audio & Video Systems: Shure MXA microphone arrays, Biamp Tesira/Devio, QSC Q-SYS, professional displays, PTZ cameras, and LED video walls. AV Standards & Design: AVIXA CTS/CTS-D certifications, AV system design, signal flow documentation, and room acoustics fundamentals. Cloud & Management Platforms: Crestron XiO Cloud, Logitech Sync, Zoom Device Management, Microsoft Teams Admin Center, and AV-as-a-Service models. Event & Production Technology: Live streaming platforms, event production workflows, digital signage (Appspace, Four Winds), and content management. QUALIFICATIONS 10–15 years of progressive experience in AV/UC solutions with at least 5 years in a practice lead, principal, or director-level role. Proven track record of building and scaling technology practices, growing revenue, and managing P&L accountability. AVIXA CTS, CTS-D, or CTS-I certification strongly preferred; Cisco, Microsoft, or Crestron certifications a plus. Exceptional communication, executive presence, and the ability to engage C-level stakeholders and technology partners alike.   Salary Range $128,573.00 - $242,400.00 USD (Salary) Please note that the salary information provided herein is base pay only (gross); it does not include other forms of compensation which may or may not apply to this specific position, namely, performance-based bonuses, benefits-related payments, or other general incentives - none of which are guaranteed, may be subject to specific eligibility requirements, and are wholly within the discretion of Astreya to remit. Further, the salary information noted above is a range that consists of a minimum and maximum rate of pay for this specific position. Where an applicant or employee is placed on this range will depend and be contingent on objective, documented work-related considerations like education, experience, certifications, licenses, preferred qualifications, among other factors. Astreya  offers comprehensive  b enefits to all Regular, Full-Time Employees,   including: Medical provided through UHC (PPO, HSA, Surest options) / Medical provided through Kaiser (HMO option only) for California employees only Dental provided through UHC Nationwide Vision provided by UHC Flexible Spending Account for Health & Dependent Care Pre-Tax Account for Commuter Benefit/Parking & Transit (location-specific) Continuing Education and Professional Development via various integrated platforms, e.g. Udemy and Coursera Corporate Wellness Program provided by Goomi Group Employee Assistance Program Wellness Days 401k Plan Basic and Supplemental Life Insurance Short Term & Long Term Disability Critical Illness, Critical Hospital, and Voluntary Accident Insurance Tuition Reimbursement (available 6 months after start date, capped) Paid Time Off (accrued and prorated, maximum of 120 hours annually) Paid Holidays Any other statutory leaves, paid time, or other ancillary benefits required under state and federal law",16/04/2026,Not Specified,2 Locations,Astreya,https://astreya.wd5.myworkdayjobs.com/en-US/life-at-astreya-opportunities/job/Remote-NY/Senior-Director--Service-Delivery---Audio-Visual_R0015225,Full time
Outside Plant Engineer II,"Job Description: OSP Outside plant Engineer Overview The Outside Plant (OSP) Fiber Optic Engineer is a critical role responsible for the design, implementation, and maintenance of fiber optic infrastructure to support reliable and high-performing networks. This position requires a blend of technical expertise, project management skills, and cross-functional coordination to ensure successful delivery of OSP projects. The ideal candidate will have hands-on experience in OTDR analysation, and GIS-based fiber management systems. They will manage vendor relationships, lead cross-functional meetings, and oversee multiple projects to meet organizational goals. Strong attention to detail and proficiency with industry-standard tools are essential for success in this role. Additionally, the candidate will ensure that all network documentation is accurate, up-to-date, and compliant with company and regulatory standards. This role suits individuals with a strong background in OSP engineering, a passion for technology, and the ability to thrive in a fast-paced, collaborative environment. Responsibilities Fiber Administration Apply expertise in OSP fiber administration practices to maintain and enhance the fiber network. Fiber Optic Troubleshooting , OTDR Testing and Analysis Analyze OTDR testing to assess fiber optic cable integrity and analyze test results to ensure optimal performance. GIS and Record Maintenance Utilize GIS-based fiber management systems for network planning and updates. Review construction as-built drawings and maintain accurate and up-to-date network records. Vendor and Stakeholder Coordination Manage relationships with vendors and cross-functional teams, ensuring smooth coordination of tasks and deliverables. Project Management Lead and manage multiple projects simultaneously, ensuring all tasks are prioritized and completed within deadlines. Monitor OKRs and dashboards to track project progress and outcomes. Attention to Detail and Quality Assurance Review and edit splice matrices for accuracy and verify new scopes of work. Maintain data integrity across software tooling systems. Team Leadership and Coordination Organize and lead meetings with cross-functional teams to ensure alignment and progress. Provide guidance and mentorship to team members as needed. Technical Proficiency Utilize software tools such as FIM, ACC, Gaudi, Ultron, and Glassworks (where applicable). Stay informed on emerging tools and technologies relevant to OSP engineering.. Documentation and Reporting Create and maintain detailed records, including MOPs (Methods of Procedure), SOWs (Statements of Work), SOPs (Standard Operating Procedures), and job aids. Provide regular updates and documentation for project progress and outcomes. Preferred Qualifications Minimum 4 years field experience or Bachelor’s Degree in either Telecommunications Engineering, IT or related field Associate Degree or Certification (Minimum Requirement): Fiber Optics Technology Networking and Communications Electronics Engineering Technology Specialized Training and Certifications (Highly Desirable): Certified Fiber Optic Technician (CFOT) or equivalent certifications from the Fiber Optic Association (FOA). OTDR Testing Certification GIS Certification (for advanced GIS-based management systems). Project Management Certification (e.g., PMP or CAPM) for handling multiple projects. Safety Certifications, such as OSHA 10/30 or equivalent safety training relevant to construction and OSP environments. Additional Knowledge Areas (Optional but Beneficial) Knowledge of telecommunications industry standards (e.g., ITU-T, ANSI, and IEEE) Preferred Skills: Fiber Optic: Expertise in fiber optic cables and troubleshooting high losses and failures OSP Fiber Administration: Expertise in fiber administration practices OTDR Testing: Knowledge of OTDR (Optical Time Domain Reflectometer) testing and its application in fiber optic cable tesing and associated analysis GIS: Experience with GIS-based fiber management systems and the ability to read construction as-built drawings and maintain records Vendor Management: Excellent communication skills with internal xfn’s and external vendors, including managing vendor relationships and task and coordination Project Management: Ability to manage multiple projects simultaneously, prioritize tasks, meet deadlines, and OKR and dashboard management Attention to Detail: Strong attention to detail to ensure accuracy in reviewing and editing splice matrices, verifying new scope, and maintaining data integrity in software tooling systems Leadership: Ability to lead and organize meetings, coordinate with cross-functional teams, and provide guidance to other team members Familiarity with various fiber software tools Safety and Compliance: Knowledge of safety regulations and compliance requirements related to OSP work Documentation: Ability to drive process improvements and maintain accurate and up-to-date records and documentation related to OSP work, including MOPs, SOWs, SOPs, and Job-Aids Proficiency in multiple ticketing systems Salary Range $72,960.00 - $96,000.00 USD (Salary) Please note that the salary information provided herein is base pay only (gross); it does not include other forms of compensation which may or may not apply to this specific position, namely, performance-based bonuses, benefits-related payments, or other general incentives - none of which are guaranteed, may be subject to specific eligibility requirements, and are wholly within the discretion of Astreya to remit. Further, the salary information noted above is a range that consists of a minimum and maximum rate of pay for this specific position. Where an applicant or employee is placed on this range will depend and be contingent on objective, documented work-related considerations like education, experience, certifications, licenses, preferred qualifications, among other factors. Astreya  offers comprehensive  b enefits to all Regular, Full-Time Employees,   including: Medical provided through UHC (PPO, HSA, Surest options) / Medical provided through Kaiser (HMO option only) for California employees only Dental provided through UHC Nationwide Vision provided by UHC Flexible Spending Account for Health & Dependent Care Pre-Tax Account for Commuter Benefit/Parking & Transit (location-specific) Continuing Education and Professional Development via various integrated platforms, e.g. Udemy and Coursera Corporate Wellness Program provided by Goomi Group Employee Assistance Program Wellness Days 401k Plan Basic and Supplemental Life Insurance Short Term & Long Term Disability Critical Illness, Critical Hospital, and Voluntary Accident Insurance Tuition Reimbursement (available 6 months after start date, capped) Paid Time Off (accrued and prorated, maximum of 120 hours annually) Paid Holidays Any other statutory leaves, paid time, or other ancillary benefits required under state and federal law",16/04/2026,Not Specified,"Denver, CO",Astreya,https://astreya.wd5.myworkdayjobs.com/en-US/life-at-astreya-opportunities/job/Denver-CO/Outside-Plant-Engineer-II_R0015241,Full time
Network Operations Engineer II,"Overview We are seeking a Network Operations II professional with a strong background in Network Operations Center (NOC) and datacenter environments. The ideal candidate will have hands-on experience with a variety of network switches and a proven ability to thrive in a fast-paced, dynamic setting. Experience with leading vendors such as Arista, Celestica, Cisco, Nvidia, or Accton is highly preferred.     Responsibilities -        Monitor and maintain network infrastructure across datacenter and NOC environments. -        Troubleshoot and resolve network issues involving switches from multiple vendors (Arista, Celestica, Cisco, Nvidia, Accton). -        Respond to incidents and outages quickly, providing root cause analysis and implementing corrective actions. -        Collaborate with cross-functional teams to support network outages and resolve issues. -        Document network changes, incidents, and resolutions for knowledge sharing and compliance. -        Prioritize and manage multiple tasks simultaneously, ensuring critical issues are addressed promptly. -        Be a resource and provide guidance for fellow team members and peers.     Qualifications -        2+ years of NOC experience in a datacenter or large-scale network environment. -        Strong knowledge of network switches and protocols (Ethernet, TCP/IP, VLANs, etc.). -        Experience with network vendors: Arista, Celestica, Cisco, Nvidia, Accton (preferred). -        Ability to work under pressure in a fast-paced environment, handling multiple priorities. -        Excellent troubleshooting skills and attention to detail. -        Strong communication and documentation skills. -        Familiarity with network monitoring tools and ticketing systems. -        Ability to work independently and as part of a team.     Preferred Skills Certifications: CCNA, CCNP, or equivalent (a plus). Knowledge of datacenter best practices. Ability to multi-task issues and assignments. Salary Range $72,960.00 - $115,200.00 USD (Salary) Please note that the salary information provided herein is base pay only (gross); it does not include other forms of compensation which may or may not apply to this specific position, namely, performance-based bonuses, benefits-related payments, or other general incentives - none of which are guaranteed, may be subject to specific eligibility requirements, and are wholly within the discretion of Astreya to remit. Further, the salary information noted above is a range that consists of a minimum and maximum rate of pay for this specific position. Where an applicant or employee is placed on this range will depend and be contingent on objective, documented work-related considerations like education, experience, certifications, licenses, preferred qualifications, among other factors. Astreya  offers comprehensive  b enefits to all Regular, Full-Time Employees,   including: Medical provided through UHC (PPO, HSA, Surest options) / Medical provided through Kaiser (HMO option only) for California employees only Dental provided through UHC Nationwide Vision provided by UHC Flexible Spending Account for Health & Dependent Care Pre-Tax Account for Commuter Benefit/Parking & Transit (location-specific) Continuing Education and Professional Development via various integrated platforms, e.g. Udemy and Coursera Corporate Wellness Program provided by Goomi Group Employee Assistance Program Wellness Days 401k Plan Basic and Supplemental Life Insurance Short Term & Long Term Disability Critical Illness, Critical Hospital, and Voluntary Accident Insurance Tuition Reimbursement (available 6 months after start date, capped) Paid Time Off (accrued and prorated, maximum of 120 hours annually) Paid Holidays Any other statutory leaves, paid time, or other ancillary benefits required under state and federal law",15/04/2026,Not Specified,"Denver, CO",Astreya,https://astreya.wd5.myworkdayjobs.com/en-US/life-at-astreya-opportunities/job/Denver-CO/Network-Operations-Engineer-II_R0015088,Full time
Incident Response Analyst II,"Job Overview The Incident Response Analyst is a key member of the Incident Response Center (IRC), responsible for 24/7 monitoring, first-level analysis, triage, and escalation of alerts related to data center infrastructure and services. This role ensures continuous health, availability, and security of data center operations by monitoring critical systems, detecting events, assessing impact, and coordinating with cross-functional teams for timely resolution. The Analyst provides real-time situational awareness across data center facilities, network and server systems, environmental controls, cloud infrastructure, and external risk factors.   Key Responsibilities Monitor alarms and alerts across data center infrastructure, including network and server devices, hardware health indicators (disk usage, temperature, etc.), WAN circuits, local connectivity, and facility environmental systems such as temperature, humidity, power, racks, and PDUs. Monitor Oracle Cloud Infrastructure (OCI), cloud dashboards, and relevant monitoring tools for system health and service availability. Assess external risks such as natural events (floods, earthquakes, fires, severe weather) that may impact data center operations. Monitor and review CCTV activity for security events within data center facilities. Validate, investigate, and analyze alerts to determine impact and urgency. Create, update, and manage incident tickets using Jira or similar ITSM platforms. Escalate incidents promptly to cross-functional teams including Network, Compute, Storage, Facilities, Security, and Cloud teams. Communicate incident updates and notifications using tools such as Everbridge and email. Prepare Post-Incident Reviews (PIRs), document timelines, and maintain accurate incident records and handover notes. Review and track vendor emails regarding planned maintenance, emergency changes, and service advisories. Maintain documentation including SOPs, process updates, and knowledge base articles. Utilize DCIM systems, monitoring tools, CCTV platforms, and communication systems to support daily operations. Basic Qualifications Bachelor’s degree in Computer Science, Information Technology, Engineering, or related field, or equivalent practical experience. 2–5 years of experience in a data center operations center, NOC/SOC, monitoring environment, or incident management role. Basic understanding of network fundamentals (TCP/IP, routing, WAN/LAN concepts) and server or hardware components (CPU, memory, storage). Ability to interpret system alerts, analyze issues, and perform initial triage. Excellent verbal and written communication skills, with the ability to work independently, meet goals, and maintain attention to detail. Demonstrated ability to interact effectively at all levels within the organization, including with clients, while being a collaborative team player. Ability to work in 24/7 rotating shifts as required. Preferred Qualifications Experience in a Data Center, NOC, SOC, or similar operations command center environment. Familiarity with tools such as Jira, Everbridge, DCIM systems, monitoring platforms (SolarWinds, Nagios, Grafana, etc.), and CCTV monitoring tools. Experience writing incident reports or post-incident reviews. Exposure to cloud platforms such as Oracle Cloud Infrastructure, AWS, Azure, or GCP. Knowledge of ITIL processes, especially Incident, Problem, and Change Management. Strong situational awareness and ability to manage multiple priorities during critical events. Effective collaboration skills when working with cross-functional support teams.",15/04/2026,Not Specified,"Dublin, Ireland",Astreya,https://astreya.wd5.myworkdayjobs.com/en-US/life-at-astreya-opportunities/job/Dublin-Ireland/Incident-Response-Analyst-II_R0015202,Full time
Project Coordinator II,"What this Job Entails:  The Project Coordinator II will plan and coordinate aspects of internal projects from initiation to delivery. Projects often involve network, server, or software implementation and upgrades, PC deployment and the like. Projects may vary in number, size and complexity. Scope:  Works on assignments that are moderately difficult, requiring judgment in resolving issues Requires some instruction on new assignments and infrequent checks on daily work Your Roles and Responsibilities: Gather and maintain project requirement lists. Provides weekly project updates including action item updates. Schedules and coordinates project reviews and follows up on assigned actions. Effectively and accurately communicate status to the project team. Maintains and monitors project plans, project schedules, work hours and expenditures. Assists with identifying project issues, determining the right team member to provide a solution, and/or escalating the issue to the client manager. Takes part in organizing, attending and participating in stakeholder meetings. Documents and follows up on important actions and decisions from meetings. Collaborates with various regional teams responsible for project resources and ticket resolution. Assists with daily monitoring of the ticketing system, reassigning tickets where required. Produces regular reports as required. Assists with identifying trends or recurring problems and escalates to management for resolution. Assists with locating and defining new process improvement opportunities. Develops and maintains knowledge and skills and keeps up-to-date with new processes and procedures. Works closely with SDMs/Project Managers to understand and maintain focus on their analytical needs, including assisting with identifying critical metrics and KPIs, and delivering actionable insights to relevant decision-makers. Other duties as required. This list is not meant to be a comprehensive inventory of all responsibilities assigned to this position Required Qualifications/Skills: Associate's degree (A.A) or equivalent from two-year college or technical school and 2 to 5 years’ related experience and/or training; or equivalent combination of education and experience Builds productive internal and external working relationships Exercises judgment within defined procedures and practices to determine appropriate action Flexibility essential - the role requires both office and remote commitments, as well as being willing to occasionally adjust work hours due to work with regional colleagues. Experience working with Microsoft Excel and Google Suite Excellent Communication skills, both verbal and written Previous experience with ticketing systems and/or project management system Understanding of or previous experience in a technology driven environment Proactive attitude and dependable Excellent customer service skills Ability to work both within a team and independently Ability to multitask and prioritize workload Ability to use good judgment, as well as problem-solving and decision making skills Ability to maintain confidentiality and professional decorum Preferred (but not required) experience and qualifications: Project Management qualifications Physical Demand & Work Environment: Must have the ability to perform office-related tasks which may include prolonged sitting or standing Must have the ability to move from place to place within an office environment Must be able to use a computer Must have the ability to communicate effectively  Some positions may require occasional repetitive motion or movements of the wrists, hands, and/or fingers   Salary Range $44,232.00 - $69,840.00 USD (Salary) Please note that the salary information provided herein is base pay only (gross); it does not include other forms of compensation which may or may not apply to this specific position, namely, performance-based bonuses, benefits-related payments, or other general incentives - none of which are guaranteed, may be subject to specific eligibility requirements, and are wholly within the discretion of Astreya to remit. Further, the salary information noted above is a range that consists of a minimum and maximum rate of pay for this specific position. Where an applicant or employee is placed on this range will depend and be contingent on objective, documented work-related considerations like education, experience, certifications, licenses, preferred qualifications, among other factors. Astreya  offers comprehensive  b enefits to all Regular, Full-Time Employees,   including: Medical provided through UHC (PPO, HSA, Surest options) / Medical provided through Kaiser (HMO option only) for California employees only Dental provided through UHC Nationwide Vision provided by UHC Flexible Spending Account for Health & Dependent Care Pre-Tax Account for Commuter Benefit/Parking & Transit (location-specific) Continuing Education and Professional Development via various integrated platforms, e.g. Udemy and Coursera Corporate Wellness Program provided by Goomi Group Employee Assistance Program Wellness Days 401k Plan Basic and Supplemental Life Insurance Short Term & Long Term Disability Critical Illness, Critical Hospital, and Voluntary Accident Insurance Tuition Reimbursement (available 6 months after start date, capped) Paid Time Off (accrued and prorated, maximum of 120 hours annually) Paid Holidays Any other statutory leaves, paid time, or other ancillary benefits required under state and federal law",15/04/2026,Not Specified,"Denver, CO",Astreya,https://astreya.wd5.myworkdayjobs.com/en-US/life-at-astreya-opportunities/job/Denver-CO/Project-Coordinator-II_R0015243,Full time
Project & Program Management II,"What this Job Entails:  The Project & Program Management II role is responsible for planning and coordinating all aspects of internal information, system-specific projects from initiation to delivery. Projects often involve network, server, or software implementation and upgrades, and PC deployment. The role coordinates work performed by IT staff and internal customers/partners by defining project requirements, performing feasibility and needs/impact assessments. The role develops detailed project plans and manages all implementation processes including resource allocation, progress tracking, monitoring change control process, testing, documentation, training and on-time delivery within budget constraints. Projects may vary in number, size and complexity.  Scope:  Applies company policies and procedures to resolve a variety of issues Works on problems of moderate scope Receives general instructions on routine work and detailed instructions on new projects Your Roles and Responsibilities: Manages multiple, cross-functional and technical projects.  Partner with functional teams during initiation, plan, design, procurement, deployment, and post deployment phases.  Responsible for managing/tracking program milestones, timeline, and overall deliverables.  Engage in creating and maintaining comprehensive project documentation including schedules, reviews, process documents, risk analysis, etc.  Participate in the definition of project scope and objectives, involving all relevant stakeholders and ensuring technical feasibility.  Participate in driving project lifecycle milestones from concept commit through project closure and advocate change management.  Use metrics and KPIs to measure project performance using appropriate tools and techniques, and provide regular status updates.  Participate in internal process improvements; remove gaps, across multiple teams and functions.  Ensure risks are accounted for and provide risk mitigation strategies.  Be a point of contact for vendor partners and internal stakeholders.  Coordinate and assist with regularly scheduled meetings with core teams.  Take an active role in evaluation of post project results against metrics; recommend or implement changes to improve delivery practices/processes.  Other duties as required. This list is not meant to be a comprehensive inventory of all responsibilities assigned to this position. Required Qualifications/Skills: Bachelor’s degree (B.S/B.A) from four-college or university and 2 to 5 years’ related experience and/or training; or equivalent combination of education and experience  Builds productive internal and external working relationships Exercises judgment within defined procedures and practices to determine appropriate action Understanding of project management teams, resolving conflict, and meeting schedule timelines Excellent communication skills (verbal, written, documentation) Ability to work on multiple projects and assignments concurrently Self-starter who is able to quickly learn new tools and gain familiarity with new processes and technologies with minimal assistance Experience creating spreadsheets, presentation material, and project/process documentation Strong observational and analytical skills, including: ability to collect, organize, analyze and disseminate significant amounts of information, strong attention to detail and accuracy, ability to track and report metrics, and manage risks Ability to collaborate with stakeholders and communicate project updates to client executives.  Preferred Qualifications:  Various certifications Change management knowledge  Familiarity with various project management methodologies  Physical Demand & Work Environment: Must have the ability to perform office-related tasks which may include prolonged sitting or standing Must have the ability to move from place to place within an office environment Must be able to use a computer Must have the ability to communicate effectively  Some positions may require occasional repetitive motion or movements of the wrists, hands, and/or fingers Salary Range $66,120.00 - $104,400.00 USD (Salary) Please note that the salary information provided herein is base pay only (gross); it does not include other forms of compensation which may or may not apply to this specific position, namely, performance-based bonuses, benefits-related payments, or other general incentives - none of which are guaranteed, may be subject to specific eligibility requirements, and are wholly within the discretion of Astreya to remit. Further, the salary information noted above is a range that consists of a minimum and maximum rate of pay for this specific position. Where an applicant or employee is placed on this range will depend and be contingent on objective, documented work-related considerations like education, experience, certifications, licenses, preferred qualifications, among other factors. Astreya  offers comprehensive  b enefits to all Regular, Full-Time Employees,   including: Medical provided through UHC (PPO, HSA, Surest options) / Medical provided through Kaiser (HMO option only) for California employees only Dental provided through UHC Nationwide Vision provided by UHC Flexible Spending Account for Health & Dependent Care Pre-Tax Account for Commuter Benefit/Parking & Transit (location-specific) Continuing Education and Professional Development via various integrated platforms, e.g. Udemy and Coursera Corporate Wellness Program provided by Goomi Group Employee Assistance Program Wellness Days 401k Plan Basic and Supplemental Life Insurance Short Term & Long Term Disability Critical Illness, Critical Hospital, and Voluntary Accident Insurance Tuition Reimbursement (available 6 months after start date, capped) Paid Time Off (accrued and prorated, maximum of 120 hours annually) Paid Holidays Any other statutory leaves, paid time, or other ancillary benefits required under state and federal law",15/04/2026,Not Specified,"Fremont, CA",Astreya,https://astreya.wd5.myworkdayjobs.com/en-US/life-at-astreya-opportunities/job/Fremont-CA/Project---Program-Management-II_R0015283,Full time
Contracts Administrator I,"What this Job Entails:  The Contracts Administrator I will ensure all contracts are drafted, reviewed and executed both on the vendor and client side in a timely and accurate manner. The successful associate will also perform key quality reviews to reduce risk working in conjunction with other teams. Scope:  Applies company policies and procedures to resolve routine issues Works on problems of limited scope Receives detailed instructions Your Roles and Responsibilities: Assist in preparation and revision of contracts that involve the purchase of sale of goods and services including the drafting, review and execution of contracts according to client policies. Update and maintain internal database with pertinent information, including legal documents, abstractions, and executive summaries. Assist in proposal planning and administration of contracts. Prepare contract briefs and revisions summarizing contractual requirements and budgets. Track authorizations and correspondence, maintaining detailed and organized files. Prepare contract change notices Maintain an audit file for each contract which will include original contract, all correspondence, changes/deviations, amendments, clarifications, payment schedules. Perform closing activities as needed. Analyze and mitigate risk. Other duties as required. This list is not meant to be a comprehensive inventory of all responsibilities assigned to this position Required Qualifications/Skills: Bachelor’s degree (B.S/B.A) from four-college or university and 0 to 2 years’ related experience and/or training; or equivalent combination of education and experience  Builds stable working relationships internally Follows standard practice and procedures when analyzing situations or data Fluent in English language High level of attention to detail Ability to interpret complex information Aptitude for technology and interest in learning/understanding systems & interpreting data Accustomed to data input at high level of accuracy Ability to manage high volumes and meeting deadlines Highly organized with ability to manage multiple projects/tasks at a time Customer aware/centric Excel knowledge (including pivot tables and v-lookups) Ability to work well in a team environment Independently motivated Understanding of how databases capture information Ability to work accurately with large data sets Physical Demand & Work Environment: Must have the ability to perform office-related tasks which may include prolonged sitting or standing Must have the ability to move from place to place within an office environment Must be able to use a computer Must have the ability to communicate effectively  Some positions may require occasional repetitive motion or movements of the wrists, hands, and/or fingers Salary Range $48,868.00 - $77,160.00 USD (Salary) Please note that the salary information provided herein is base pay only (gross); it does not include other forms of compensation which may or may not apply to this specific position, namely, performance-based bonuses, benefits-related payments, or other general incentives - none of which are guaranteed, may be subject to specific eligibility requirements, and are wholly within the discretion of Astreya to remit. Further, the salary information noted above is a range that consists of a minimum and maximum rate of pay for this specific position. Where an applicant or employee is placed on this range will depend and be contingent on objective, documented work-related considerations like education, experience, certifications, licenses, preferred qualifications, among other factors. Astreya  offers comprehensive  b enefits to all Regular, Full-Time Employees,   including: Medical provided through UHC (PPO, HSA, Surest options) / Medical provided through Kaiser (HMO option only) for California employees only Dental provided through UHC Nationwide Vision provided by UHC Flexible Spending Account for Health & Dependent Care Pre-Tax Account for Commuter Benefit/Parking & Transit (location-specific) Continuing Education and Professional Development via various integrated platforms, e.g. Udemy and Coursera Corporate Wellness Program provided by Goomi Group Employee Assistance Program Wellness Days 401k Plan Basic and Supplemental Life Insurance Short Term & Long Term Disability Critical Illness, Critical Hospital, and Voluntary Accident Insurance Tuition Reimbursement (available 6 months after start date, capped) Paid Time Off (accrued and prorated, maximum of 120 hours annually) Paid Holidays Any other statutory leaves, paid time, or other ancillary benefits required under state and federal law",15/04/2026,Not Specified,5 Locations,Astreya,https://astreya.wd5.myworkdayjobs.com/en-US/life-at-astreya-opportunities/job/Remote-GA/Contracts-Administrator-I_R0015274,Full time
Contracts Administrator I,"What this Job Entails:  The Contracts Administrator I will ensure all contracts are drafted, reviewed and executed both on the vendor and client side in a timely and accurate manner. The successful associate will also perform key quality reviews to reduce risk working in conjunction with other teams. Scope:  Applies company policies and procedures to resolve routine issues Works on problems of limited scope Receives detailed instructions Your Roles and Responsibilities: Assist in preparation and revision of contracts that involve the purchase of sale of goods and services including the drafting, review and execution of contracts according to client policies. Update and maintain internal database with pertinent information, including legal documents, abstractions, and executive summaries. Assist in proposal planning and administration of contracts. Prepare contract briefs and revisions summarizing contractual requirements and budgets. Track authorizations and correspondence, maintaining detailed and organized files. Prepare contract change notices Maintain an audit file for each contract which will include original contract, all correspondence, changes/deviations, amendments, clarifications, payment schedules. Perform closing activities as needed. Analyze and mitigate risk. Other duties as required. This list is not meant to be a comprehensive inventory of all responsibilities assigned to this position Required Qualifications/Skills: Bachelor’s degree (B.S/B.A) from four-college or university and 0 to 2 years’ related experience and/or training; or equivalent combination of education and experience  Builds stable working relationships internally Follows standard practice and procedures when analyzing situations or data Fluent in English language High level of attention to detail Ability to interpret complex information Aptitude for technology and interest in learning/understanding systems & interpreting data Accustomed to data input at high level of accuracy Ability to manage high volumes and meeting deadlines Highly organized with ability to manage multiple projects/tasks at a time Customer aware/centric Excel knowledge (including pivot tables and v-lookups) Ability to work well in a team environment Independently motivated Understanding of how databases capture information Ability to work accurately with large data sets Physical Demand & Work Environment: Must have the ability to perform office-related tasks which may include prolonged sitting or standing Must have the ability to move from place to place within an office environment Must be able to use a computer Must have the ability to communicate effectively  Some positions may require occasional repetitive motion or movements of the wrists, hands, and/or fingers Salary Range $48,868.00 - $77,160.00 USD (Salary) Please note that the salary information provided herein is base pay only (gross); it does not include other forms of compensation which may or may not apply to this specific position, namely, performance-based bonuses, benefits-related payments, or other general incentives - none of which are guaranteed, may be subject to specific eligibility requirements, and are wholly within the discretion of Astreya to remit. Further, the salary information noted above is a range that consists of a minimum and maximum rate of pay for this specific position. Where an applicant or employee is placed on this range will depend and be contingent on objective, documented work-related considerations like education, experience, certifications, licenses, preferred qualifications, among other factors. Astreya  offers comprehensive  b enefits to all Regular, Full-Time Employees,   including: Medical provided through UHC (PPO, HSA, Surest options) / Medical provided through Kaiser (HMO option only) for California employees only Dental provided through UHC Nationwide Vision provided by UHC Flexible Spending Account for Health & Dependent Care Pre-Tax Account for Commuter Benefit/Parking & Transit (location-specific) Continuing Education and Professional Development via various integrated platforms, e.g. Udemy and Coursera Corporate Wellness Program provided by Goomi Group Employee Assistance Program Wellness Days 401k Plan Basic and Supplemental Life Insurance Short Term & Long Term Disability Critical Illness, Critical Hospital, and Voluntary Accident Insurance Tuition Reimbursement (available 6 months after start date, capped) Paid Time Off (accrued and prorated, maximum of 120 hours annually) Paid Holidays Any other statutory leaves, paid time, or other ancillary benefits required under state and federal law",15/04/2026,Not Specified,5 Locations,Astreya,https://astreya.wd5.myworkdayjobs.com/en-US/life-at-astreya-opportunities/job/Remote-GA/Contracts-Administrator-I_R0015275,Full time
Project & Program Management III,"Scope:  Self-starter with a firm sense of accountability and ownership for the end-to-end project lifecycle. Solid knowledge of the tools and elements of project management. Hardware or systems background to understand how technology changes impact our ability to grow. Ability to use project management techniques to drive physical or development tasks to completion. Ability to dive into a complex data set, find the hidden truth, and transform it into a plan of action. Exceptional interpersonal and communication skills. You will be a part of a global team that provides 24x5 support to help customers with the right resources at the right time. When customers cannot resolve issues themselves, your job is to ensure that we have the necessary tools and processes to swiftly resolve the issue. Roles and Responsibilities:  Identify and solve cross-functional and inter-team challenges. Manage multiple interdependent projects of moderate to high complexity and scope. Use technical judgment to drive project delivery and technology reviews, challenge proposals, and build consensus. Build positive, trusting relationships through consistent on-time delivery of commitments and effective communication. You will also troubleshoot technical problems for the team. Act as a consultant and subject matter expert for internal stakeholders in engineering, sales, and customer organizations to resolve technical deployment obstacles and improve Cloud. The candidate will spend 60 / 70% of their time on hands-on work (i.e. execution), and the balance of 30 / 40% time on stakeholders management and providing project status updates. Minimum / Required Qualifications :  Bachelor's degree in Science, Technology, Engineering, Mathematics, or equivalent practical experience. Project/Program Management Experience of at least 2 - 4 Years. Ability to speak and write in English fluently. Knowledge of Cloud Computing (i.e. certifications, internships, coursework, etc.). Basic Cloud Foundations including networking, logging and monitoring, security, and compliance. Demonstrated ability to adapt your message to the technical level of the audience and comfort presenting technical materials to groups of any size and background. Demonstrated troubleshooting, follow-through and problem solving skills, along with resourcefulness and effective communication skills. Candidate to possess knowledge / experience working with Compute and Infrastructure Storage technologies (i.e. VM's, PD-SSD, RAM, HDD etc.). Candidate to possess experience / knowledge on the Machine Infrastructure side. To possess analytical and problem solving abilities. Plus if the candidate is familiar with any programming languages (e.g. SQL, LINUX O/S) and/or has experience working with any databases.",11/04/2026,Not Specified,"Remote, India",Astreya,https://astreya.wd5.myworkdayjobs.com/en-US/life-at-astreya-opportunities/job/Remote-India/Project---Program-Management-III_R0014930,Full time
Project Coordinator II,"What this Job Entails:  The Project Coordinator II will plan and coordinate aspects of internal projects from initiation to delivery. Projects often involve network, server, or software implementation and upgrades, PC deployment and the like. Projects may vary in number, size and complexity. Scope:  Works on assignments that are moderately difficult, requiring judgment in resolving issues Requires some instruction on new assignments and infrequent checks on daily work Your Roles and Responsibilities: Gather and maintain project requirement lists. Provides weekly project updates including action item updates. Schedules and coordinates project reviews and follows up on assigned actions. Effectively and accurately communicate status to the project team. Maintains and monitors project plans, project schedules, work hours and expenditures. Assists with identifying project issues, determining the right team member to provide a solution, and/or escalating the issue to the client manager. Takes part in organizing, attending and participating in stakeholder meetings. Documents and follows up on important actions and decisions from meetings. Collaborates with various regional teams responsible for project resources and ticket resolution. Assists with daily monitoring of the ticketing system, reassigning tickets where required. Produces regular reports as required. Assists with identifying trends or recurring problems and escalates to management for resolution. Assists with locating and defining new process improvement opportunities. Develops and maintains knowledge and skills and keeps up-to-date with new processes and procedures. Works closely with SDMs/Project Managers to understand and maintain focus on their analytical needs, including assisting with identifying critical metrics and KPIs, and delivering actionable insights to relevant decision-makers. Other duties as required. This list is not meant to be a comprehensive inventory of all responsibilities assigned to this position Required Qualifications/Skills: Associate's degree (A.A) or equivalent from two-year college or technical school and 2 to 5 years’ related experience and/or training; or equivalent combination of education and experience Builds productive internal and external working relationships Exercises judgment within defined procedures and practices to determine appropriate action Flexibility essential - the role requires both office and remote commitments, as well as being willing to occasionally adjust work hours due to work with regional colleagues. Experience working with Microsoft Excel and Google Suite Excellent Communication skills, both verbal and written Previous experience with ticketing systems and/or project management system Understanding of or previous experience in a technology driven environment Proactive attitude and dependable Excellent customer service skills Ability to work both within a team and independently Ability to multitask and prioritize workload Ability to use good judgment, as well as problem-solving and decision making skills Ability to maintain confidentiality and professional decorum Physical Demand & Work Environment: Must have the ability to perform office-related tasks which may include prolonged sitting or standing Must have the ability to move from place to place within an office environment Must be able to use a computer Must have the ability to communicate effectively  Some positions may require occasional repetitive motion or movements of the wrists, hands, and/or fingers Salary Range $21.27 - $33.58 USD (Hourly) Please note that the salary information provided herein is base pay only (gross); it does not include other forms of compensation which may or may not apply to this specific position, namely, performance-based bonuses, benefits-related payments, or other general incentives - none of which are guaranteed, may be subject to specific eligibility requirements, and are wholly within the discretion of Astreya to remit. Further, the salary information noted above is a range that consists of a minimum and maximum rate of pay for this specific position. Where an applicant or employee is placed on this range will depend and be contingent on objective, documented work-related considerations like education, experience, certifications, licenses, preferred qualifications, among other factors. Astreya  offers comprehensive  b enefits to all Regular, Full-Time Employees,   including: Medical provided through UHC (PPO, HSA, Surest options) / Medical provided through Kaiser (HMO option only) for California employees only Dental provided through UHC Nationwide Vision provided by UHC Flexible Spending Account for Health & Dependent Care Pre-Tax Account for Commuter Benefit/Parking & Transit (location-specific) Continuing Education and Professional Development via various integrated platforms, e.g. Udemy and Coursera Corporate Wellness Program provided by Goomi Group Employee Assistance Program Wellness Days 401k Plan Basic and Supplemental Life Insurance Short Term & Long Term Disability Critical Illness, Critical Hospital, and Voluntary Accident Insurance Tuition Reimbursement (available 6 months after start date, capped) Paid Time Off (accrued and prorated, maximum of 120 hours annually) Paid Holidays Any other statutory leaves, paid time, or other ancillary benefits required under state and federal law",10/04/2026,Not Specified,"Mountain View, CA",Astreya,https://astreya.wd5.myworkdayjobs.com/en-US/life-at-astreya-opportunities/job/Mountain-View-CA/Project-Coordinator-II_R0015213,Full time
Hardware Support Technician II,"What this Job Entails:  The Hardware Support Technician II provides procurement, inventory management, asset management, distribution and logistics services for pre-market consumer electronics across the globe. The role also provides technical assistance to ensure the products are getting shipped with the right image. The person in this role works with cutting edge technology and pre-market consumer electronics. Scope:  Works on assignments that are moderately difficult, requiring judgment in resolving issues Requires some instruction on new assignments and infrequent checks on daily work ​ Your Roles and Responsibilities: Participates with inventory and asset management including receipt and disposition of hardware Documents all defects of pre-mass production hardware and/or software Performs hardware reworks (e.g., swapping out boards/chips, removing write-protect screws, etc.) Performs software reworks (e.g., imaging devices to different builds; wipe data, rewrite system hardware ID’s, etc.) Conducts servo flashing, firmware upgrade, flashing unsigned images Resolves support tickets on device issues Provides technical support during events (travel often required) Other duties as required. This list is not meant to be a comprehensive inventory of all responsibilities assigned to this position ​ Required Qualifications/Skills: High school diploma or general education degree (GED) 2 to 5 years’ related experience and/or training; or equivalent combination of education and experience IT savvy and interested in new technologies Knowledgeable about inventory, and comfortable in an IT inventory environment Capable of following technical instructions to flash drives, image devices and re-write hardware IDs Excellent communicator in both written and verbal English Ability to work in a team Ability to excel in a fast paced work environment. Ability to learn new things and adapt to a changing environment quickly Strong organization skills, and able to identify the steps to be taken to achieve objectives Preferred Qualifications:  Data experience Excel experience   ​ Physical Demand & Work Environment: Must have the ability to perform office-related tasks which may include prolonged sitting or standing Must have the ability to move from place to place within an office environment Must be able to use a computer Must have the ability to communicate effectively  Some positions may require occasional repetitive motion or movements of the wrists, hands, and/or fingers ​ What can Astreya offer you? Employment in the fast-growing IT space providing you with a variety of career options Opportunity to work with some of the biggest firms in the world as part of the Astreya delivery network Introduction to new ways of working and awesome technologies Career paths to help you establish where you want to go Focus on internal promotion and internal mobility - we love to build teams from within Free 24/7 accessible Professional Development through LinkedIn Learning and other online courses to give you opportunities to upskill at your own pace Education Assistance Dedicated management to provide you with on point leadership and care Numerous on the job perks Market competitive compensation and insurance, health and wellness benefits  Salary Range $19.22 - $30.35 USD (Hourly) Please note that the salary information provided herein is base pay only (gross); it does not include other forms of compensation which may or may not apply to this specific position, namely, performance-based bonuses, benefits-related payments, or other general incentives - none of which are guaranteed, may be subject to specific eligibility requirements, and are wholly within the discretion of Astreya to remit. Further, the salary information noted above is a range that consists of a minimum and maximum rate of pay for this specific position. Where an applicant or employee is placed on this range will depend and be contingent on objective, documented work-related considerations like education, experience, certifications, licenses, preferred qualifications, among other factors. Astreya  offers comprehensive  b enefits to all Regular, Full-Time Employees,   including: Medical provided through UHC (PPO, HSA, Surest options) / Medical provided through Kaiser (HMO option only) for California employees only Dental provided through UHC Nationwide Vision provided by UHC Flexible Spending Account for Health & Dependent Care Pre-Tax Account for Commuter Benefit/Parking & Transit (location-specific) Continuing Education and Professional Development via various integrated platforms, e.g. Udemy and Coursera Corporate Wellness Program provided by Goomi Group Employee Assistance Program Wellness Days 401k Plan Basic and Supplemental Life Insurance Short Term & Long Term Disability Critical Illness, Critical Hospital, and Voluntary Accident Insurance Tuition Reimbursement (available 6 months after start date, capped) Paid Time Off (accrued and prorated, maximum of 120 hours annually) Paid Holidays Any other statutory leaves, paid time, or other ancillary benefits required under state and federal law",10/04/2026,Not Specified,"Mountain View, CA",Astreya,https://astreya.wd5.myworkdayjobs.com/en-US/life-at-astreya-opportunities/job/Mountain-View-CA/Hardware-Support-Technician-II_R0015210,Full time
AV Technician III,"What this Job Entails: The AV Technician III will join our expanding team onsite with one of our global clients. The hire will be given the opportunity to work with some of the most innovative technologies in the world. The AV Technician III will provide support for corporate AV/VC environments, and will confidently and quickly analyze problems using technical diagnostic skill sets, in order to effectively support and resolve issues. Technical responsibilities include high profile event support, audio, video, conferencing technology, projects, maintenance, support. Traveling to various client offices on occasion is required.  Scope:  Works on assignments that require considerable judgment  and initiative. Makes recommendations for solutions Works within guidelines and takes ownership of results. May act as a mentor to less experienced team members. Your Roles and Responsibilities: Responsible for installation of all AV equipment and displays to include: audio and video conferencing equipment, distributed audio, digital signage, control systems and all presentation systems. Perform installation of structured cabling to include pulling, terminating and testing cat5e/6, video, RGB, HDMI, DVI and audio cables. Ensure that SLAs and daily deliverables are met including ticket updates Upload Crestron control programs to control processors and work with remote program team on control system certification. Manage inventory, including weekly/monthly stock levels, returning product (RMA) and inventory DOA issues. Follow all policies, standards or safety guidelines required by client Responsible for problem solving and troubleshooting of any issue that may arise during an installation. Perform equipment setups, breakdowns and troubleshoot issues during events. Perform all necessary pre-event checks as required. Liaise with cross-functional teams and internal users before and during events. Interface with end users and vendors to address requests and requirements. Identify and solve issues that impact client conference rooms. Adeptly leverages knowledge and expertise Other duties as required. This list is not meant to be a comprehensive inventory of all responsibilities assigned to this position Required Qualifications/Skills: High school diploma or general education degree (GED) and 5 to 8 years’ related experience and/or training; or equivalent combination of education and experience Networks with senior internal and external personnel in own area of expertise Demonstrates good judgment in selecting methods and techniques for obtaining solutions Ability to think and work independently Strong understanding of wiring and termination skills as well as proper installation techniques of all AV equipment Excellent written and oral communication skills and strong customer service skills Understanding of reading/understanding architecture, electrical, structural & AV systems drawings Ability to work day, evening or weekend shifts and travel to support a distant event if required Must have valid driver’s license and safe driving record Preferred Qualifications:  Various certifications  Physical Demand & Work Environment: Must be able to sit, stand, stoop and bend for extended periods of time Must have dexterity of hands and fingers to operate a computer keyboard, mouse, power tools and to handle other office equipment Must have ability to climb ladder, scaffolding or transported by lifts Must have the ability to drive/operate a vehicle in a safe manner Must be able to regularly lift and transport up to 15 pounds, as well as frequently lift and or transport moderately heavy equipment up to 50 pounds Must have the ability to perform office-related tasks which may include prolonged sitting or standing Must have the ability to move from place to place within an office environment Must be able to use a computer Must have the ability to communicate effectively",10/04/2026,Not Specified,"Hyderabad, India",Astreya,https://astreya.wd5.myworkdayjobs.com/en-US/life-at-astreya-opportunities/job/Hyderabad-India/AV-Technician-III_R0015226,Full time
"Service Delivery, Manager","What this Job Entails:  The Service Delivery Manager is a client facing role and requires that you establish and satisfactorily manage client and employee expectations. The role requires leadership, strong ability to multitask, prioritize, communicate, and direct a very diverse set of teams. The responsibilities range from interviewing, hiring, and managing personnel to perform day to day tasks, ensuring that work is performed as expected, with regular client communication on progress. The successful candidate will have the ability to manage and evolve existing services across multiple disciplines, assisting sales teams with the growth strategy.  Scope:  Works on issues of diverse scope where analysis of a situation or data needs evaluation of multiple factors, including a familiarity with current business trends.  Follows processes and operational policies while selecting methods and techniques for obtaining solutions.  Acts as advisor to subordinates to meet schedules and/or resolve technical problems.  Develops and administers schedules, performance requirements. May have budget responsibilities. Your Roles and Responsibilities: Provide leadership to diverse operations teams  Implement, monitor and provide timely reports to customers on service delivery metrics  Implement personnel on-boarding, training, and service improvement activities, ensuring systems, methodologies, and procedures are in place and followed by each service team  Drive internal and client meetings covering delivery performance, service improvements, quality, and processes  Be accountable for the quality of service and performance; ensure future demand from growth and projects are understood and factored into capacity plans for all associated teams  Work closely with Business Development and Client Partner teams to support growth, including help with services content for Statements of Work, and development/transition to stronger managed services capabilities  Works with the SMEs and stakeholders to define the roadmap for any given product and translate this into user stories or RFPs depending on the build decision  Work closely with Recruiting to develop pipeline and process for hiring strong candidates and interview where necessary  Further, develop and maintain retention program and incentives for field employee satisfaction  Manage large projects or delivering the IT components of major projects to time, cost, quality and benefits realisation requirements Assimilate, understand and manage problem solving and opportunities recognition in the context of IT Infrastructure and/or application change solution concept, solutioning, design and deployment in a major software services/hardware environment Takes ownership for the resolution of highly complex issues and risks that have been escalated Leads the collaborative, dynamic planning process – prioritizing the work that needs to be done against the capacity and capability of the team Other duties as required. This list is not meant to be a comprehensive inventory of all responsibilities assigned to this position Required Qualifications/Skills: Bachelor’s degree (B.S/B.A) from four-college or university and 8+ years’ related experience and/or training; or equivalent combination of education and experience  Frequently interacts with subordinate supervisors, customers, and/or functional peer group managers, normally involving matters between functional areas, other company divisions or units, or customers and the company.  Must be able to lead a cooperative effort among members of a project team. A track record of successfully delivering a range of complex, high profile IT projects. Proven track record of implementing and leading improvements in project lifecycle. Able to identify projects at risk and take appropriate action to recover, often working across divisional boundaries. Passionate about the IT industry and how new technology can improve business outcomes. Strong technical knowledge of enterprise IT, including but not limited to help desk, networking, ticket and incident management, AV/VC, and asset management.  Strong analytical, organizational, communication and presentation skills.  Highly adaptable with the ability to effectively manage multiple concurrent work streams.  Strong business acumen and the ability to provide operational, technical and financial oversight.  Proven leadership skills with the ability to motivate, lead, develop, direct and position people to work effectively in a team environment.  Physical Demand & Work Environment: Must have the ability to perform office-related tasks which may include prolonged sitting or standing Must have the ability to move from place to place within an office environment Must be able to use a computer Must have the ability to communicate effectively  Some positions may require occasional repetitive motion or movements of the wrists, hands, and/or fingers",09/04/2026,Not Specified,"Kuala Lumpur, Malaysia",Astreya,https://astreya.wd5.myworkdayjobs.com/en-US/life-at-astreya-opportunities/job/Kuala-Lumpur-Malaysia/Service-Delivery--Manager_R0015232,Full time
IT Support Specialist III,"What this Job Entails:  The IT Support Analysts will help in resolving a variety of technical problems.  Scope:  Works on assignments that require considerable judgment  and initiative. Makes recommendations for solutions Works within guidelines and takes ownership of results. May act as a mentor to less experienced team members Your Roles and Responsibilities: Field incoming help requests from end users in a courteous manner. Document all pertinent end user identification information, including name, department, contact information, and nature of problem. Build rapport and elicit problem details from help desk customers. Prioritize and schedule problems. Escalate problems, when required, to the appropriate experienced technician. Apply diagnostic utilities to aid in troubleshooting. Access software updates, drivers, knowledge bases, and frequently asked questions resources on the Internet to aid in problem resolution. Identify and learn appropriate software and hardware used and supported by the organization. Install new PCs, both desktop and notebooks, for new and existing users, including hardware setup, software installs, wiring, and training. Other duties as required. This list is not meant to be a comprehensive inventory of all responsibilities assigned to this position Required Qualifications/Skills: Associate's degree (A.A) or equivalent from two-year college or technical school and 5 to 8 years’ related experience and/or training; or equivalent combination of education and experience  Networks with senior internal and external personnel in own area of expertise Demonstrates good judgment in selecting methods and techniques for obtaining solutions Knowledge of basic computer hardware and software Familiarity with desktop and server operating systems Exceptional interpersonal skills, with a focus on rapport-building, listening, and questioning skills Ability to conduct research into a wide range of computing issues as required Ability to present ideas in a user-friendly manner Analytical and problem solving abilities Exceptional customer service orientation Preferred Qualifications:  Knowledge of various operating systems and databases  Knowledge of various programming languages Physical Demand & Work Environment: Must have the ability to perform office-related tasks which may include prolonged sitting or standing Must have the ability to move from place to place within an office environment Must be able to use a computer Must have the ability to communicate effectively  Some positions may require occasional repetitive motion or movements of the wrists, hands, and/or fingers",09/04/2026,Not Specified,"Hong Kong, Hong Kong",Astreya,https://astreya.wd5.myworkdayjobs.com/en-US/life-at-astreya-opportunities/job/Hong-Kong-Hong-Kong/IT-Support-Specialist-III_R0015054,Full time
AV Technician III,"What this Job Entails: The AV Technician III will join our expanding team onsite with one of our global clients. The hire will be given the opportunity to work with some of the most innovative technologies in the world. The AV Technician III will provide support for corporate AV/VC environments, and will confidently and quickly analyze problems using technical diagnostic skill sets, in order to effectively support and resolve issues. Technical responsibilities include high profile event support, audio, video, conferencing technology, projects, maintenance, support. Traveling to various client offices on occasion is required.  Scope:  Works on assignments that require considerable judgment  and initiative. Makes recommendations for solutions Works within guidelines and takes ownership of results. May act as a mentor to less experienced team members. Your Roles and Responsibilities: Responsible for installation of all AV equipment and displays to include: audio and video conferencing equipment, distributed audio, digital signage, control systems and all presentation systems. Perform installation of structured cabling to include pulling, terminating and testing cat5e/6, video, RGB, HDMI, DVI and audio cables. Ensure that SLAs and daily deliverables are met including ticket updates Upload Crestron control programs to control processors and work with remote program team on control system certification. Manage inventory, including weekly/monthly stock levels, returning product (RMA) and inventory DOA issues. Follow all policies, standards or safety guidelines required by client Responsible for problem solving and troubleshooting of any issue that may arise during an installation. Perform equipment setups, breakdowns and troubleshoot issues during events. Perform all necessary pre-event checks as required. Liaise with cross-functional teams and internal users before and during events. Interface with end users and vendors to address requests and requirements. Identify and solve issues that impact client conference rooms. Adeptly leverages knowledge and expertise Other duties as required. This list is not meant to be a comprehensive inventory of all responsibilities assigned to this position Required Qualifications/Skills: High school diploma or general education degree (GED) and 5 to 8 years’ related experience and/or training; or equivalent combination of education and experience Networks with senior internal and external personnel in own area of expertise Demonstrates good judgment in selecting methods and techniques for obtaining solutions Ability to think and work independently Strong understanding of wiring and termination skills as well as proper installation techniques of all AV equipment Excellent written and oral communication skills and strong customer service skills Understanding of reading/understanding architecture, electrical, structural & AV systems drawings Ability to work day, evening or weekend shifts and travel to support a distant event if required Must have valid driver’s license and safe driving record Preferred Qualifications:  Various certifications  Physical Demand & Work Environment: Must be able to sit, stand, stoop and bend for extended periods of time Must have dexterity of hands and fingers to operate a computer keyboard, mouse, power tools and to handle other office equipment Must have ability to climb ladder, scaffolding or transported by lifts Must have the ability to drive/operate a vehicle in a safe manner Must be able to regularly lift and transport up to 15 pounds, as well as frequently lift and or transport moderately heavy equipment up to 50 pounds Must have the ability to perform office-related tasks which may include prolonged sitting or standing Must have the ability to move from place to place within an office environment Must be able to use a computer Must have the ability to communicate effectively",09/04/2026,Not Specified,"Hyderabad, India",Astreya,https://astreya.wd5.myworkdayjobs.com/en-US/life-at-astreya-opportunities/job/Hyderabad-India/AV-Technician-III_R0015227,Full time
AV Technician II,"What this Job Entails: The AV Technician II will join our expanding team onsite with one of our global clients. The hire will be given the opportunity to work with some of the most innovative technologies in the world. The AV Technician II will provide support for corporate AV/VC environments, and will confidently and quickly analyze problems using technical diagnostic skill sets, in order to effectively support and resolve issues. Technical responsibilities include high profile event support, audio, video, conferencing technology, projects, maintenance, support. Traveling to various client offices on occasion is required.  Scope:  Works on assignments that are moderately difficult, requiring judgment in resolving issues Requires some instruction on new assignments and infrequent checks on daily work Your Roles and Responsibilities: Participate in installation of all AV equipment and displays to include: audio and video conferencing equipment, distributed audio, digital signage, control systems and all presentation systems. Perform installation of structured cabling to include pulling, terminating and testing cat5e/6, video, RGB, HDMI, DVI and audio cables. Ensure that SLAs and daily deliverables are met including ticket updates Upload Crestron control programs to control processors and work with remote program team on control system certification. Assist with inventory, including weekly/monthly stock levels, returning product (RMA) and inventory DOA issues. Follow all policies, standards or safety guidelines that client requires Engage in problem solving and troubleshooting of any issue that may arise during an installation. Perform equipment setups, breakdowns and troubleshoot issues during events. Perform all necessary pre-event checks as required. Liaise with cross-functional teams and internal users before and during events. Interface with end users and vendors to address requests and requirements. Identify and solve issues that impact client conference rooms. Other duties as required. This list is not meant to be a comprehensive inventory of all responsibilities assigned to this position Required Qualifications/Skills: High school diploma or general education degree (GED) and 2 to 5 years’ related experience and/or training; or equivalent combination of education and experience Builds productive internal and external working relationships Exercises judgment within defined procedures and practices to determine appropriate action Ability to think and work independently Strong understanding of wiring and termination skills as well as proper installation techniques of all AV equipment Excellent written and oral communication skills and strong customer service skills Understanding of reading/understanding architecture, electrical, structural & AV systems drawings Ability to work day, evening or weekend shifts and travel to support a distant event if required Must have valid driver’s license and safe driving record Preferred Qualifications:  Various certifications  Physical Demand & Work Environment: Must be able to sit, stand, stoop and bend for extended periods of time Must have dexterity of hands and fingers to operate a computer keyboard, mouse, power tools and to handle other office equipment Must have ability to climb ladder, scaffolding or transported by lifts Must have the ability to drive/operate a vehicle in a safe manner Must be able to regularly lift and transport up to 15 pounds, as well as frequently lift and or transport moderately heavy equipment up to 50 pounds Must have the ability to perform office-related tasks which may include prolonged sitting or standing Must have the ability to move from place to place within an office environment Must be able to use a computer Must have the ability to communicate effectively  Salary Range $21.27 - $33.58 USD (Hourly) Please note that the salary information provided herein is base pay only (gross); it does not include other forms of compensation which may or may not apply to this specific position, namely, performance-based bonuses, benefits-related payments, or other general incentives - none of which are guaranteed, may be subject to specific eligibility requirements, and are wholly within the discretion of Astreya to remit. Further, the salary information noted above is a range that consists of a minimum and maximum rate of pay for this specific position. Where an applicant or employee is placed on this range will depend and be contingent on objective, documented work-related considerations like education, experience, certifications, licenses, preferred qualifications, among other factors. Astreya  offers comprehensive  b enefits to all Regular, Full-Time Employees,   including: Medical provided through UHC (PPO, HSA, Surest options) / Medical provided through Kaiser (HMO option only) for California employees only Dental provided through UHC Nationwide Vision provided by UHC Flexible Spending Account for Health & Dependent Care Pre-Tax Account for Commuter Benefit/Parking & Transit (location-specific) Continuing Education and Professional Development via various integrated platforms, e.g. Udemy and Coursera Corporate Wellness Program provided by Goomi Group Employee Assistance Program Wellness Days 401k Plan Basic and Supplemental Life Insurance Short Term & Long Term Disability Critical Illness, Critical Hospital, and Voluntary Accident Insurance Tuition Reimbursement (available 6 months after start date, capped) Paid Time Off (accrued and prorated, maximum of 120 hours annually) Paid Holidays Any other statutory leaves, paid time, or other ancillary benefits required under state and federal law",09/04/2026,Not Specified,"Bellevue, WA",Astreya,https://astreya.wd5.myworkdayjobs.com/en-US/life-at-astreya-opportunities/job/Bellevue-WA/AV-Technician-II_R0015237,Full time
AV Technician II,"What this Job Entails: The AV Technician II will join our expanding team onsite with one of our global clients. The hire will be given the opportunity to work with some of the most innovative technologies in the world. The AV Technician II will provide support for corporate AV/VC environments, and will confidently and quickly analyze problems using technical diagnostic skill sets, in order to effectively support and resolve issues. Technical responsibilities include high profile event support, audio, video, conferencing technology, projects, maintenance, support. Traveling to various client offices on occasion is required.  Scope:  Works on assignments that are moderately difficult, requiring judgment in resolving issues Requires some instruction on new assignments and infrequent checks on daily work Your Roles and Responsibilities: Participate in installation of all AV equipment and displays to include: audio and video conferencing equipment, distributed audio, digital signage, control systems and all presentation systems. Perform installation of structured cabling to include pulling, terminating and testing cat5e/6, video, RGB, HDMI, DVI and audio cables. Ensure that SLAs and daily deliverables are met including ticket updates Upload Crestron control programs to control processors and work with remote program team on control system certification. Assist with inventory, including weekly/monthly stock levels, returning product (RMA) and inventory DOA issues. Follow all policies, standards or safety guidelines that client requires Engage in problem solving and troubleshooting of any issue that may arise during an installation. Perform equipment setups, breakdowns and troubleshoot issues during events. Perform all necessary pre-event checks as required. Liaise with cross-functional teams and internal users before and during events. Interface with end users and vendors to address requests and requirements. Identify and solve issues that impact client conference rooms. Other duties as required. This list is not meant to be a comprehensive inventory of all responsibilities assigned to this position Required Qualifications/Skills: High school diploma or general education degree (GED) and 2 to 5 years’ related experience and/or training; or equivalent combination of education and experience Builds productive internal and external working relationships Exercises judgment within defined procedures and practices to determine appropriate action Ability to think and work independently Strong understanding of wiring and termination skills as well as proper installation techniques of all AV equipment Excellent written and oral communication skills and strong customer service skills Understanding of reading/understanding architecture, electrical, structural & AV systems drawings Ability to work day, evening or weekend shifts and travel to support a distant event if required Must have valid driver’s license and safe driving record Preferred Qualifications:  Various certifications  Physical Demand & Work Environment: Must be able to sit, stand, stoop and bend for extended periods of time Must have dexterity of hands and fingers to operate a computer keyboard, mouse, power tools and to handle other office equipment Must have ability to climb ladder, scaffolding or transported by lifts Must have the ability to drive/operate a vehicle in a safe manner Must be able to regularly lift and transport up to 15 pounds, as well as frequently lift and or transport moderately heavy equipment up to 50 pounds Must have the ability to perform office-related tasks which may include prolonged sitting or standing Must have the ability to move from place to place within an office environment Must be able to use a computer Must have the ability to communicate effectively  Salary Range $21.27 - $33.58 USD (Hourly) Please note that the salary information provided herein is base pay only (gross); it does not include other forms of compensation which may or may not apply to this specific position, namely, performance-based bonuses, benefits-related payments, or other general incentives - none of which are guaranteed, may be subject to specific eligibility requirements, and are wholly within the discretion of Astreya to remit. Further, the salary information noted above is a range that consists of a minimum and maximum rate of pay for this specific position. Where an applicant or employee is placed on this range will depend and be contingent on objective, documented work-related considerations like education, experience, certifications, licenses, preferred qualifications, among other factors. Astreya  offers comprehensive  b enefits to all Regular, Full-Time Employees,   including: Medical provided through UHC (PPO, HSA, Surest options) / Medical provided through Kaiser (HMO option only) for California employees only Dental provided through UHC Nationwide Vision provided by UHC Flexible Spending Account for Health & Dependent Care Pre-Tax Account for Commuter Benefit/Parking & Transit (location-specific) Continuing Education and Professional Development via various integrated platforms, e.g. Udemy and Coursera Corporate Wellness Program provided by Goomi Group Employee Assistance Program Wellness Days 401k Plan Basic and Supplemental Life Insurance Short Term & Long Term Disability Critical Illness, Critical Hospital, and Voluntary Accident Insurance Tuition Reimbursement (available 6 months after start date, capped) Paid Time Off (accrued and prorated, maximum of 120 hours annually) Paid Holidays Any other statutory leaves, paid time, or other ancillary benefits required under state and federal law",09/04/2026,Not Specified,"New York, NY",Astreya,https://astreya.wd5.myworkdayjobs.com/en-US/life-at-astreya-opportunities/job/New-York-NY/AV-Technician-II_R0015236,Full time
AV Technician II,"What this Job Entails: The AV Technician II will join our expanding team onsite with one of our global clients. The hire will be given the opportunity to work with some of the most innovative technologies in the world. The AV Technician II will provide support for corporate AV/VC environments, and will confidently and quickly analyze problems using technical diagnostic skill sets, in order to effectively support and resolve issues. Technical responsibilities include high profile event support, audio, video, conferencing technology, projects, maintenance, support. Traveling to various client offices on occasion is required.  Scope:  Works on assignments that are moderately difficult, requiring judgment in resolving issues Requires some instruction on new assignments and infrequent checks on daily work Your Roles and Responsibilities: Participate in installation of all AV equipment and displays to include: audio and video conferencing equipment, distributed audio, digital signage, control systems and all presentation systems. Perform installation of structured cabling to include pulling, terminating and testing cat5e/6, video, RGB, HDMI, DVI and audio cables. Ensure that SLAs and daily deliverables are met including ticket updates Upload Crestron control programs to control processors and work with remote program team on control system certification. Assist with inventory, including weekly/monthly stock levels, returning product (RMA) and inventory DOA issues. Follow all policies, standards or safety guidelines that client requires Engage in problem solving and troubleshooting of any issue that may arise during an installation. Perform equipment setups, breakdowns and troubleshoot issues during events. Perform all necessary pre-event checks as required. Liaise with cross-functional teams and internal users before and during events. Interface with end users and vendors to address requests and requirements. Identify and solve issues that impact client conference rooms. Other duties as required. This list is not meant to be a comprehensive inventory of all responsibilities assigned to this position Required Qualifications/Skills: High school diploma or general education degree (GED) and 2 to 5 years’ related experience and/or training; or equivalent combination of education and experience Builds productive internal and external working relationships Exercises judgment within defined procedures and practices to determine appropriate action Ability to think and work independently Strong understanding of wiring and termination skills as well as proper installation techniques of all AV equipment Excellent written and oral communication skills and strong customer service skills Understanding of reading/understanding architecture, electrical, structural & AV systems drawings Ability to work day, evening or weekend shifts and travel to support a distant event if required Must have valid driver’s license and safe driving record Preferred Qualifications:  Various certifications  Physical Demand & Work Environment: Must be able to sit, stand, stoop and bend for extended periods of time Must have dexterity of hands and fingers to operate a computer keyboard, mouse, power tools and to handle other office equipment Must have ability to climb ladder, scaffolding or transported by lifts Must have the ability to drive/operate a vehicle in a safe manner Must be able to regularly lift and transport up to 15 pounds, as well as frequently lift and or transport moderately heavy equipment up to 50 pounds Must have the ability to perform office-related tasks which may include prolonged sitting or standing Must have the ability to move from place to place within an office environment Must be able to use a computer Must have the ability to communicate effectively",09/04/2026,Not Specified,"London, United Kingdom",Astreya,https://astreya.wd5.myworkdayjobs.com/en-US/life-at-astreya-opportunities/job/London-United-Kingdom/AV-Technician-II_R0015235,Full time
AV Technician II,"What this Job Entails: The AV Technician II will join our expanding team onsite with one of our global clients. The hire will be given the opportunity to work with some of the most innovative technologies in the world. The AV Technician II will provide support for corporate AV/VC environments, and will confidently and quickly analyze problems using technical diagnostic skill sets, in order to effectively support and resolve issues. Technical responsibilities include high profile event support, audio, video, conferencing technology, projects, maintenance, support. Traveling to various client offices on occasion is required.  Scope:  Works on assignments that are moderately difficult, requiring judgment in resolving issues Requires some instruction on new assignments and infrequent checks on daily work Your Roles and Responsibilities: Participate in installation of all AV equipment and displays to include: audio and video conferencing equipment, distributed audio, digital signage, control systems and all presentation systems. Perform installation of structured cabling to include pulling, terminating and testing cat5e/6, video, RGB, HDMI, DVI and audio cables. Ensure that SLAs and daily deliverables are met including ticket updates Upload Crestron control programs to control processors and work with remote program team on control system certification. Assist with inventory, including weekly/monthly stock levels, returning product (RMA) and inventory DOA issues. Follow all policies, standards or safety guidelines that client requires Engage in problem solving and troubleshooting of any issue that may arise during an installation. Perform equipment setups, breakdowns and troubleshoot issues during events. Perform all necessary pre-event checks as required. Liaise with cross-functional teams and internal users before and during events. Interface with end users and vendors to address requests and requirements. Identify and solve issues that impact client conference rooms. Other duties as required. This list is not meant to be a comprehensive inventory of all responsibilities assigned to this position Required Qualifications/Skills: High school diploma or general education degree (GED) and 2 to 5 years’ related experience and/or training; or equivalent combination of education and experience Builds productive internal and external working relationships Exercises judgment within defined procedures and practices to determine appropriate action Ability to think and work independently Strong understanding of wiring and termination skills as well as proper installation techniques of all AV equipment Excellent written and oral communication skills and strong customer service skills Understanding of reading/understanding architecture, electrical, structural & AV systems drawings Ability to work day, evening or weekend shifts and travel to support a distant event if required Must have valid driver’s license and safe driving record Preferred Qualifications:  Various certifications  Physical Demand & Work Environment: Must be able to sit, stand, stoop and bend for extended periods of time Must have dexterity of hands and fingers to operate a computer keyboard, mouse, power tools and to handle other office equipment Must have ability to climb ladder, scaffolding or transported by lifts Must have the ability to drive/operate a vehicle in a safe manner Must be able to regularly lift and transport up to 15 pounds, as well as frequently lift and or transport moderately heavy equipment up to 50 pounds Must have the ability to perform office-related tasks which may include prolonged sitting or standing Must have the ability to move from place to place within an office environment Must be able to use a computer Must have the ability to communicate effectively",09/04/2026,Not Specified,"Tokyo, Japan",Astreya,https://astreya.wd5.myworkdayjobs.com/en-US/life-at-astreya-opportunities/job/Tokyo-Japan/AV-Technician-II_R0015234,Full time
Lead NOC Engineer,"About this role: The Network Operations team is looking for a seasoned Network Operations engineer to help actualize the SRE vision for our client's network infrastructure. This role demands a unique blend of hands-on expertise in network operations, engineering, and observability. A proficient network operations engineer is dedicated to enhancing network operations, diligently working to minimize manual labor and achieve Service Level Objectives (SLOs). Our approach includes minimizing reactive operational tasks, conducting blameless postmortems, and proactively identifying and mitigating network risks to foster continuous improvement. This is crucial for ensuring client satisfaction and maintaining an engaging, varied work environment. We encourage autonomy in tackling significant projects and are committed to fostering a supportive atmosphere that offers the mentorship necessary for professional development and growth. As a Network Operations Engineer, your role will focus on: ● Owning the operational aspect of the wired and wireless networks, ensuring their high availability and reliability. ● Collaborating with architecture, tooling, and deployment teams to guarantee that new implementations are supportable and align with production standards. ● Partnering with stakeholders to ensure their network needs are being met with a reliable network ● Advocating for and implementing automation to reduce toil and enhance operational efficiency. ● Monitoring network performance, identifying areas for improvement, and coordinating with relevant teams to execute enhancements. ● Educating the network support team to empower them to help support the global Nvidia wireless footprint. ● Serving as an escalation for network issues more complicated or highly involved network issues ● Collaborating with SMEs to resolve production issues swiftly and effectively, maintaining customer satisfaction. ● Identifying opportunities for operational improvements and partnering with teams to develop solutions that drive excellence and sustainability in network operations. ● Run network incidents and drive high quality RCS ensuring we are constantly improving and striving to deliver a highly reliable network. What we need to see: ● Educational Background: BS degree in Computer Science, Electrical Engineering, or a related technical field, or equivalent practical experience. ● Professional Experience: Minimum of 6 years of industry experience in wireless site reliability engineering, wireless network operations, or related areas. Solid grasp of underlying network and security components leveraged in a wireless network. ● Network Engineering Depth: Knowledgeable and ready to work on networks implementing EVPN, VRFs, and similar technologies. ● Network Fundamentals: Expertise in general network technologies such as TCP/UDP, IPv4/IPv6, BGP, VPN, VLANs, L2 switching. Proven track record in network operations. ● Monitoring Tools: Familiarity with network management tools such as Prometheus, Grafana, Alert Manager, Nautobot/Netbox ● Service Tooling: Skills with ServiceNow and Jira ● Problem-Solving and Communication: Systematic problem-solving approach, coupled with excellent communication skills and a sense of ownership and drive. Ways to stand out: ● Support Automation: Track record of taking operational signals through means such as SNMP, Syslog, synthetics to solve operational challenges. Background in building and/or leveraging synthetics such as Kentik, ThousandEyes, UXI, Signal7, Wyebot, or others to measure network availability and user experience. ● Programming and Scripting Skills: Experience in one or more of the following: Python, Go. Ability to debug and optimize code; automate routine tasks. ● System Administration: Knowledge of Linux system fundamentals is a plus. ● Wireless Experience: Knowledge in wireless technologies such as 802.11ac, 802.11ax, surrounding technologies such as WPA, Radius, EAP, 802.1X, or other controller-based WLAN technologies ● Platform Exposure: Experience with Mellanox/Cumulus Linux, Palo Alto firewalls ● Platform Exposure: Mist Wireless, Cisco Wireless ● Security Awareness: Experience with security components such as ISE ● Network Automation: Expertise in automating networks using frameworks such as Salt, Ansible, or similar. ● Previous Network Operations experience.",08/04/2026,Not Specified,"Hyderabad, India",Astreya,https://astreya.wd5.myworkdayjobs.com/en-US/life-at-astreya-opportunities/job/Hyderabad-India/Lead-NOC-Engineer_R0014899,Full time
AV Technician I,"What this Job Entails: The AV Technician I will join our expanding team onsite with one of our global clients. The hire will be given the opportunity to work with some of the most innovative technologies in the world. The AV Technician I will provide support for corporate AV/VC environments, and will confidently and quickly analyze problems using technical diagnostic skill sets, in order to effectively support and resolve issues. Technical responsibilities include high profile event support, audio, video, conferencing technology, projects, maintenance, support. Traveling to various client offices on occasion is required.  Scope:  Follows established procedures on routine work Requires detailed instructions  Your Roles and Responsibilities: Assist with installation of all AV equipment and displays to include: audio and video conferencing equipment, distributed audio, digital signage, control systems and all presentation systems. Help perform installation of structured cabling to include pulling, terminating and testing cat5e/6, video, RGB, HDMI, DVI and audio cables. Ensure that SLAs and daily deliverables are met including ticket updates Upload Crestron control programs to control processors and work with remote program team on control system certification. Assist with inventory, including weekly/monthly stock levels, returning product (RMA) and inventory DOA issues. Follow all policies, standards or safety guidelines that client requires Assist with problem solving and troubleshooting of any issue that may arise during an installation. Perform equipment setups, breakdowns and troubleshoot issues during events. Perform all necessary pre-event checks as required. Help liaise with cross-functional teams and internal users before and during events. Interface with end users and vendors to address requests and requirements. Assist in identifying and solving issues that impact client conference rooms. Other duties as required. This list is not meant to be a comprehensive inventory of all responsibilities assigned to this position Required Qualifications/Skills: High school diploma or general education degree (GED) and 0 to 2 years’ related experience and/or training; or equivalent combination of education and experience Ability to think and work independently Strong understanding of wiring and termination skills as well as proper installation techniques of all AV equipment Excellent written and oral communication skills and strong customer service skills Understanding of reading/understanding architecture, electrical, structural & AV systems drawings Ability to work day, evening or weekend shifts and travel to support a distant event if required Must have valid driver’s license and safe driving record Preferred Qualifications:  Physical Demand & Work Environment: Must be able to sit, stand, stoop and bend for extended periods of time Must have dexterity of hands and fingers to operate a computer keyboard, mouse, power tools and to handle other office equipment Must have ability to climb ladder, scaffolding or transported by lifts Must have the ability to drive/operate a vehicle in a safe manner Must be able to regularly lift and transport up to 15 pounds, as well as frequently lift and or transport moderately heavy equipment up to 50 pounds Must have the ability to perform office-related tasks which may include prolonged sitting or standing Must have the ability to move from place to place within an office environment Must be able to use a computer Must have the ability to communicate effectively  Salary Range $17.36 - $27.40 USD (Hourly) Please note that the salary information provided herein is base pay only (gross); it does not include other forms of compensation which may or may not apply to this specific position, namely, performance-based bonuses, benefits-related payments, or other general incentives - none of which are guaranteed, may be subject to specific eligibility requirements, and are wholly within the discretion of Astreya to remit. Further, the salary information noted above is a range that consists of a minimum and maximum rate of pay for this specific position. Where an applicant or employee is placed on this range will depend and be contingent on objective, documented work-related considerations like education, experience, certifications, licenses, preferred qualifications, among other factors. Astreya  offers comprehensive  b enefits to all Regular, Full-Time Employees,   including: Medical provided through UHC (PPO, HSA, Surest options) / Medical provided through Kaiser (HMO option only) for California employees only Dental provided through UHC Nationwide Vision provided by UHC Flexible Spending Account for Health & Dependent Care Pre-Tax Account for Commuter Benefit/Parking & Transit (location-specific) Continuing Education and Professional Development via various integrated platforms, e.g. Udemy and Coursera Corporate Wellness Program provided by Goomi Group Employee Assistance Program Wellness Days 401k Plan Basic and Supplemental Life Insurance Short Term & Long Term Disability Critical Illness, Critical Hospital, and Voluntary Accident Insurance Tuition Reimbursement (available 6 months after start date, capped) Paid Time Off (accrued and prorated, maximum of 120 hours annually) Paid Holidays Any other statutory leaves, paid time, or other ancillary benefits required under state and federal law",08/04/2026,Not Specified,"San Francisco, CA",Astreya,https://astreya.wd5.myworkdayjobs.com/en-US/life-at-astreya-opportunities/job/San-Francisco-CA/AV-Technician-I_R0015220,Full time
AV Technician I,"What this Job Entails: The AV Technician I will join our expanding team onsite with one of our global clients. The hire will be given the opportunity to work with some of the most innovative technologies in the world. The AV Technician I will provide support for corporate AV/VC environments, and will confidently and quickly analyze problems using technical diagnostic skill sets, in order to effectively support and resolve issues. Technical responsibilities include high profile event support, audio, video, conferencing technology, projects, maintenance, support. Traveling to various client offices on occasion is required.  Scope:  Follows established procedures on routine work Requires detailed instructions  Your Roles and Responsibilities: Assist with installation of all AV equipment and displays to include: audio and video conferencing equipment, distributed audio, digital signage, control systems and all presentation systems. Help perform installation of structured cabling to include pulling, terminating and testing cat5e/6, video, RGB, HDMI, DVI and audio cables. Ensure that SLAs and daily deliverables are met including ticket updates Upload Crestron control programs to control processors and work with remote program team on control system certification. Assist with inventory, including weekly/monthly stock levels, returning product (RMA) and inventory DOA issues. Follow all policies, standards or safety guidelines that client requires Assist with problem solving and troubleshooting of any issue that may arise during an installation. Perform equipment setups, breakdowns and troubleshoot issues during events. Perform all necessary pre-event checks as required. Help liaise with cross-functional teams and internal users before and during events. Interface with end users and vendors to address requests and requirements. Assist in identifying and solving issues that impact client conference rooms. Other duties as required. This list is not meant to be a comprehensive inventory of all responsibilities assigned to this position Required Qualifications/Skills: High school diploma or general education degree (GED) and 0 to 2 years’ related experience and/or training; or equivalent combination of education and experience Ability to think and work independently Strong understanding of wiring and termination skills as well as proper installation techniques of all AV equipment Excellent written and oral communication skills and strong customer service skills Understanding of reading/understanding architecture, electrical, structural & AV systems drawings Ability to work day, evening or weekend shifts and travel to support a distant event if required Must have valid driver’s license and safe driving record Preferred Qualifications:  Physical Demand & Work Environment: Must be able to sit, stand, stoop and bend for extended periods of time Must have dexterity of hands and fingers to operate a computer keyboard, mouse, power tools and to handle other office equipment Must have ability to climb ladder, scaffolding or transported by lifts Must have the ability to drive/operate a vehicle in a safe manner Must be able to regularly lift and transport up to 15 pounds, as well as frequently lift and or transport moderately heavy equipment up to 50 pounds Must have the ability to perform office-related tasks which may include prolonged sitting or standing Must have the ability to move from place to place within an office environment Must be able to use a computer Must have the ability to communicate effectively  Salary Range $17.36 - $27.40 USD (Hourly) Please note that the salary information provided herein is base pay only (gross); it does not include other forms of compensation which may or may not apply to this specific position, namely, performance-based bonuses, benefits-related payments, or other general incentives - none of which are guaranteed, may be subject to specific eligibility requirements, and are wholly within the discretion of Astreya to remit. Further, the salary information noted above is a range that consists of a minimum and maximum rate of pay for this specific position. Where an applicant or employee is placed on this range will depend and be contingent on objective, documented work-related considerations like education, experience, certifications, licenses, preferred qualifications, among other factors. Astreya  offers comprehensive  b enefits to all Regular, Full-Time Employees,   including: Medical provided through UHC (PPO, HSA, Surest options) / Medical provided through Kaiser (HMO option only) for California employees only Dental provided through UHC Nationwide Vision provided by UHC Flexible Spending Account for Health & Dependent Care Pre-Tax Account for Commuter Benefit/Parking & Transit (location-specific) Continuing Education and Professional Development via various integrated platforms, e.g. Udemy and Coursera Corporate Wellness Program provided by Goomi Group Employee Assistance Program Wellness Days 401k Plan Basic and Supplemental Life Insurance Short Term & Long Term Disability Critical Illness, Critical Hospital, and Voluntary Accident Insurance Tuition Reimbursement (available 6 months after start date, capped) Paid Time Off (accrued and prorated, maximum of 120 hours annually) Paid Holidays Any other statutory leaves, paid time, or other ancillary benefits required under state and federal law",08/04/2026,Not Specified,"San Francisco, CA",Astreya,https://astreya.wd5.myworkdayjobs.com/en-US/life-at-astreya-opportunities/job/San-Francisco-CA/AV-Technician-I_R0015219,Full time
Network Engineer III,"What this Job Entails: The Network Engineer III is a focal point for all internal and external orders required to maintain the network. This position requires the ability to work independently with a high level of accuracy and attention to details.  Scope:  Resolves a wide range of issues in creative ways Seasoned, experienced professional with a full understanding of their speciality Works on problems of a diverse scope  Receives little instruction on day to day work, general instruction on new assignments Your Roles and Responsibilities: Install, configure and maintain various network hosts and services like routers, switches, firewalls, VPN endpoints Perform network maintenances/upgrades (often during normal working hours, but sometimes during the evening or weekend) Troubleshooting network issues and outages Troubleshooting routing protocols like BGP & OSPF Participate in global production and corporate network including edge, backbone, datacenter, POP, and content delivery network (CDN) infrastructure Independently manage multiple vendor switch on various servers in dealing with hardware/software issues Handle traffic, and any queries raised by ISP/Partners Manage all incidents such as input errors, CRC, RMA etc. Work directly with ISP/Vendors on fixing any issues related to network Other duties as required. This list is not meant to be a comprehensive inventory of all responsibilities assigned to this position Required Qualifications/Skills: Bachelor’s degree (B.S/B.A) from four-college or university and 5 to 8 years’ related experience and/or training; or equivalent combination of education and experience  Have a full understanding of routing, switching, server operating systems, active directory, firewalls, wireless controllers, DNS, email, virtual machines and software applications Networks with senior internal and external personnel in own area of expertise Demonstrates good judgment in selecting methods and techniques for obtaining solutions Familiarity with content delivery networks and internet peering strategies Understanding of server hardware technologies relative to content delivery performance and capacity Preferred Qualifications:  N/A Physical Demand & Work Environment: Must have the ability to perform office-related tasks which may include prolonged sitting or standing Must have the ability to move from place to place within an office environment Must be able to use a computer Must have the ability to communicate effectively  Some positions may require occasional repetitive motion or movements of the wrists, hands, and/or fingers",08/04/2026,Not Specified,"Bangalore, India",Astreya,https://astreya.wd5.myworkdayjobs.com/en-US/life-at-astreya-opportunities/job/Bangalore-India/Network-Engineer-III_R0015217,Full time
IT Infrastructure Operations Engineer - Lead,"About the Job This role focuses on building and operating highly reliable infrastructure and automation supporting physical security systems. Infra Automation Engineer applies principles such as SLIs, SLOs, error budgets, and toil reduction to improve system resilience and operational efficiency. The role works closely with Google leadership to deliver secure, scalable, and automated infrastructure. Key Responsibilities ● Lead, mentor, and manage a team of Automation Engineers, fostering a culture of ownership, collaboration, and continuous improvement ● Partner with client IT leadership to define, implement, and track Service Level Indicators (SLIs) and Service Level Objectives (SLOs) for critical infrastructure services ● Manage error budgets to maintain optimal balance between feature development velocity and system stability ● Act as the primary escalation point for severe incidents (Sev 1/2) and ensure effective incident management, communication, and resolution ● Facilitate blameless post-mortem analysis for all major incidents and drive systemic improvements in tooling and infrastructure resilience ● Manage the team´s project backlog, prioritize work, and ensure balance between reliability engineering and toil reduction initiatives ● Drive automation strategies to reduce manual operational tasks with measurable targets (e.g., 50% reduction in manual server build time) ● Oversee Infrastructure-as-Code implementations using Ansible, Terraform, Puppet, or Chef for configuration management and drift remediation ● Ensure robust observability through standardized monitoring, alerting, and centralized logging across all managed infrastructure ● Manage 24x5 on-call rotations and ensure adequate team coverage for incident response and support ● Collaborate with cross-functional stakeholders to gather requirements, define project scope, and integrate SRE practices into existing workflows ● Drive Mean Time To Repair (MTTR) reduction through automation, improved runbooks, and proactive reliability engineering Required Skills & Experience ● Experience: 8+ years in Site Reliability Engineering, or Infrastructure Engineering with minimum 3 years in a technical leadership role managing engineering teams ● Technical Proficiency: Strong hands-on experience with Linux/Windows server administration, Infrastructure-as-Code tools (Terraform, Ansible, Chef, Puppet), and scripting languages (Python, Bash, PowerShell) ● SRE Practices: Deep understanding of principles including SLIs, SLOs, error budgets, toil elimination, and experience implementing observability stacks (Prometheus, Grafana, ELK, or Datadog) ● Incident Management: Proven track record in leading incident response, conducting blameless post-mortems, and driving systemic reliability improvements across complex infrastructure environments ● Networking &amp; Security: Solid understanding of networking fundamentals, Cisco device administration, and experience with network automation protocols (NETCONF/RESTCONF) and security compliance frameworks ● Leadership &amp; Communication: Excellent communication and stakeholder management skills with demonstrated ability to mentor teams, manage backlogs, and balance competing priorities in Salary Range $114,000.00 - $180,000.00 USD (Salary) Please note that the salary information provided herein is base pay only (gross); it does not include other forms of compensation which may or may not apply to this specific position, namely, performance-based bonuses, benefits-related payments, or other general incentives - none of which are guaranteed, may be subject to specific eligibility requirements, and are wholly within the discretion of Astreya to remit. Further, the salary information noted above is a range that consists of a minimum and maximum rate of pay for this specific position. Where an applicant or employee is placed on this range will depend and be contingent on objective, documented work-related considerations like education, experience, certifications, licenses, preferred qualifications, among other factors. Astreya  offers comprehensive  b enefits to all Regular, Full-Time Employees,   including: Medical provided through UHC (PPO, HSA, Surest options) / Medical provided through Kaiser (HMO option only) for California employees only Dental provided through UHC Nationwide Vision provided by UHC Flexible Spending Account for Health & Dependent Care Pre-Tax Account for Commuter Benefit/Parking & Transit (location-specific) Continuing Education and Professional Development via various integrated platforms, e.g. Udemy and Coursera Corporate Wellness Program provided by Goomi Group Employee Assistance Program Wellness Days 401k Plan Basic and Supplemental Life Insurance Short Term & Long Term Disability Critical Illness, Critical Hospital, and Voluntary Accident Insurance Tuition Reimbursement (available 6 months after start date, capped) Paid Time Off (accrued and prorated, maximum of 120 hours annually) Paid Holidays Any other statutory leaves, paid time, or other ancillary benefits required under state and federal law",07/04/2026,Not Specified,"Atlanta, GA",Astreya,https://astreya.wd5.myworkdayjobs.com/en-US/life-at-astreya-opportunities/job/Atlanta-GA/IT-Infrastructure-Operations-Engineer---Lead_R0014558,Full time
Field Services Technician I,"Key Deliverables by Level   Deliverable Level 1 - Associate Field Services Technician I Respond to IT service tickets using documented procedures and supervision  Assist with workstation setups and peripheral connections Perform basic AV checks and room readiness tasks  Support imaging and deployments under direction Maintain accurate ticket documentation in ITSM tools (e.g., ServiceNow)  Follow proper inventory handling, tagging, and tracking Escalate unresolved issues appropriately Adhere to safety protocols and client-specific guidelines Field Services Technician II(Lead Single Man Sites) Independently manage onsite IT support at single-person or lead-assigned locations Serve as the primary contact for end-user technical needs Own AV/conference room setup, maintenance, and issue resolution Execute full lifecycle support: imaging, deployment, recovery, e-waste Oversee inventory reconciliation and tool usage Prioritize and resolve tickets aligned to SLA targets Identify recurring issues and suggest process improvements Provide informal mentorship and support to visiting or junior technicians Uphold Astreya’s quality and service standards through professional communication and client interaction   Essential Duties and Responsibilities (All Levels):  End-User Support Provide onsite and remote technical support for end users, including desktops, laptops, peripherals, and mobile devices.   Troubleshoot and resolve common hardware and software issues.   Deliver a high-quality, customer-focused service experience in a timely manner.   Ticket Management Receive, document, and close support requests in ITSM tools (e.g., ServiceNow).   Prioritize tickets based on urgency and impact.   Escalate complex or unresolved issues following defined protocols.   Hardware Deployment & Recovery Assist with or independently perform workstation deployments, device imaging, and equipment setup.   Support device recovery, re-imaging, and e-waste processes according to lifecycle guidelines.   Ensure accurate labeling, tagging, and asset tracking for all deployed equipment.   Inventory & Asset Management Maintain and reconcile inventory of IT equipment and accessories at assigned site.   Use asset tracking systems to manage device records, check-ins/outs, and stock levels.   Participate in regular audits and support logistics for shipping/receiving hardware.   AV & Conference Room Support Perform regular checks and basic troubleshooting of AV equipment (displays, microphones, cameras).   Set up and tear down conference room tech for meetings or events.   Support room readiness, monitor usage, and report or resolve AV issues.   Documentation & Process Compliance Follow documented processes and standard operating procedures (SOPs) for all support tasks.   Maintain clear and concise documentation for resolutions, escalations, and asset updates.   Adhere to Astreya and client-specific protocols, including change and incident management.    Customer Service & Communication Serve as a visible, approachable point of contact for IT-related issues at the site.   Communicate effectively with users to understand issues and set clear service expectations.   Represent Astreya’s service commitment with professionalism and courtesy.   Level II Additional Responsibilities: Team Collaboration  At Level II, act as the lead or sole technician on-site and coordinate with remote teams or vendors.   Provide informal mentorship to junior techs or new team members visiting the site.   Share site-specific insights or recurring issue trends to help improve service delivery.   Education and/or Work Experience Requirements:    Level I Required : High School Diploma or GED   Preferred : Enrollment in IT-related coursework or vocational training   Certifications  (plus): CompTIA A+ Google IT Support Certificate or similar entry-level credential   Level II Required:  High School Diploma or GED   Preferred: Associate’s degree in Information Technology, Computer Science, or a related field Prior experience working independently or at a single-technician site   Certifications CompTIA A+ and/or Network+   ITIL Foundation   AVIXA CTS (for AV specialization track)   JAMF, Apple Certified Support Professional (ACSP), or MDM tools (for DSS specialization)   Knowledge, Skills & Abilities (KSAs):   Technical: Knowledge of Windows 10/11, macOS, and basic Linux environments   Ability to troubleshoot, repair, and deploy desktops, laptops, and peripherals   Familiarity with mobile device platforms (iOS, Android) and basic MDM concepts   Understanding of AV/VC systems (Zoom, Meet, Webex) and conference room technology   Basic knowledge of networking concepts (IP, DNS, DHCP, connectivity troubleshooting)   Proficiency with ITSM/ticketing platforms (e.g., ServiceNow, Jira)   Ability to image and deploy devices using tools like SCCM, JAMF, or MDT   Experience with inventory and asset tracking tools for lifecycle management   Awareness of IT security best practices and safe handling of equipment   Ability to follow standard operating procedures (SOPs) and technical documentation   Soft Skills: Strong verbal and written communication skills for working with end users   Excellent customer service orientation and active listening   Effective time management and ability to prioritize multiple tasks   Strong problem-solving and analytical thinking in fast-paced environments   Ability to collaborate with teammates and cross-functional teams   High level of professionalism, reliability, and accountability   Adaptability to changing technologies, priorities, and client environments   Self-motivated with the ability to take initiative and follow through   Ability to work independently, especially at single-technician sites (L2)   Willingness to mentor peers or junior team members (at Level II)   Each level, 1 - 2, represents a progression in complexity, autonomy, and responsibility. The higher the level, the more critical thinking, leadership, and expertise are required.   Competency  Level I Level 2 Hardware Support & Troubleshooting Follow basic procedures   Independently diagnoses and resolves issues.   OS & Platform Knowledge Supports Windows/macOS basics Supports and configures multiple OS platforms Mobile & Endpoint Management Basic support for mobile devices MDM exposure, configures and supports endpoints AV/VC Systems Performs room checks, reports issues Troubleshoots AV problems and supports meetings Networking Fundamentals Understands connectivity basics Diagnoses common network-related issues Imaging & Deployment Assists with imaging Performs full device imaging and deployments Inventory & Asset Management Tags and tracks equipment   Manages and reconciles inventory independently ITSM & Ticket Management Updates and closes tickets Owns queue, manages SLAs, escalates as needed   Physical Requirements:    Lifting & Carrying :   Must be able to regularly lift and carry up to  50 lbs (22 kg)   Includes monitors, CPUs, AV equipment, and other IT hardware   Mobility & Posture :   Frequent  standing, walking, bending, kneeling, crouching , and  reaching   May require working in tight or awkward spaces (e.g., under desks, behind racks)   Manual Dexterity :   Ability to  use hands and fingers  to handle, install, or adjust small components and cables   Use of standard IT tools (e.g., screwdrivers, cable testers, label printers)   Vision & Focus :   Close vision required for reading device labels, part numbers, and screen details   Must be able to focus on a computer screen for extended periods   Work Environment :   Work performed primarily in  office, data center, and/or AV-equipped conference rooms   Exposure to  electric components, server noise, and climate-controlled spaces   Onsite Requirements :   This is a  100% onsite role ; presence during working hours is mandatory   Occasional local travel may be required (for multi-building campuses or nearby sites)",07/04/2026,Not Specified,"São Paulo, Brazil",Astreya,https://astreya.wd5.myworkdayjobs.com/en-US/life-at-astreya-opportunities/job/So-Paulo-Brazil/Field-Services-Technician-I_R0014955,Full time
Network Operations Engineer II,"What this Job Entails: The Network Operations Engineer II is a network support engineer for managing and troubleshooting Network Production environments. This position requires the ability to work independently with a high level of accuracy and attention to detail. Scope:  Applies company policies and procedures to resolve a variety of issues Works on problems of moderate scope Receives general instructions on routine work and detailed instructions on new projects Your Roles and Responsibilities: Participate in production network and internet peering strategies Experience with networking technologies relative to content delivery network, monitoring capacity and peering traffic. Day-to-day activities involve working on multiple vendor servers and various software and hardware issues Handle traffic and any other queries raised by ISP/partners Support team in handling network and traffic peering for any incidents such as input errors, CRC, Capacity, Routing, Protocol, etc.  Knowledgable in troubleshooting of optical (DWDM, CWDM) and IP network components. Working with multiple TAC vendors to fix the hardware issues Work with ISP/vendors on fixing any issues related to network  Participate in 24/7 support with other teams across the globe. Some weekend work may be required.  Other duties as required. This list is not meant to be a comprehensive inventory of all responsibilities assigned to this position. Required Qualifications/Skills: Bachelor’s degree (B.S/B.A) from four-college or university and 2+ years’ related experience and/or training; or equivalent combination of education and experience  Builds productive internal and external working relationships Exercises judgment within defined procedures and practices to determine appropriate action Understanding of network and traffic peering Understanding of fiber-optic technology including cable types, connector types, optic types, patch panels, and optical transport technologies will be advantages. Understanding of preparing root cause analysis for any network and server outages.   Strong communication skills, including the ability to work with service providers, colocation facilities, and ISPs around the world Good understanding of:  IP networking concepts (IPv4/IPv6, BGP, OSPF, MPLS)  Optical technologies (e.g., DWDM, CWDM, fiber types, optical modules) Knowledgeable on Layer 1 troubleshooting. Preferred Qualifications:  Experience working in a multi-vendor network environment.  Network certifications. CCNP/JNCIP preferred",06/04/2026,Not Specified,"Kuala Lumpur, Malaysia",Astreya,https://astreya.wd5.myworkdayjobs.com/en-US/life-at-astreya-opportunities/job/Kuala-Lumpur-Malaysia/Network-Operations-Engineer-II_R0015143,Full time
Network Operations Engineer II,"What this Job Entails: The Network Operations Engineer II is a network support engineer for managing and troubleshooting Network Production environments. This position requires the ability to work independently with a high level of accuracy and attention to detail. Scope:  Applies company policies and procedures to resolve a variety of issues Works on problems of moderate scope Receives general instructions on routine work and detailed instructions on new projects Your Roles and Responsibilities: Participate in production network and internet peering strategies Experience with networking technologies relative to content delivery network, monitoring capacity and peering traffic. Day-to-day activities involve working on multiple vendor servers and various software and hardware issues Handle traffic and any other queries raised by ISP/partners Support team in handling network and traffic peering for any incidents such as input errors, CRC, Capacity, Routing, Protocol, etc.  Knowledgable in troubleshooting of optical (DWDM, CWDM) and IP network components. Working with multiple TAC vendors to fix the hardware issues Work with ISP/vendors on fixing any issues related to network  Participate in 24/7 support with other teams across the globe. Some weekend work may be required.  Other duties as required. This list is not meant to be a comprehensive inventory of all responsibilities assigned to this position. Required Qualifications/Skills: Bachelor’s degree (B.S/B.A) from four-college or university and 2+ years’ related experience and/or training; or equivalent combination of education and experience  Builds productive internal and external working relationships Exercises judgment within defined procedures and practices to determine appropriate action Understanding of network and traffic peering Understanding of fiber-optic technology including cable types, connector types, optic types, patch panels, and optical transport technologies will be advantages. Understanding of preparing root cause analysis for any network and server outages.   Strong communication skills, including the ability to work with service providers, colocation facilities, and ISPs around the world Good understanding of:  IP networking concepts (IPv4/IPv6, BGP, OSPF, MPLS)  Optical technologies (e.g., DWDM, CWDM, fiber types, optical modules) Knowledgeable on Layer 1 troubleshooting. Preferred Qualifications:  Experience working in a multi-vendor network environment.  Network certifications. CCNP/JNCIP preferred",06/04/2026,Not Specified,"Kuala Lumpur, Malaysia",Astreya,https://astreya.wd5.myworkdayjobs.com/en-US/life-at-astreya-opportunities/job/Kuala-Lumpur-Malaysia/Network-Operations-Engineer-II_R0015144,Full time
Incident Response Analyst II,"Job Description Incident Response Center (Analyst)  Job Title  – IRC Analyst Summary The IRC (Incident Response Center) is the first layer of defense responsible for quick detection and incident response using various monitoring and automation tools, conducting thorough investigation of alerts, classification, and triage. The IRC Analyst is responsible for delivering operations within the IRC across all client data center sites globally. IRC analysts are expected to respond to all alarms/alerts set in the data center environment, including Infrastructure Management (DCIM), Server Automation Operations System (SAOS), CCTV, Access Control Systems (ACS), and Building Management Systems (BMS), providing deep understanding and intelligence of the criticality and impact of incidents to resolver groups. Responsibilities  Incident & Problem Management Analysts are responsible for the full lifecycle of incident management, from detection through to resolution and root cause analysis (RCA). This includes acting as incident commanders, maintaining SLAs, documenting actions, and providing insights to support continuous improvement efforts across teams and systems. Investigate, report, and respond to alerts, incident response (war room, remote bridges). Respond to incidents and critical situations in a calm, problem-solving manner, and conduct in-depth investigation of alerts. Be the first line of defense using monitoring and automation tools to conduct investigation, classification, and triage, all within prescribed SLAs. Provide deep understanding and intelligence of incident criticality and impact to resolver groups. Ensure detailed records of alarm handling activities, including actions taken and resolutions in ticketing tools; file incident reports. Act as incident commander during major incidents. Understand internal/external communication methods and stakeholder responsibilities. Support program managers and facilitate project deliverables, improving operational and engineering initiatives. Conduct root cause analysis (RCA) to determine recurring problems. Use in-depth questioning and analysis to determine the underlying cause of incidents or problems (Who, What, Where, When, Why). Perform duties in compliance with SOPs, MOPs, Runbooks, and Playbooks.   Server, DCIM, Network and Traffic Alarms Operations This function involves real-time monitoring of infrastructure alarms, determining the severity of alerts, escalating appropriately, and maintaining clear communications with resolver teams. It ensures uptime and system integrity across servers, network infrastructure, and environmental systems. Continuously monitor alarm dashboards and systems. Investigate and respond to alarms related to Network, Data Center Environment, Server Health, Facility Security, and Safety. Identify and acknowledge incidents associated with alarms. Assess incidents to determine their criticality and operational impact. Engage resolver groups and escalate to higher tiers or management following established paths. Maintain communication with teams, stakeholders, and incident responders. Follow documented procedures to resolve incidents promptly and effectively. Ensure accurate records of alarm handling and resolution activities in ticketing tools. Comply with SOPs, MOPs, Runbooks, and Playbooks.   Threat Intelligence, Critical Event Management Analysts monitor global threat feeds and operational alerts to protect ByteDance personnel and assets. Responsibilities include triaging alerts related to weather, security, travel, and regional instability, then coordinating appropriate response actions, escalating to law enforcement if necessary, and compiling response reports. Monitor Everbridge Visual Command Center (VCC), InternationalSOS emails, and open-source tools for real-time incidents affecting ByteDance assets and travelers. Monitor tools or queries for specific stakeholder requests. Report on violence, severe weather, or threats to life, property, and assets. Coordinate emergency responses, including with law enforcement if required. Verify incident information accuracy through secondary sources. Generate heatmaps to highlight affected areas during significant events. Collaborate with security and operational teams for a coordinated response. Implement incident containment and mitigation strategies. Document incident details, response actions, and lessons learned. Follow SOPs, MOPs, Runbooks, and Playbooks.   Physical Security and Safety The analyst monitors access control systems, CCTV, and safety-related alarms (e.g., fire, electrical, leaks). Responsibilities include reviewing footage, responding to security anomalies, and reporting incidents to security engineering teams while ensuring compliance with safety procedures Monitor Closed-Circuit Television (CCTV) and Access Control Systems (ACS). Track alarms for safety events including electrical issues, fire hazards, equipment failures, and water leaks. Review camera footage for quality and area coverage. Investigate and report access control incidents. Report findings to the Security and Safety Engineering teams. Follow SOPs, MOPs, Runbooks, and Playbooks. Familiarity with Lenel and Genetec systems.   Cloud Incident Response and Monitoring As hybrid environments become more critical to business operations, IRC Analysts will be expected to monitor and support both on-premises infrastructure and cloud-based systems. Analysts will assist in identifying and responding to cloud-related incidents across platforms such as AWS, GCP, and Azure. Responsibilities include: Real-time monitoring of cloud infrastructure using tools such as AWS CloudWatch, Azure Monitor, and GCP Stackdriver. Incident triage and escalation of alerts related to cloud-based services and resources (e.g., compute, storage, networking). Coordination with Cloud Engineers and DevOps teams during cross-environment incidents to ensure rapid resolution and clear communications. Identification and classification of cloud service anomalies, including misconfigurations, degraded services, and unauthorized access attempts. Understanding of cloud-native architectures such as virtual private clouds (VPC), IAM, container orchestration (e.g., Kubernetes), and serverless functions. Documentation of root cause analysis (RCA) and corrective actions for cloud incidents, feeding back into playbooks and runbooks. Basic scripting and automation skills (Python, Bash, or PowerShell) for incident analysis and tooling. Awareness of cloud security protocols, including encryption, IAM policies, and compliance standards like ISO 27001 and SOC 2.   Qualifications Required Qualifications / Soft Skills  2+ years of experience in a NOC, command center, or similar 24/7 operations environment Ability to quickly triage and prioritize multiple incidents based on risk Knowledge of systems including IP Networks, DC Environment, and Server Health Strong written and verbal communication skills Works well under pressure and within deadlines Excellent communication and collaboration abilities Strong analytical and problem-solving skills Ability to work independently and as part of a team Familiarity with data protection laws such as GDPR This is an on-site role at client facilities Must be willing to work variable shifts, including nights, weekends, and holidays   Preferred Qualifications Degree in Information Technology Networking knowledge (IP, DNS, load balancing) Experience with Grafana, ticketing systems, and DC infrastructure. Certifications such as CompTIA Server+ or Schneider Electric DCCA Experience with Lenel, Genetec, or Avigilon systems is a plus Proficiency with programming/scripting tools Salary Range $72,960.00 - $115,200.00 USD (Salary) Please note that the salary information provided herein is base pay only (gross); it does not include other forms of compensation which may or may not apply to this specific position, namely, performance-based bonuses, benefits-related payments, or other general incentives - none of which are guaranteed, may be subject to specific eligibility requirements, and are wholly within the discretion of Astreya to remit. Further, the salary information noted above is a range that consists of a minimum and maximum rate of pay for this specific position. Where an applicant or employee is placed on this range will depend and be contingent on objective, documented work-related considerations like education, experience, certifications, licenses, preferred qualifications, among other factors. Astreya  offers comprehensive  b enefits to all Regular, Full-Time Employees,   including: Medical provided through UHC (PPO, HSA, Surest options) / Medical provided through Kaiser (HMO option only) for California employees only Dental provided through UHC Nationwide Vision provided by UHC Flexible Spending Account for Health & Dependent Care Pre-Tax Account for Commuter Benefit/Parking & Transit (location-specific) Continuing Education and Professional Development via various integrated platforms, e.g. Udemy and Coursera Corporate Wellness Program provided by Goomi Group Employee Assistance Program Wellness Days 401k Plan Basic and Supplemental Life Insurance Short Term & Long Term Disability Critical Illness, Critical Hospital, and Voluntary Accident Insurance Tuition Reimbursement (available 6 months after start date, capped) Paid Time Off (accrued and prorated, maximum of 120 hours annually) Paid Holidays Any other statutory leaves, paid time, or other ancillary benefits required under state and federal law",06/04/2026,Not Specified,"San Jose, CA",Astreya,https://astreya.wd5.myworkdayjobs.com/en-US/life-at-astreya-opportunities/job/San-Jose-CA/Incident-Response-Analyst-II_R0015195,Full time
Incident Response Analyst - Lead,"Salary Range $98,040.00 - $154,800.00 USD (Salary) Please note that the salary information provided herein is base pay only (gross); it does not include other forms of compensation which may or may not apply to this specific position, namely, performance-based bonuses, benefits-related payments, or other general incentives - none of which are guaranteed, may be subject to specific eligibility requirements, and are wholly within the discretion of Astreya to remit. Further, the salary information noted above is a range that consists of a minimum and maximum rate of pay for this specific position. Where an applicant or employee is placed on this range will depend and be contingent on objective, documented work-related considerations like education, experience, certifications, licenses, preferred qualifications, among other factors. Astreya  offers comprehensive  b enefits to all Regular, Full-Time Employees,   including: Medical provided through UHC (PPO, HSA, Surest options) / Medical provided through Kaiser (HMO option only) for California employees only Dental provided through UHC Nationwide Vision provided by UHC Flexible Spending Account for Health & Dependent Care Pre-Tax Account for Commuter Benefit/Parking & Transit (location-specific) Continuing Education and Professional Development via various integrated platforms, e.g. Udemy and Coursera Corporate Wellness Program provided by Goomi Group Employee Assistance Program Wellness Days 401k Plan Basic and Supplemental Life Insurance Short Term & Long Term Disability Critical Illness, Critical Hospital, and Voluntary Accident Insurance Tuition Reimbursement (available 6 months after start date, capped) Paid Time Off (accrued and prorated, maximum of 120 hours annually) Paid Holidays Any other statutory leaves, paid time, or other ancillary benefits required under state and federal law",06/04/2026,Not Specified,"San Jose, CA",Astreya,https://astreya.wd5.myworkdayjobs.com/en-US/life-at-astreya-opportunities/job/San-Jose-CA/Incident-Response-Analyst---Lead_R0015200,Full time
Incident Response Analyst II,"Job Description Incident Response Center (Analyst)  Job Title  – IRC Analyst Summary The IRC (Incident Response Center) is the first layer of defense responsible for quick detection and incident response using various monitoring and automation tools, conducting thorough investigation of alerts, classification, and triage. The IRC Analyst is responsible for delivering operations within the IRC across all client data center sites globally. IRC analysts are expected to respond to all alarms/alerts set in the data center environment, including Infrastructure Management (DCIM), Server Automation Operations System (SAOS), CCTV, Access Control Systems (ACS), and Building Management Systems (BMS), providing deep understanding and intelligence of the criticality and impact of incidents to resolver groups. Responsibilities  Incident & Problem Management Analysts are responsible for the full lifecycle of incident management, from detection through to resolution and root cause analysis (RCA). This includes acting as incident commanders, maintaining SLAs, documenting actions, and providing insights to support continuous improvement efforts across teams and systems. Investigate, report, and respond to alerts, incident response (war room, remote bridges). Respond to incidents and critical situations in a calm, problem-solving manner, and conduct in-depth investigation of alerts. Be the first line of defense using monitoring and automation tools to conduct investigation, classification, and triage, all within prescribed SLAs. Provide deep understanding and intelligence of incident criticality and impact to resolver groups. Ensure detailed records of alarm handling activities, including actions taken and resolutions in ticketing tools; file incident reports. Act as incident commander during major incidents. Understand internal/external communication methods and stakeholder responsibilities. Support program managers and facilitate project deliverables, improving operational and engineering initiatives. Conduct root cause analysis (RCA) to determine recurring problems. Use in-depth questioning and analysis to determine the underlying cause of incidents or problems (Who, What, Where, When, Why). Perform duties in compliance with SOPs, MOPs, Runbooks, and Playbooks.   Server, DCIM, Network and Traffic Alarms Operations This function involves real-time monitoring of infrastructure alarms, determining the severity of alerts, escalating appropriately, and maintaining clear communications with resolver teams. It ensures uptime and system integrity across servers, network infrastructure, and environmental systems. Continuously monitor alarm dashboards and systems. Investigate and respond to alarms related to Network, Data Center Environment, Server Health, Facility Security, and Safety. Identify and acknowledge incidents associated with alarms. Assess incidents to determine their criticality and operational impact. Engage resolver groups and escalate to higher tiers or management following established paths. Maintain communication with teams, stakeholders, and incident responders. Follow documented procedures to resolve incidents promptly and effectively. Ensure accurate records of alarm handling and resolution activities in ticketing tools. Comply with SOPs, MOPs, Runbooks, and Playbooks.   Threat Intelligence, Critical Event Management Analysts monitor global threat feeds and operational alerts to protect ByteDance personnel and assets. Responsibilities include triaging alerts related to weather, security, travel, and regional instability, then coordinating appropriate response actions, escalating to law enforcement if necessary, and compiling response reports. Monitor Everbridge Visual Command Center (VCC), InternationalSOS emails, and open-source tools for real-time incidents affecting ByteDance assets and travelers. Monitor tools or queries for specific stakeholder requests. Report on violence, severe weather, or threats to life, property, and assets. Coordinate emergency responses, including with law enforcement if required. Verify incident information accuracy through secondary sources. Generate heatmaps to highlight affected areas during significant events. Collaborate with security and operational teams for a coordinated response. Implement incident containment and mitigation strategies. Document incident details, response actions, and lessons learned. Follow SOPs, MOPs, Runbooks, and Playbooks.   Physical Security and Safety The analyst monitors access control systems, CCTV, and safety-related alarms (e.g., fire, electrical, leaks). Responsibilities include reviewing footage, responding to security anomalies, and reporting incidents to security engineering teams while ensuring compliance with safety procedures Monitor Closed-Circuit Television (CCTV) and Access Control Systems (ACS). Track alarms for safety events including electrical issues, fire hazards, equipment failures, and water leaks. Review camera footage for quality and area coverage. Investigate and report access control incidents. Report findings to the Security and Safety Engineering teams. Follow SOPs, MOPs, Runbooks, and Playbooks. Familiarity with Lenel and Genetec systems.   Cloud Incident Response and Monitoring As hybrid environments become more critical to business operations, IRC Analysts will be expected to monitor and support both on-premises infrastructure and cloud-based systems. Analysts will assist in identifying and responding to cloud-related incidents across platforms such as AWS, GCP, and Azure. Responsibilities include: Real-time monitoring of cloud infrastructure using tools such as AWS CloudWatch, Azure Monitor, and GCP Stackdriver. Incident triage and escalation of alerts related to cloud-based services and resources (e.g., compute, storage, networking). Coordination with Cloud Engineers and DevOps teams during cross-environment incidents to ensure rapid resolution and clear communications. Identification and classification of cloud service anomalies, including misconfigurations, degraded services, and unauthorized access attempts. Understanding of cloud-native architectures such as virtual private clouds (VPC), IAM, container orchestration (e.g., Kubernetes), and serverless functions. Documentation of root cause analysis (RCA) and corrective actions for cloud incidents, feeding back into playbooks and runbooks. Basic scripting and automation skills (Python, Bash, or PowerShell) for incident analysis and tooling. Awareness of cloud security protocols, including encryption, IAM policies, and compliance standards like ISO 27001 and SOC 2.   Qualifications Required Qualifications / Soft Skills  2+ years of experience in a NOC, command center, or similar 24/7 operations environment Ability to quickly triage and prioritize multiple incidents based on risk Knowledge of systems including IP Networks, DC Environment, and Server Health Strong written and verbal communication skills Works well under pressure and within deadlines Excellent communication and collaboration abilities Strong analytical and problem-solving skills Ability to work independently and as part of a team Familiarity with data protection laws such as GDPR This is an on-site role at client facilities Must be willing to work variable shifts, including nights, weekends, and holidays   Preferred Qualifications Degree in Information Technology Networking knowledge (IP, DNS, load balancing) Experience with Grafana, ticketing systems, and DC infrastructure. Certifications such as CompTIA Server+ or Schneider Electric DCCA Experience with Lenel, Genetec, or Avigilon systems is a plus Proficiency with programming/scripting tools Salary Range $72,960.00 - $115,200.00 USD (Salary) Please note that the salary information provided herein is base pay only (gross); it does not include other forms of compensation which may or may not apply to this specific position, namely, performance-based bonuses, benefits-related payments, or other general incentives - none of which are guaranteed, may be subject to specific eligibility requirements, and are wholly within the discretion of Astreya to remit. Further, the salary information noted above is a range that consists of a minimum and maximum rate of pay for this specific position. Where an applicant or employee is placed on this range will depend and be contingent on objective, documented work-related considerations like education, experience, certifications, licenses, preferred qualifications, among other factors. Astreya  offers comprehensive  b enefits to all Regular, Full-Time Employees,   including: Medical provided through UHC (PPO, HSA, Surest options) / Medical provided through Kaiser (HMO option only) for California employees only Dental provided through UHC Nationwide Vision provided by UHC Flexible Spending Account for Health & Dependent Care Pre-Tax Account for Commuter Benefit/Parking & Transit (location-specific) Continuing Education and Professional Development via various integrated platforms, e.g. Udemy and Coursera Corporate Wellness Program provided by Goomi Group Employee Assistance Program Wellness Days 401k Plan Basic and Supplemental Life Insurance Short Term & Long Term Disability Critical Illness, Critical Hospital, and Voluntary Accident Insurance Tuition Reimbursement (available 6 months after start date, capped) Paid Time Off (accrued and prorated, maximum of 120 hours annually) Paid Holidays Any other statutory leaves, paid time, or other ancillary benefits required under state and federal law",06/04/2026,Not Specified,"San Jose, CA",Astreya,https://astreya.wd5.myworkdayjobs.com/en-US/life-at-astreya-opportunities/job/San-Jose-CA/Incident-Response-Analyst-II_R0015194,Full time
Network Operations Engineer II,"What this Job Entails: The Network Operations Engineer II is a network support engineer for managing and troubleshooting Network Production environments. This position requires the ability to work independently with a high level of accuracy and attention to detail. Scope:  Applies company policies and procedures to resolve a variety of issues Works on problems of moderate scope Receives general instructions on routine work and detailed instructions on new projects Your Roles and Responsibilities: Participate in production network and internet peering strategies Experience with networking technologies relative to content delivery network, monitoring capacity and peering traffic. Day-to-day activities involve working on multiple vendor servers and various software and hardware issues Handle traffic and any other queries raised by ISP/partners Support team in handling network and traffic peering for any incidents such as input errors, CRC, Capacity, Routing, Protocol, etc.  Knowledgable in troubleshooting of optical (DWDM, CWDM) and IP network components. Working with multiple TAC vendors to fix the hardware issues Work with ISP/vendors on fixing any issues related to network  Participate in 24/7 support with other teams across the globe. Some weekend work may be required.  Other duties as required. This list is not meant to be a comprehensive inventory of all responsibilities assigned to this position. Required Qualifications/Skills: Bachelor’s degree (B.S/B.A) from four-college or university and 2+ years’ related experience and/or training; or equivalent combination of education and experience  Builds productive internal and external working relationships Exercises judgment within defined procedures and practices to determine appropriate action Understanding of network and traffic peering Understanding of fiber-optic technology including cable types, connector types, optic types, patch panels, and optical transport technologies will be advantages. Understanding of preparing root cause analysis for any network and server outages.   Strong communication skills, including the ability to work with service providers, colocation facilities, and ISPs around the world Good understanding of:  IP networking concepts (IPv4/IPv6, BGP, OSPF, MPLS)  Optical technologies (e.g., DWDM, CWDM, fiber types, optical modules) Knowledgeable on Layer 1 troubleshooting. Preferred Qualifications:  Experience working in a multi-vendor network environment.  Network certifications. CCNP/JNCIP preferred",06/04/2026,Not Specified,"Kuala Lumpur, Malaysia",Astreya,https://astreya.wd5.myworkdayjobs.com/en-US/life-at-astreya-opportunities/job/Kuala-Lumpur-Malaysia/Network-Operations-Engineer-II_R0015122,Full time
AV Technician I,"What this Job Entails: The AV Technician I will join our expanding team onsite with one of our global clients. The hire will be given the opportunity to work with some of the most innovative technologies in the world. The AV Technician I will provide support for corporate AV/VC environments, and will confidently and quickly analyze problems using technical diagnostic skill sets, in order to effectively support and resolve issues. Technical responsibilities include high profile event support, audio, video, conferencing technology, projects, maintenance, support. Traveling to various client offices on occasion is required.  Scope:  Follows established procedures on routine work Requires detailed instructions  Your Roles and Responsibilities: Assist with installation of all AV equipment and displays to include: audio and video conferencing equipment, distributed audio, digital signage, control systems and all presentation systems. Help perform installation of structured cabling to include pulling, terminating and testing cat5e/6, video, RGB, HDMI, DVI and audio cables. Ensure that SLAs and daily deliverables are met including ticket updates Upload Crestron control programs to control processors and work with remote program team on control system certification. Assist with inventory, including weekly/monthly stock levels, returning product (RMA) and inventory DOA issues. Follow all policies, standards or safety guidelines that client requires Assist with problem solving and troubleshooting of any issue that may arise during an installation. Perform equipment setups, breakdowns and troubleshoot issues during events. Perform all necessary pre-event checks as required. Help liaise with cross-functional teams and internal users before and during events. Interface with end users and vendors to address requests and requirements. Assist in identifying and solving issues that impact client conference rooms. Other duties as required. This list is not meant to be a comprehensive inventory of all responsibilities assigned to this position Required Qualifications/Skills: High school diploma or general education degree (GED) and 0 to 2 years’ related experience and/or training; or equivalent combination of education and experience Ability to think and work independently Strong understanding of wiring and termination skills as well as proper installation techniques of all AV equipment Excellent written and oral communication skills and strong customer service skills Understanding of reading/understanding architecture, electrical, structural & AV systems drawings Ability to work day, evening or weekend shifts and travel to support a distant event if required Must have valid driver’s license and safe driving record Preferred Qualifications:  Physical Demand & Work Environment: Must be able to sit, stand, stoop and bend for extended periods of time Must have dexterity of hands and fingers to operate a computer keyboard, mouse, power tools and to handle other office equipment Must have ability to climb ladder, scaffolding or transported by lifts Must have the ability to drive/operate a vehicle in a safe manner Must be able to regularly lift and transport up to 15 pounds, as well as frequently lift and or transport moderately heavy equipment up to 50 pounds Must have the ability to perform office-related tasks which may include prolonged sitting or standing Must have the ability to move from place to place within an office environment Must be able to use a computer Must have the ability to communicate effectively  Salary Range $17.36 - $27.40 USD (Hourly) Please note that the salary information provided herein is base pay only (gross); it does not include other forms of compensation which may or may not apply to this specific position, namely, performance-based bonuses, benefits-related payments, or other general incentives - none of which are guaranteed, may be subject to specific eligibility requirements, and are wholly within the discretion of Astreya to remit. Further, the salary information noted above is a range that consists of a minimum and maximum rate of pay for this specific position. Where an applicant or employee is placed on this range will depend and be contingent on objective, documented work-related considerations like education, experience, certifications, licenses, preferred qualifications, among other factors. Astreya  offers comprehensive  b enefits to all Regular, Full-Time Employees,   including: Medical provided through UHC (PPO, HSA, Surest options) / Medical provided through Kaiser (HMO option only) for California employees only Dental provided through UHC Nationwide Vision provided by UHC Flexible Spending Account for Health & Dependent Care Pre-Tax Account for Commuter Benefit/Parking & Transit (location-specific) Continuing Education and Professional Development via various integrated platforms, e.g. Udemy and Coursera Corporate Wellness Program provided by Goomi Group Employee Assistance Program Wellness Days 401k Plan Basic and Supplemental Life Insurance Short Term & Long Term Disability Critical Illness, Critical Hospital, and Voluntary Accident Insurance Tuition Reimbursement (available 6 months after start date, capped) Paid Time Off (accrued and prorated, maximum of 120 hours annually) Paid Holidays Any other statutory leaves, paid time, or other ancillary benefits required under state and federal law",06/04/2026,Not Specified,"San Francisco, CA",Astreya,https://astreya.wd5.myworkdayjobs.com/en-US/life-at-astreya-opportunities/job/San-Francisco-CA/AV-Technician-I_R0015157,Full time
AV Technician III,"What this Job Entails: The AV Technician III will join our expanding team onsite with one of our global clients. The hire will be given the opportunity to work with some of the most innovative technologies in the world. The AV Technician III will provide support for corporate AV/VC environments, and will confidently and quickly analyze problems using technical diagnostic skill sets, in order to effectively support and resolve issues. Technical responsibilities include high profile event support, audio, video, conferencing technology, projects, maintenance, support. Traveling to various client offices on occasion is required.  Scope:  Works on assignments that require considerable judgment  and initiative. Makes recommendations for solutions Works within guidelines and takes ownership of results. May act as a mentor to less experienced team members. Your Roles and Responsibilities: Responsible for installation of all AV equipment and displays to include: audio and video conferencing equipment, distributed audio, digital signage, control systems and all presentation systems. Perform installation of structured cabling to include pulling, terminating and testing cat5e/6, video, RGB, HDMI, DVI and audio cables. Ensure that SLAs and daily deliverables are met including ticket updates Upload Crestron control programs to control processors and work with remote program team on control system certification. Manage inventory, including weekly/monthly stock levels, returning product (RMA) and inventory DOA issues. Follow all policies, standards or safety guidelines required by client Responsible for problem solving and troubleshooting of any issue that may arise during an installation. Perform equipment setups, breakdowns and troubleshoot issues during events. Perform all necessary pre-event checks as required. Liaise with cross-functional teams and internal users before and during events. Interface with end users and vendors to address requests and requirements. Identify and solve issues that impact client conference rooms. Adeptly leverages knowledge and expertise Other duties as required. This list is not meant to be a comprehensive inventory of all responsibilities assigned to this position Required Qualifications/Skills: High school diploma or general education degree (GED) and 5 to 8 years’ related experience and/or training; or equivalent combination of education and experience Networks with senior internal and external personnel in own area of expertise Demonstrates good judgment in selecting methods and techniques for obtaining solutions Ability to think and work independently Strong understanding of wiring and termination skills as well as proper installation techniques of all AV equipment Excellent written and oral communication skills and strong customer service skills Understanding of reading/understanding architecture, electrical, structural & AV systems drawings Ability to work day, evening or weekend shifts and travel to support a distant event if required Must have valid driver’s license and safe driving record Preferred Qualifications:  Various certifications  Physical Demand & Work Environment: Must be able to sit, stand, stoop and bend for extended periods of time Must have dexterity of hands and fingers to operate a computer keyboard, mouse, power tools and to handle other office equipment Must have ability to climb ladder, scaffolding or transported by lifts Must have the ability to drive/operate a vehicle in a safe manner Must be able to regularly lift and transport up to 15 pounds, as well as frequently lift and or transport moderately heavy equipment up to 50 pounds Must have the ability to perform office-related tasks which may include prolonged sitting or standing Must have the ability to move from place to place within an office environment Must be able to use a computer Must have the ability to communicate effectively  Salary Range $23.49 - $37.10 USD (Hourly) Please note that the salary information provided herein is base pay only (gross); it does not include other forms of compensation which may or may not apply to this specific position, namely, performance-based bonuses, benefits-related payments, or other general incentives - none of which are guaranteed, may be subject to specific eligibility requirements, and are wholly within the discretion of Astreya to remit. Further, the salary information noted above is a range that consists of a minimum and maximum rate of pay for this specific position. Where an applicant or employee is placed on this range will depend and be contingent on objective, documented work-related considerations like education, experience, certifications, licenses, preferred qualifications, among other factors. Astreya  offers comprehensive  b enefits to all Regular, Full-Time Employees,   including: Medical provided through UHC (PPO, HSA, Surest options) / Medical provided through Kaiser (HMO option only) for California employees only Dental provided through UHC Nationwide Vision provided by UHC Flexible Spending Account for Health & Dependent Care Pre-Tax Account for Commuter Benefit/Parking & Transit (location-specific) Continuing Education and Professional Development via various integrated platforms, e.g. Udemy and Coursera Corporate Wellness Program provided by Goomi Group Employee Assistance Program Wellness Days 401k Plan Basic and Supplemental Life Insurance Short Term & Long Term Disability Critical Illness, Critical Hospital, and Voluntary Accident Insurance Tuition Reimbursement (available 6 months after start date, capped) Paid Time Off (accrued and prorated, maximum of 120 hours annually) Paid Holidays Any other statutory leaves, paid time, or other ancillary benefits required under state and federal law",06/04/2026,Not Specified,"San Francisco, CA",Astreya,https://astreya.wd5.myworkdayjobs.com/en-US/life-at-astreya-opportunities/job/San-Francisco-CA/AV-Technician-III_R0015159,Full time
Cloud Network Manager III,"Responsibilities: Build and utilize capacity dashboards to proactively identify and address network stockout issues.  Investigate and resolve network incidents, outages, and connectivity problems related to customer capacity limitations. Review network traffic, bandwidth utilization, latency and identify potential capacity constraints.  Monitor customer usage patterns and proactively identify potential capacity needs. Collaborate with the Operations Lead, customer engineers, and other team members to diagnose and resolve complex issues affecting customer capacity. Apply troubleshooting methodologies and best practices to restore services and customer capacity quickly. Maintain accurate and up-to-date network documentation, including diagrams, configurations, and troubleshooting guides, with a focus on customer capacity details. Document incidents, resolutions, and capacity-related changes in a knowledge base to facilitate future troubleshooting and capacity planning efforts. Qualifications: Education: Associate's degree in Computer Science, Networking, or a related field. Experience: 5+ years of experience in network operations or a related field, with a focus on cloud environments. Experience with cloud networking platforms (e.g., AWS, Azure). Familiarity with network monitoring and troubleshooting tools. Experience working with customer support or customer success teams. Skills: Strong understanding of network protocols and technologies (TCP/IP, routing, switching). Proficiency in troubleshooting network issues at various layers (physical, data link, network). Ability to work independently and as part of a team. Excellent communication and customer service skills. Preferred: Certifications in networking (e.g., CCNA, Network+). Experience with scripting or automation tools for capacity management. Knowledge of cloud capacity planning and scaling best practices.",06/04/2026,Not Specified,"Remote, India",Astreya,https://astreya.wd5.myworkdayjobs.com/en-US/life-at-astreya-opportunities/job/Remote-India/Cloud-Network-Manager-III_R0015019,Full time
AV Technician III,"What this Job Entails: The AV Technician III will join our expanding team onsite with one of our global clients. The hire will be given the opportunity to work with some of the most innovative technologies in the world. The AV Technician III will provide support for corporate AV/VC environments, and will confidently and quickly analyze problems using technical diagnostic skill sets, in order to effectively support and resolve issues. Technical responsibilities include high profile event support, audio, video, conferencing technology, projects, maintenance, support. Traveling to various client offices on occasion is required.  Scope:  Works on assignments that require considerable judgment  and initiative. Makes recommendations for solutions Works within guidelines and takes ownership of results. May act as a mentor to less experienced team members. Your Roles and Responsibilities: Responsible for installation of all AV equipment and displays to include: audio and video conferencing equipment, distributed audio, digital signage, control systems and all presentation systems. Perform installation of structured cabling to include pulling, terminating and testing cat5e/6, video, RGB, HDMI, DVI and audio cables. Ensure that SLAs and daily deliverables are met including ticket updates Upload Crestron control programs to control processors and work with remote program team on control system certification. Manage inventory, including weekly/monthly stock levels, returning product (RMA) and inventory DOA issues. Follow all policies, standards or safety guidelines required by client Responsible for problem solving and troubleshooting of any issue that may arise during an installation. Perform equipment setups, breakdowns and troubleshoot issues during events. Perform all necessary pre-event checks as required. Liaise with cross-functional teams and internal users before and during events. Interface with end users and vendors to address requests and requirements. Identify and solve issues that impact client conference rooms. Adeptly leverages knowledge and expertise Other duties as required. This list is not meant to be a comprehensive inventory of all responsibilities assigned to this position Required Qualifications/Skills: High school diploma or general education degree (GED) and 5 to 8 years’ related experience and/or training; or equivalent combination of education and experience Networks with senior internal and external personnel in own area of expertise Demonstrates good judgment in selecting methods and techniques for obtaining solutions Ability to think and work independently Strong understanding of wiring and termination skills as well as proper installation techniques of all AV equipment Excellent written and oral communication skills and strong customer service skills Understanding of reading/understanding architecture, electrical, structural & AV systems drawings Ability to work day, evening or weekend shifts and travel to support a distant event if required Must have valid driver’s license and safe driving record Preferred Qualifications:  Various certifications  Physical Demand & Work Environment: Must be able to sit, stand, stoop and bend for extended periods of time Must have dexterity of hands and fingers to operate a computer keyboard, mouse, power tools and to handle other office equipment Must have ability to climb ladder, scaffolding or transported by lifts Must have the ability to drive/operate a vehicle in a safe manner Must be able to regularly lift and transport up to 15 pounds, as well as frequently lift and or transport moderately heavy equipment up to 50 pounds Must have the ability to perform office-related tasks which may include prolonged sitting or standing Must have the ability to move from place to place within an office environment Must be able to use a computer Must have the ability to communicate effectively",06/04/2026,Not Specified,"Hyderabad, India",Astreya,https://astreya.wd5.myworkdayjobs.com/en-US/life-at-astreya-opportunities/job/Hyderabad-India/AV-Technician-III_R0015160,Full time
Field Service Service Technician,"What this Job Entails:  The Field Service Technician I role is responsible for providing the Astreya user experience. From order tracking, accessories management, managing hardware and accessory deployment to front line users, conference room maintenance and behind the scenes user setup. Field Service Technician roles enable over 70,000 staff around the globe. This is an introductory role to IT services.  Scope:  Follows established procedures on routine work Requires detailed instructions  Your Roles and Responsibilities: Assist in performing inventory and asset management, conference room preventative maintenance, and e-recycling Support a complex and fast paced environment focused on video conference rooms with outstanding attention to customer satisfaction Ensure audio and visual quality, troubleshooting any issues that may arise and any requests from meeting attendees Assist in deployment and recovery of laptop and desktop images Perform customer support for over 70,000 users worldwide from IT accessory to workstation dressing Use ticketing systems to report individual work accomplishments and to track Service Level Agreements (SLAs) Utilize Inventory Data management software to maintain inventory accuracy and workflow Contribute to large scale global projects as needed Other duties as required. This list is not meant to be a comprehensive inventory of all responsibilities assigned to this position Required Qualifications/Skills: High school diploma or general education degree (GED) and 0 to 2 years’ related experience and/or training; or equivalent combination of education and experience Excellent written and verbal communications skills Ability to work in a large team with minimal supervision Capable of providing an outstanding user experience Basic inventory or IT knowledge Interest in new technologies and IT career path Physical Demand & Work Environment: Ability to lift and carry 50 pounds or more of equipment safely, multiple times per day.  Must have the ability to perform office-related tasks which may include prolonged sitting or standing Must have the ability to move from place to place within an office environment Must be able to use a computer Must have the ability to communicate effectively  Some positions may require occasional repetitive motion or movements of the wrists, hands, and/or fingers",06/04/2026,Not Specified,"Gurgaon, India",Astreya,https://astreya.wd5.myworkdayjobs.com/en-US/life-at-astreya-opportunities/job/Gurgaon-India/Field-Service-Service-Technician_R0014757,Full time
Supply Chain Purchasing Analyst II,"Key Responsibilities Global Order Routing & Logistics Execution Manage internal order routing and shipment execution across global regions including North America and Europe Coordinate with logistics carriers to schedule shipments, confirm bookings, and ensure timely pickup and delivery Monitor shipment status and proactively troubleshoot operational issues to minimize delays or disruptions Investigate shipment exceptions and coordinate resolution with carriers and internal stakeholders Transportation & Logistics Systems Operations Support operational workflows across enterprise logistics platforms including transportation management systems and order management systems Maintain data accuracy and operational workflows across supply chain reporting tools and logistics planning platforms Troubleshoot system-related operational issues and partner with cross-functional teams to resolve workflow gaps Support system enhancements and process improvements as transportation and order management systems evolve Product Catalog & SKU Management Maintain product SKU data within enterprise product catalog or product information management (PIM) systems Support SKU activation, pricing configuration, and catalog readiness for product launches Ensure product data accuracy to support operational order execution and fulfillment processes Manage ongoing catalog governance as product portfolios expand Carrier Operations & Shipment Issue Resolution Coordinate directly with logistics carriers to manage shipment bookings and operational exceptions Investigate shipment issues including delays, shortages, or damages Manage carrier claims processes and coordinate resolution with internal teams Support special shipping requirements such as dangerous goods handling or shipment disposition requests Cross-Border Logistics & Compliance Support Support international shipments requiring customs clearance or trade compliance considerations Coordinate cross-border logistics processes and documentation requirements Ensure operational processes align with internal compliance and legal guidelines Forecasting & Warehouse Capacity Coordination Support operational forecasting and warehouse capacity planning using supply chain planning tools Coordinate with warehouse and planning teams to ensure fulfillment readiness for projected order volumes Assist with operational readiness for new product launches or increased order demand Operational Process Improvement Identify opportunities to improve operational workflows and logistics processes Partner with supply planning, engineering, and operations teams to enhance systems and operational procedures Support operational scalability as logistics systems and product portfolios expand Operational Continuity & Knowledge Transfer Train and onboard new team members on operational processes and systems Provide cross-functional coverage across operational responsibilities as needed Contribute to documentation and knowledge-sharing initiatives to maintain operational continuity Systems & Platforms Experience working with enterprise supply chain and logistics platforms such as: Transportation Management Systems (TMS) including Oracle Transportation Management, SAP Transportation Management, or Blue Yonder Enterprise Order Management platforms such as SAP S/4HANA Order Management or Oracle Order Management Cloud Product Information Management (PIM) systems including Salsify, Akeneo, or Informatica Product 360 Supply chain planning and forecasting platforms such as SAP Integrated Business Planning (IBP), Kinaxis RapidResponse, or Blue Yonder Planning Business intelligence and reporting tools such as Tableau, Power BI, or SAP BusinessObjects Carrier operations and shipment visibility platforms such as project44, FourKites, UPS Quantum View, or DHL MySupplyChain Required Skills & Experience Experience supporting logistics operations, supply chain operations, or transportation management environments Familiarity with enterprise transportation management or order management systems Experience working with operational data, reporting tools, or supply chain analytics platforms Strong problem-solving skills and ability to troubleshoot operational issues Experience coordinating with cross-functional teams and logistics partners Ability to manage multiple operational workflows in a fast-paced environment Preferred Experience Experience working with enterprise logistics platforms such as Oracle Transportation Management, SAP Transportation Management, or Blue Yonder Experience supporting product catalog management or SKU lifecycle processes Familiarity with global logistics operations and cross-border shipping workflows Experience managing carrier operations, shipment investigations, or claims processes Salary Range $59,812.00 - $94,440.00 USD (Salary) Please note that the salary information provided herein is base pay only (gross); it does not include other forms of compensation which may or may not apply to this specific position, namely, performance-based bonuses, benefits-related payments, or other general incentives - none of which are guaranteed, may be subject to specific eligibility requirements, and are wholly within the discretion of Astreya to remit. Further, the salary information noted above is a range that consists of a minimum and maximum rate of pay for this specific position. Where an applicant or employee is placed on this range will depend and be contingent on objective, documented work-related considerations like education, experience, certifications, licenses, preferred qualifications, among other factors. Astreya  offers comprehensive  b enefits to all Regular, Full-Time Employees,   including: Medical provided through UHC (PPO, HSA, Surest options) / Medical provided through Kaiser (HMO option only) for California employees only Dental provided through UHC Nationwide Vision provided by UHC Flexible Spending Account for Health & Dependent Care Pre-Tax Account for Commuter Benefit/Parking & Transit (location-specific) Continuing Education and Professional Development via various integrated platforms, e.g. Udemy and Coursera Corporate Wellness Program provided by Goomi Group Employee Assistance Program Wellness Days 401k Plan Basic and Supplemental Life Insurance Short Term & Long Term Disability Critical Illness, Critical Hospital, and Voluntary Accident Insurance Tuition Reimbursement (available 6 months after start date, capped) Paid Time Off (accrued and prorated, maximum of 120 hours annually) Paid Holidays Any other statutory leaves, paid time, or other ancillary benefits required under state and federal law",06/04/2026,Not Specified,2 Locations,Astreya,https://astreya.wd5.myworkdayjobs.com/en-US/life-at-astreya-opportunities/job/Fremont-CA/Supply-Chain-Purchasing-Analyst-II_R0015123,Full time
"Solutions Director, IT Asset Management","Key Responsibilities Strategic ITAM Leadership Define and own the global AI-first ITAM managed services strategy aligned to client outcomes, revenue growth, and operational scalability. Serve as executive ITAM SME for clients, pursuits, and internal stakeholders. Establish standardized ITAM operating models aligned to ITIL, ISO, and regulatory requirements. Translate client business drivers into measurable ITAM value outcomes such as cost optimization, risk reduction, and lifecycle efficiency. Pre Sales, Pursuit, and Solutions Design Lead ITAM solution design for qualified opportunities across enterprise and mid-market clients. Own ITAM sections of RFP responses, RFIs, and client proposals. Author Statements of Work including scope, assumptions, service levels, pricing inputs, and transition approach. Develop executive level presentation decks that articulate value, delivery model, and differentiation. Partner with Sales and Account teams to position ITAM as a strategic managed service offering. Support deal shaping, solution defensibility, and client presentations through close. Managed Services Delivery Oversight Govern end to end ITAM lifecycle services including hardware, software, and cloud assets. Define service catalogs, SLAs, SLOs, and KPIs for ITAM managed services. Ensure integration between ITAM, ITSM, procurement, CMDB, and financial systems. Oversee onboarding, transition, and stabilization of new ITAM managed services clients. Drive continuous improvement initiatives focused on automation, data quality, and process maturity. Governance, Risk, and Compliance Establish governance frameworks to manage licensing compliance, audit readiness, and contractual risk. Ensure alignment with software publishers, regulatory requirements, and client policies. Lead audit response strategy and remediation planning for managed services clients. Monitor asset risk exposure including underutilization, non compliance, and financial leakage. Business Growth and Market Expansion Identify new ITAM service offerings aligned to market demand and client needs. Expand ITAM managed services footprint within existing accounts. Support pricing strategy, cost models, and margin assumptions for ITAM services. Track market trends and competitor offerings to inform solution differentiation. Performance Management and Executive Reporting Define performance metrics across service delivery, financial optimization, and compliance. Build and govern executive dashboards for clients and internal leadership. Translate asset and license data into actionable insights for executive decision making. Drive service reviews focused on outcomes, not just operational metrics. Team Leadership and Capability Development Lead and mentor ITAM solution architects, analysts, and service leaders. Set clear expectations for quality, accountability, and client engagement. Build scalable delivery models leveraging onshore, nearshore, and offshore resources. Identify skill gaps and drive training in ITAM, ITIL, and managed services delivery. Industry Engagement and Thought Leadership Represent the organization in client briefings, industry forums, and conferences. Contribute to ITAM thought leadership, whitepapers, and service frameworks. Continuously refine solution methodologies to maintain competitive advantage. Qualifications and Experience Education and Certifications Bachelor’s degree in Information Systems, Computer Science, Engineering, or equivalent experience. ITAM certifications such as CSAM or CHAMP preferred. ITIL v3 or v4 Foundation or higher strongly preferred. Professional Experience 10 or more years of progressive IT Asset Management experience. Demonstrated success delivering ITAM as a managed service to external clients. Proven leadership in pre sales, solution design, RFP responses, and SOW development. Strong background integrating ITAM with ITIL based ITSM, procurement, supply chain and financial processes. Experience supporting global environments including international logistics and regulatory constraints. Technical Expertise Enterprise ITAM and ITSM platforms such as ServiceNow, Flexera, Oomnitza, ManagedEngine, Jira ITAM, or equivalent. Asset lifecycle management, software license optimization, and audit defense. Reporting and analytics using Power BI, Looker Studio, Tableau, or similar tools. Automation and data quality improvement initiatives. Leadership and Client Skills Executive presence with strong storytelling and presentation capability. Ability to influence C level stakeholders and close complex services deals. Data driven decision making with strong analytical skills. Entrepreneurial mindset with a focus on scalable services and measurable outcomes. Salary Range $153,520.00 - $191,900.00 USD (Salary) Please note that the salary information provided herein is base pay only (gross); it does not include other forms of compensation which may or may not apply to this specific position, namely, performance-based bonuses, benefits-related payments, or other general incentives - none of which are guaranteed, may be subject to specific eligibility requirements, and are wholly within the discretion of Astreya to remit. Further, the salary information noted above is a range that consists of a minimum and maximum rate of pay for this specific position. Where an applicant or employee is placed on this range will depend and be contingent on objective, documented work-related considerations like education, experience, certifications, licenses, preferred qualifications, among other factors. Astreya  offers comprehensive  b enefits to all Regular, Full-Time Employees,   including: Medical provided through UHC (PPO, HSA, Surest options) / Medical provided through Kaiser (HMO option only) for California employees only Dental provided through UHC Nationwide Vision provided by UHC Flexible Spending Account for Health & Dependent Care Pre-Tax Account for Commuter Benefit/Parking & Transit (location-specific) Continuing Education and Professional Development via various integrated platforms, e.g. Udemy and Coursera Corporate Wellness Program provided by Goomi Group Employee Assistance Program Wellness Days 401k Plan Basic and Supplemental Life Insurance Short Term & Long Term Disability Critical Illness, Critical Hospital, and Voluntary Accident Insurance Tuition Reimbursement (available 6 months after start date, capped) Paid Time Off (accrued and prorated, maximum of 120 hours annually) Paid Holidays Any other statutory leaves, paid time, or other ancillary benefits required under state and federal law",06/04/2026,Not Specified,"Remote, NY",Astreya,https://astreya.wd5.myworkdayjobs.com/en-US/life-at-astreya-opportunities/job/Remote-NY/Solutions-Director--IT-Asset-Management_R0015111,Full time
IT Support Specialist III,"Job Summary We are seeking a dedicated and knowledgeable IT Support Specialist to join our team. As an End User Support IT Specialist, you will provide on-site and remote technical support for internal end-user software, hardware, and connectivity. We are looking for a driven, self-directed, technical professional who can work both independently and with the broader support team. The End User Support team is singularly focused on delivering a seamless technology experience for all users. The right candidate is capable of quickly and efficiently resolving a wide range of technical issues while providing top-tier customer service to our end users. Responsibilities: Identify, triage, troubleshoot, diagnose, and resolve complex technical problems via in-person, phone, chat, and email-based support channels. Troubleshoot technology issues related to hardware, software, user accounts, trading environments, operating systems, and mobility Fulfill IT hardware requests requiring delivery, setup, or low-level hardware troubleshooting for end users in the office where you’re based. Provide hands-on data center support, including equipment installation, cabling, inventory tracking, and basic troubleshooting. Perform conference room maintenance sweeps and basic troubleshooting. Escalate issues to senior members of the technical support team, infrastructure teams, platform engineering teams, and/or third-party vendors to ensure end-user issues are fixed at their root and do not recur. Provide excellent customer service experiences for all end users, traders, and senior leadership, acting as the end user’s advocate, ensuring their issues are fully fixed and they have an optimal IT experience. Collaborate effectively with both local and remote or distributed team members to accomplish small support tasks and large technical projects. Overtime responsibilities as needed. What we’re looking for: 7+ years of relevant technical support experience in a medium to large, complex, and fast-moving enterprise environment. Advanced knowledge of Windows, macOS, Linux, iOS, Android, networking, and information security topics. Working knowledge of Active Directory, Azure, Intune, DNS, DHCP, Microsoft Exchange, TCP/IP, and VPN. Working knowledge of messaging platforms, telecommunication tools, collaboration tools, and video conferencing (e.g., WebEx, MS Teams, Zoom). Ability to communicate effectively and professionally across all settings to technical and non-technical audiences of all tenure and seniority. Preferred Qualifications:  Knowledge of various operating systems and databases  Knowledge of various programming languages Physical Demand & Work Environment: Must have the ability to perform office-related tasks which may include prolonged sitting or standing Must have the ability to move from place to place within an office environment Must be able to use a computer Must have the ability to communicate effectively  Some positions may require occasional repetitive motion or movements of the wrists, hands, and/or fingers",06/04/2026,Not Specified,"Shanghai, China",Astreya,https://astreya.wd5.myworkdayjobs.com/en-US/life-at-astreya-opportunities/job/Shanghai-China/IT-Support-Specialist-III_R0015053,Full time
AV Operations Manager,"Scope Astreya is looking for an AV Operations Manager to join our team.  The role requires leadership, strong ability to multitask, prioritize, communicate, and direct a very diverse set of teams. The responsibilities range from interviewing, hiring, and managing personnel to perform day to day tasks, ensuring that work is performed as expected, with regular client communication on progress. The successful candidate will have the ability to manage and evolve existing services across multiple disciplines, assisting sales teams with the growth strategy.  The Sr. Opearations Manager will be responsible for day-to-day AV service operations in support of one of Astreya’s largest global customers. The successful candidate will lead a team of AV Technicians and other supporting team members and will possess a solid understanding of the AV industry, including working knowledge of leading tools and technologies. This role also requires the ability to respond to customer issues in real-time while mentoring and developing staff to drive a consistent level of responsiveness and attention to customer stakeholders. The Operations Manager will also partner with internal-Astreya leadership to shape and mature the AV offering and help drive overall growth into other target accounts. Your roles and responsibilities: Maintaining agreed upon service level agreements Maintain agreed key operational metrics, reporting and cadence, set targets and continuously improve; present operational metrics on an agreed regular basis to Client Leadership Ensuring that all program and operational documentation is up-to-date and that all program participants are fully trained on processes and procedures including but not limited to Playbook, Incident Management SOP, Problem Management SOP & Change Management SOP Carry out continuous service improvement processes and implement changes to processes and workflows as necessary Root Cause Analysis - Identify and solve issues that impact the Client's AV Spaces Ensure that hardware or software issues that are outside of our SOW are escalated to the relevant team Maintaining and reporting on budget status, in addition to other financial measures defined for the customer engagement Must be able to effectively collaborate with internal (Astreya) team members as well as Client Team members Develop strategic planning in relation to the programme in conjunction with other AV Stakeholders Strategic administration and general management issues, which will include the day-to-day supervision of a large, distributed team and overseeing their work output Responsible for fostering and maintaining an effective, positive team-based environment by coaching and communicating the corporate vision/values and setting & managing performance expectations Staff development by training/mentoring the team on standards and best practices that apply to both the industry and our client Hold regular team meetings to discuss key initiatives  Ensuring Health and Safety procedures and regulations are adhered to Adherence to Astreya and client policies and procedures Flexibility to work outside the job description as needed Ability to travel as needed Leads the collaborative, dynamic planning process – prioritizing the work that needs to be done against the capacity and capability of the team Other duties as required. This list is not meant to be a comprehensive inventory of all responsibilities assigned to this position Qualifications: Bachelor’s degree (B.S/B.A) from four-college or university and 8+ years’ related experience and/or training; or equivalent combination of education and experience  Frequently interacts with subordinate supervisors, customers, and/or functional peer group managers, normally involving matters between functional areas, other company divisions or units, or customers and the company.  Must be able to lead a cooperative effort among members of a support team. A track record of successfully managing the delivery of AV & Event support services Proven track record of implementing and leading improvements throughout the service lifecycle Able to identify projects at risk and take appropriate action to recover, often working across divisional boundaries Strong technical knowledge of enterprise AV, including but not limited to help desk, ticket and incident management, AV/VC, and asset management.  Strong analytical, organizational, communication and presentation skills.  Highly adaptable with the ability to effectively manage multiple concurrent work streams.  Strong business acumen and the ability to provide operational, technical and financial oversight.  Proven leadership skills with the ability to motivate, lead, develop, direct and position people to work effectively in a team environment.  Preferred Qualifications:  ITIL  CTS Skills: Good Audio Visual technical knowledge with experience of corporate conferencing technology and unified communication Data analytics (Google DataStudio, PowerBI, ServiceNow etc. - producing dashboards and advanced metrics) Presentation skills Excellent written and verbal skills Excellent problem solving and organizational skills Analytical and problem-solving/troubleshoot Able to manage your own workload and to make decisions independently Strong interpersonal and customer service skills General working knowledge of computers and networking Proficiency using either Microsoft Office Suite or Google Suite/Apps Salary Range $82,108.50 - $154,800.00 USD (Salary) Please note that the salary information provided herein is base pay only (gross); it does not include other forms of compensation which may or may not apply to this specific position, namely, performance-based bonuses, benefits-related payments, or other general incentives - none of which are guaranteed, may be subject to specific eligibility requirements, and are wholly within the discretion of Astreya to remit. Further, the salary information noted above is a range that consists of a minimum and maximum rate of pay for this specific position. Where an applicant or employee is placed on this range will depend and be contingent on objective, documented work-related considerations like education, experience, certifications, licenses, preferred qualifications, among other factors. Astreya  offers comprehensive  b enefits to all Regular, Full-Time Employees,   including: Medical provided through UHC (PPO, HSA, Surest options) / Medical provided through Kaiser (HMO option only) for California employees only Dental provided through UHC Nationwide Vision provided by UHC Flexible Spending Account for Health & Dependent Care Pre-Tax Account for Commuter Benefit/Parking & Transit (location-specific) Continuing Education and Professional Development via various integrated platforms, e.g. Udemy and Coursera Corporate Wellness Program provided by Goomi Group Employee Assistance Program Wellness Days 401k Plan Basic and Supplemental Life Insurance Short Term & Long Term Disability Critical Illness, Critical Hospital, and Voluntary Accident Insurance Tuition Reimbursement (available 6 months after start date, capped) Paid Time Off (accrued and prorated, maximum of 120 hours annually) Paid Holidays Any other statutory leaves, paid time, or other ancillary benefits required under state and federal law",06/04/2026,Not Specified,"San Francisco, CA",Astreya,https://astreya.wd5.myworkdayjobs.com/en-US/life-at-astreya-opportunities/job/San-Francisco-CA/AV-Operations-Manager_R0015146,Full time
Service Delivery Senior Manager,"What this Job Entails:  The Service Delivery Senior Manager is a client facing role and requires that you establish and satisfactorily manage client and employee expectations. The role requires leadership, strong ability to multitask, prioritize, communicate, and direct a very diverse set of teams. The responsibilities range from interviewing, hiring, and managing personnel to perform day to day tasks, ensuring that work is performed as expected, with regular client communication on progress. The successful candidate will have the ability to manage and evolve existing services across multiple disciplines, assisting sales teams with the growth strategy.  Scope:    Establishes operational objectives and work plans and delegates assignments to subordinates.  Reviews objectives of other managers to determine operational success.  Involved in developing, modifying and executing company policies that affect immediate operations and may also have company-wide effect. Your Roles and Responsibilities: Provide leadership to diverse operations teams  Implement, monitor and timely report to customers on service delivery metrics  Implement personnel onboarding, training, and service improvement activities, ensuring systems, methodologies, and procedures are in place and followed by each service team  Drive internal and client meetings covering delivery performance, service improvements, quality, and processes  Be accountable for the quality of service and performance; ensure future demand from growth and projects are understood and factored into capacity plans for all associated teams  Work closely with Business Development and Client partner teams to support growth, including help with services content for Statements of Work, and development/transition to stronger managed services capabilities  Work with the SMEs and stakeholders to define the roadmap for any given product and translate this into user stories or RFPs depending on the buy Vs build decision Work closely with Recruiting to develop pipeline and process for hiring strong candidates and interview where necessary  Further, develop and maintain retention program and incentives for field employee satisfaction  Manage complex and/or large projects or delivering the IT components of major projects to time, cost, quality and benefits realisation requirements Assimilate, understand and manage problem solving and opportunities recognition in the context of IT Infrastructure and/or Application change solution concept, solutioning, design and deployment in a major software services/hardware environment Successfully deliver a range of complex, high profile IT projects Implement and lead improvements in project lifecycle Identify projects at risk and take appropriate action to recover, often working across divisional boundaries Take ownership for the resolution of highly complex issues and risks that have been escalated. Leads the collaborative, dynamic planning process – prioritizing the work that needs to be done against the capacity and capability of the team Other duties as required. This list is not meant to be a comprehensive inventory of all responsibilities assigned to this position Required Qualifications/Skills: Bachelor’s degree (B.S/B.A) from four-college or university and 8+ years’ related experience and/or training; or equivalent combination of education and experience  Frequently interacts with subordinate supervisors, customers, and/or functional peer group managers, normally involving matters between functional areas, other company divisions or units, or customers and the company.  Must be able to lead a cooperative effort among members of a project team. A track record of successfully delivering a range of complex, high profile IT projects. Proven track record of implementing and leading improvements in project lifecycle. Able to identify projects at risk and take appropriate action to recover, often working across divisional boundaries. Passionate about the IT industry and how new technology can improve business outcomes. Strong technical knowledge of enterprise IT, including but not limited to help desk, networking, ticket and incident management, AV/VC, and asset management.  Strong analytical, organizational, communication and presentation skills.  Highly adaptable with the ability to effectively manage multiple concurrent work streams.  Strong business acumen and the ability to provide operational, technical and financial oversight.  Proven leadership skills with the ability to motivate, lead, develop, direct and position people to work effectively in a team environment.  Preferred Qualifications:    Physical Demand & Work Environment: Must have the ability to perform office-related tasks which may include prolonged sitting or standing Must have the ability to move from place to place within an office environment Must be able to use a computer Must have the ability to communicate effectively  Some positions may require occasional repetitive motion or movements of the wrists, hands, and/or fingers Salary Range $108,000.00 - $180,000.00 USD (Salary) Please note that the salary information provided herein is base pay only (gross); it does not include other forms of compensation which may or may not apply to this specific position, namely, performance-based bonuses, benefits-related payments, or other general incentives - none of which are guaranteed, may be subject to specific eligibility requirements, and are wholly within the discretion of Astreya to remit. Further, the salary information noted above is a range that consists of a minimum and maximum rate of pay for this specific position. Where an applicant or employee is placed on this range will depend and be contingent on objective, documented work-related considerations like education, experience, certifications, licenses, preferred qualifications, among other factors. Astreya  offers comprehensive  b enefits to all Regular, Full-Time Employees,   including: Medical provided through UHC (PPO, HSA, Surest options) / Medical provided through Kaiser (HMO option only) for California employees only Dental provided through UHC Nationwide Vision provided by UHC Flexible Spending Account for Health & Dependent Care Pre-Tax Account for Commuter Benefit/Parking & Transit (location-specific) Continuing Education and Professional Development via various integrated platforms, e.g. Udemy and Coursera Corporate Wellness Program provided by Goomi Group Employee Assistance Program Wellness Days 401k Plan Basic and Supplemental Life Insurance Short Term & Long Term Disability Critical Illness, Critical Hospital, and Voluntary Accident Insurance Tuition Reimbursement (available 6 months after start date, capped) Paid Time Off (accrued and prorated, maximum of 120 hours annually) Paid Holidays Any other statutory leaves, paid time, or other ancillary benefits required under state and federal law",06/04/2026,Not Specified,"Fremont, CA",Astreya,https://astreya.wd5.myworkdayjobs.com/en-US/life-at-astreya-opportunities/job/Fremont-CA/Service-Delivery-Senior-Manager_R0015140,Full time
Network Deployment  Engineer II,"What this Job Entails: The Network Deployment Engineer II will design, develop, build and test systems and products based on optic, photonic and laser technologies. The position will interact with device, hardware and software design teams to assist in overall development of optical systems. The position will be responsible for specifying, selecting and qualifying active and passive optical components. The role will also assist with developing and benchmarking system performance models, developing and assisting with implementing test procedures and/or evaluating and selecting appropriate test instrumentation. Scope:  Applies company policies and procedures to resolve a variety of issues Works on problems of moderate scope Receives general instructions on routine work and detailed instructions on new projects Your Roles and Responsibilities: Deploy, configure, and support a large-scale production and corporate network and server infrastructure in data centers and Point of Presence (POP) sites throughout the assigned region Calculate and document equipment power requirements and work with Engineering, Facilities Operations, and/or collocation vendors to meet these requirements Participate in project timelines to support network turn-up within expected completion intervals Responsible for asset management of networking gear in datacenter and POP sites Proactively contribute to documentation, automation and processes as they evolve Create network and server rack face elevations, floor plans, wiring diagrams, and detailed port maps for new deployments and documentation Create statements of work for vendors at the POP sites Prepare cage and rack designs, and understand the overall needs of POP infrastructure Document and follow RMA processes and procedures for all relevant vendors Follow, improve, and implement data center and POP best practices Provide necessary escalations to higher support tier; assist Sales and Customer Support with technical operations, and work with internal departments to ensure customer satisfaction Work closely with Network Engineering, Logistics, and equipment vendors as new equipment and technologies are integrated into the production network Use internal tools and scripts to configure, monitor, and repair servers and network equipment Detect and diagnose various error/failure conditions across an array of server types Other duties as required. This list is not meant to be a comprehensive inventory of all responsibilities assigned to this position Required Qualifications/Skills: Bachelor’s degree (B.S/B.A) from four-college or university and 2 to 5 years’ related experience and/or training; or equivalent combination of education and experience  Builds productive internal and external working relationships Exercises judgment within defined procedures and practices to determine appropriate action Must have an understanding of data center network architecture and common issues related to data center networks Knowledgeable in data center practices (i.e. cable routing, calculating power usage and cooling) Experience with field-based work in POPs, carrier hotels, or central office environments Experience with enterprise and service provider network hardware platforms and architectures, including data center switching platforms Must have a sound and in-depth understanding of IP technologies such as MPLS, BGP, RSVP-TE, IS-IS Basic understanding of transmission technology and circuit troubleshooting techniques Solid understanding of fiber-optic technology including cable types, connector types, optic types, patch panels, and optical transport technologies Proficiency in various operating systems Ability to capture and analyze traffic Solid understanding of queue management for tasks and incidents, vendor engagement, and escalation and participation in ongoing POPs deployment projects Demonstrated ability to analyze complex situations and utilize troubleshooting skills, systems and tools, and creative problem solving abilities under pressure Excellent communication skills Experience in dealing with service providers and colocation facilities around the world Ability to work within a global team in a fast-paced and dynamic environment with limited supervision Strong attention to detail with excellent time management and organization skills 20% to 50% of travel required Preferred Qualifications:  Understanding of various scripting languages is strongly desired Certification such as CCNA, JNCIA, RHCT, or equivalent experience Physical Demand & Work Environment: Must have the ability to lift/move 30-40 lbs. Must have the ability to perform office-related tasks which may include prolonged sitting or standing Must have the ability to move from place to place within an office environment Must be able to use a computer Must have the ability to communicate effectively  Some positions may require occasional repetitive motion or movements of the wrists, hands, and/or fingers Salary Range $72,960.00 - $115,200.00 USD (Salary) Please note that the salary information provided herein is base pay only (gross); it does not include other forms of compensation which may or may not apply to this specific position, namely, performance-based bonuses, benefits-related payments, or other general incentives - none of which are guaranteed, may be subject to specific eligibility requirements, and are wholly within the discretion of Astreya to remit. Further, the salary information noted above is a range that consists of a minimum and maximum rate of pay for this specific position. Where an applicant or employee is placed on this range will depend and be contingent on objective, documented work-related considerations like education, experience, certifications, licenses, preferred qualifications, among other factors. Astreya  offers comprehensive  b enefits to all Regular, Full-Time Employees,   including: Medical provided through UHC (PPO, HSA, Surest options) / Medical provided through Kaiser (HMO option only) for California employees only Dental provided through UHC Nationwide Vision provided by UHC Flexible Spending Account for Health & Dependent Care Pre-Tax Account for Commuter Benefit/Parking & Transit (location-specific) Continuing Education and Professional Development via various integrated platforms, e.g. Udemy and Coursera Corporate Wellness Program provided by Goomi Group Employee Assistance Program Wellness Days 401k Plan Basic and Supplemental Life Insurance Short Term & Long Term Disability Critical Illness, Critical Hospital, and Voluntary Accident Insurance Tuition Reimbursement (available 6 months after start date, capped) Paid Time Off (accrued and prorated, maximum of 120 hours annually) Paid Holidays Any other statutory leaves, paid time, or other ancillary benefits required under state and federal law",06/04/2026,Not Specified,"San Mateo, CA",Astreya,https://astreya.wd5.myworkdayjobs.com/en-US/life-at-astreya-opportunities/job/San-Mateo-CA/Network-Deployment--Engineer-II_R0013912,Full time
Network Engineer I,"What this Job Entails: The Network Engineer I is a focal point for all internal and external orders required to maintain the network. This position requires the ability to work independently with a high level of accuracy and attention to details.  Technical Responsibilities: Troubleshoot issues across networking, systems, and basic power infrastructure domains, including UPS configuration, power distribution, and standard datacenter power connectors (e.g. 20A and 30A circuits) Diagnose and resolve physical layer outages, including device failures, boot issues, cabling faults, and power-related problems Install, rack, cable, and maintain network infrastructure and associated equipment Triage and resolve tickets related to network infrastructure and cabling issues Serve as an on-site resource for networking infrastructure and related physical systems Troubleshoot and replace network hardware as needed Manage inventory in accordance with our standards Act as remote hands and eyes for engineering teams during deployments and incident response We are looking for: Hands-on experience with wired, optical, and wireless networking equipment Understanding of Layer 2 and Layer 3 networking concepts Familiarity with basic network troubleshooting and device bring-up Experience working with ticketing systems such as Jira or similar tools Ability to work independently and manage on-site priorities effectively Strong attention to detail and a methodical approach to troubleshooting Clear and effective written and verbal communication skills Ability to maintain a regular on-site presence based on an agreed schedule Skills Experience with rack and stack, structured cabling, and hardware lifecycle management Experience supporting office, lab, or datacenter environments Familiarity with inventory management and spare parts tracking Exposure to enterprise networking environments and tooling Physical Demand & Work Environment: Must have the ability to perform office-related tasks which may include prolonged sitting or standing Must have the ability to move from place to place within an office environment Must be able to use a computer Must have the ability to communicate effectively  Some positions may require occasional repetitive motion or movements of the wrists, hands, and/or fingers Salary Range $59,812.00 - $94,440.00 USD (Salary) Please note that the salary information provided herein is base pay only (gross); it does not include other forms of compensation which may or may not apply to this specific position, namely, performance-based bonuses, benefits-related payments, or other general incentives - none of which are guaranteed, may be subject to specific eligibility requirements, and are wholly within the discretion of Astreya to remit. Further, the salary information noted above is a range that consists of a minimum and maximum rate of pay for this specific position. Where an applicant or employee is placed on this range will depend and be contingent on objective, documented work-related considerations like education, experience, certifications, licenses, preferred qualifications, among other factors. Astreya  offers comprehensive  b enefits to all Regular, Full-Time Employees,   including: Medical provided through UHC (PPO, HSA, Surest options) / Medical provided through Kaiser (HMO option only) for California employees only Dental provided through UHC Nationwide Vision provided by UHC Flexible Spending Account for Health & Dependent Care Pre-Tax Account for Commuter Benefit/Parking & Transit (location-specific) Continuing Education and Professional Development via various integrated platforms, e.g. Udemy and Coursera Corporate Wellness Program provided by Goomi Group Employee Assistance Program Wellness Days 401k Plan Basic and Supplemental Life Insurance Short Term & Long Term Disability Critical Illness, Critical Hospital, and Voluntary Accident Insurance Tuition Reimbursement (available 6 months after start date, capped) Paid Time Off (accrued and prorated, maximum of 120 hours annually) Paid Holidays Any other statutory leaves, paid time, or other ancillary benefits required under state and federal law",06/04/2026,Not Specified,"San Francisco, CA",Astreya,https://astreya.wd5.myworkdayjobs.com/en-US/life-at-astreya-opportunities/job/San-Francisco-CA/Network-Engineer-I_R0015114,Full time
Lead AV Installation & Commissioning Engineer,"Job Description Role Description: Working as Lead AV Engineer you will be a central part of a team delivering industry-leading audiovisual systems installations. Onsite you will set the bar high, delivering your work to a meticulous standard. Advising and closely coordinating with others, including the project manager, you will be part of the team delivering first-class installations in an economical and timely manner.  You will be supported by, and be working closely with multiple parties including Astreya AV control systems programmers, colleagues in project management, our systems design and project engineering teams, and our logistics support operatives. You will also be responsible for managing a team of AV engineers onsite, assigning them tasks each day and reporting project progress to the project manager. Responsibilities: Provide end-to-end system lead engineering and commissioning and quality assurance on a wide range of integrated audiovisual and video conferencing technologies in both the corporate and public sectors.  Have a major input to the success of a project and play a pivotal role in the future success of the company.  Take ownership of the delivery of the AV systems integration and commissioning process, both on the projects you are assigned to and generally, analysing, documenting and implementing best practices for installation, commissioning and pre-commissioning work. Main Duties: Install, commission and quality assure audio and audiovisual installations to an excellent standard.  Produce system configuration documentation and ensure fully operational audiovisual systems.  Perform quality assurance checks on installations and identify any issues that need resolving, and work in close collaboration with the AV integration team and the project manager to ensure they are resolved.  Responsible for fault finding and technical resolution during the commissioning phase, escalating to third parties where necessary.  Manage the installation team with onsite tasks and to collaborate closely with the programmer, and in some cases the client, in order to establish and share the brief for the control systems.  Conduct off site testing and configuration.  Work through software control systems to identify programming snags.  Deliver system training to end users.  Perform maintenance visits, on-going technical support and provide advice and information to colleagues in the support team.  Communicate effectively to peers, management and customers.  Review and update system schematics, cable schedules etc.; create O&M documentation and ‘as built’ versions of the technical documents for future internal reference.   The development of junior audiovisual engineers / trainee commissioning engineers. Feedback to systems design team regarding products and design, and any other lessons learned on a project.  Additional Duties (As & When Required): From time to time, the post holder will also be required to perform additional duties as listed below: AV Meeting Room Support Ensure all multimedia/presentation rooms are maintained in good working order AV equipment set-up and support Presentation/multimedia meeting room support, including duration support Assist with support for multimedia broadcasting Quick response to emergency/ad-hoc requests Faults & Room Checks Carry out regular preventative room checks, ensuring all equipment functions correctly in accordance with the room check procedure Ensure that all faults are reported in the correct way and in a timely manner Proactive maintenance/reporting to ensure all AV equipment is always of the highest standard and functioning correctly Providing first-line support, including on-the-spot diagnosis and rectification of minor faults and problems as and when they occur. Carry out all power down/up when required, usually involving out-of-hours overtime commitments Experience & Skills Required: A positive attitude, a ‘can-do’, ‘team first’ approach to your work. Flexible approach to working schedules to include out of hours (early or late) and weekends Working unsupervised Read and understand AV schematics Data gathering, reporting, metrics and administrative skills AV / VC Systems Knowledge in a Corporate environment ( Microsoft Teams, Zoom, Google Meet, Cisco, Blue Jeans, Pexip, etc.) Understanding of TCP/IP networking Understanding of different audio and video protocols and codecs required Ability to draft and present technical reports in English Skills and experience that make you proficient in installation and commissioning of modern audio, videoconferencing and AV systems. An understanding of the end-to-end complexities of an audiovisual and video installation project. A proven track record in field-based audiovisual installation and commissioning tasks, maintenance and operation.   3 years+ in a similar senior position.  Comprehensive knowledge of a range of VC and integrated audio equipment.  Background in leading teams in delivering VC or AV solutions.  Industry or manufacturer certifications highly advantageous. Salary Range $113,520.00 - $154,800.00 USD (Salary) Please note that the salary information provided herein is base pay only (gross); it does not include other forms of compensation which may or may not apply to this specific position, namely, performance-based bonuses, benefits-related payments, or other general incentives - none of which are guaranteed, may be subject to specific eligibility requirements, and are wholly within the discretion of Astreya to remit. Further, the salary information noted above is a range that consists of a minimum and maximum rate of pay for this specific position. Where an applicant or employee is placed on this range will depend and be contingent on objective, documented work-related considerations like education, experience, certifications, licenses, preferred qualifications, among other factors. Astreya  offers comprehensive  b enefits to all Regular, Full-Time Employees,   including: Medical provided through UHC (PPO, HSA, Surest options) / Medical provided through Kaiser (HMO option only) for California employees only Dental provided through UHC Nationwide Vision provided by UHC Flexible Spending Account for Health & Dependent Care Pre-Tax Account for Commuter Benefit/Parking & Transit (location-specific) Continuing Education and Professional Development via various integrated platforms, e.g. Udemy and Coursera Corporate Wellness Program provided by Goomi Group Employee Assistance Program Wellness Days 401k Plan Basic and Supplemental Life Insurance Short Term & Long Term Disability Critical Illness, Critical Hospital, and Voluntary Accident Insurance Tuition Reimbursement (available 6 months after start date, capped) Paid Time Off (accrued and prorated, maximum of 120 hours annually) Paid Holidays Any other statutory leaves, paid time, or other ancillary benefits required under state and federal law",06/04/2026,Not Specified,"Remote, CA",Astreya,https://astreya.wd5.myworkdayjobs.com/en-US/life-at-astreya-opportunities/job/Remote-CA/Lead-AV-Installation---Commissioning-Engineer_R0015108,Full time
IT Support Specialist III,"What this Job Entails:  The IT Support Analysts will help in resolving a variety of technical problems.  Scope:  Works on assignments that require considerable judgment  and initiative. Makes recommendations for solutions Works within guidelines and takes ownership of results. May act as a mentor to less experienced team members Your Roles and Responsibilities: Field incoming help requests from end users in a courteous manner. Document all pertinent end user identification information, including name, department, contact information, and nature of problem. Build rapport and elicit problem details from help desk customers. Prioritize and schedule problems. Escalate problems, when required, to the appropriate experienced technician. Apply diagnostic utilities to aid in troubleshooting. Access software updates, drivers, knowledge bases, and frequently asked questions resources on the Internet to aid in problem resolution. Identify and learn appropriate software and hardware used and supported by the organization. Install new PCs, both desktop and notebooks, for new and existing users, including hardware setup, software installs, wiring, and training. Other duties as required. This list is not meant to be a comprehensive inventory of all responsibilities assigned to this position Required Qualifications/Skills: Associate's degree (A.A) or equivalent from two-year college or technical school and 5 to 8 years’ related experience and/or training; or equivalent combination of education and experience  Networks with senior internal and external personnel in own area of expertise Demonstrates good judgment in selecting methods and techniques for obtaining solutions Knowledge of basic computer hardware and software Familiarity with desktop and server operating systems Exceptional interpersonal skills, with a focus on rapport-building, listening, and questioning skills Ability to conduct research into a wide range of computing issues as required Ability to present ideas in a user-friendly manner Analytical and problem solving abilities Exceptional customer service orientation Preferred Qualifications:  Knowledge of various operating systems and databases  Knowledge of various programming languages Physical Demand & Work Environment: Must have the ability to perform office-related tasks which may include prolonged sitting or standing Must have the ability to move from place to place within an office environment Must be able to use a computer Must have the ability to communicate effectively  Some positions may require occasional repetitive motion or movements of the wrists, hands, and/or fingers",06/04/2026,Not Specified,"Sydney, Australia",Astreya,https://astreya.wd5.myworkdayjobs.com/en-US/life-at-astreya-opportunities/job/Sydney-Australia/IT-Support-Specialist-III_R0015058,Full time
IT Support Specialist III,"What this Job Entails:  The IT Support Analysts will help in resolving a variety of technical problems.  Scope:  Works on assignments that require considerable judgment  and initiative. Makes recommendations for solutions Works within guidelines and takes ownership of results. May act as a mentor to less experienced team members Your Roles and Responsibilities: Field incoming help requests from end users in a courteous manner. Document all pertinent end user identification information, including name, department, contact information, and nature of problem. Build rapport and elicit problem details from help desk customers. Prioritize and schedule problems. Escalate problems, when required, to the appropriate experienced technician. Apply diagnostic utilities to aid in troubleshooting. Access software updates, drivers, knowledge bases, and frequently asked questions resources on the Internet to aid in problem resolution. Identify and learn appropriate software and hardware used and supported by the organization. Install new PCs, both desktop and notebooks, for new and existing users, including hardware setup, software installs, wiring, and training. Other duties as required. This list is not meant to be a comprehensive inventory of all responsibilities assigned to this position Required Qualifications/Skills: Associate's degree (A.A) or equivalent from two-year college or technical school and 5 to 8 years’ related experience and/or training; or equivalent combination of education and experience  Networks with senior internal and external personnel in own area of expertise Demonstrates good judgment in selecting methods and techniques for obtaining solutions Knowledge of basic computer hardware and software Familiarity with desktop and server operating systems Exceptional interpersonal skills, with a focus on rapport-building, listening, and questioning skills Ability to conduct research into a wide range of computing issues as required Ability to present ideas in a user-friendly manner Analytical and problem solving abilities Exceptional customer service orientation Preferred Qualifications:  Knowledge of various operating systems and databases  Knowledge of various programming languages Physical Demand & Work Environment: Must have the ability to perform office-related tasks which may include prolonged sitting or standing Must have the ability to move from place to place within an office environment Must be able to use a computer Must have the ability to communicate effectively  Some positions may require occasional repetitive motion or movements of the wrists, hands, and/or fingers",06/04/2026,Not Specified,"Gurgaon, India",Astreya,https://astreya.wd5.myworkdayjobs.com/en-US/life-at-astreya-opportunities/job/Gurgaon-India/IT-Support-Specialist-III_R0015057,Full time
IT Support Specialist III,"What this Job Entails:  The IT Support Analysts will help in resolving a variety of technical problems.  Scope:  Works on assignments that require considerable judgment  and initiative. Makes recommendations for solutions Works within guidelines and takes ownership of results. May act as a mentor to less experienced team members Your Roles and Responsibilities: Field incoming help requests from end users in a courteous manner. Document all pertinent end user identification information, including name, department, contact information, and nature of problem. Build rapport and elicit problem details from help desk customers. Prioritize and schedule problems. Escalate problems, when required, to the appropriate experienced technician. Apply diagnostic utilities to aid in troubleshooting. Access software updates, drivers, knowledge bases, and frequently asked questions resources on the Internet to aid in problem resolution. Identify and learn appropriate software and hardware used and supported by the organization. Install new PCs, both desktop and notebooks, for new and existing users, including hardware setup, software installs, wiring, and training. Other duties as required. This list is not meant to be a comprehensive inventory of all responsibilities assigned to this position Required Qualifications/Skills: Associate's degree (A.A) or equivalent from two-year college or technical school and 5 to 8 years’ related experience and/or training; or equivalent combination of education and experience  Networks with senior internal and external personnel in own area of expertise Demonstrates good judgment in selecting methods and techniques for obtaining solutions Knowledge of basic computer hardware and software Familiarity with desktop and server operating systems Exceptional interpersonal skills, with a focus on rapport-building, listening, and questioning skills Ability to conduct research into a wide range of computing issues as required Ability to present ideas in a user-friendly manner Analytical and problem solving abilities Exceptional customer service orientation Preferred Qualifications:  Knowledge of various operating systems and databases  Knowledge of various programming languages Physical Demand & Work Environment: Must have the ability to perform office-related tasks which may include prolonged sitting or standing Must have the ability to move from place to place within an office environment Must be able to use a computer Must have the ability to communicate effectively  Some positions may require occasional repetitive motion or movements of the wrists, hands, and/or fingers",06/04/2026,Not Specified,"Tokyo, Japan",Astreya,https://astreya.wd5.myworkdayjobs.com/en-US/life-at-astreya-opportunities/job/Tokyo-Japan/IT-Support-Specialist-III_R0015056,Full time
IT Support Specialist III,"Job Summary We are seeking a dedicated and knowledgeable Technical Support Specialist to join our team. As an End User Support IT Specialist, you will provide on-site and remote technical support for internal end-user software, hardware, and connectivity. We are looking for a driven, self-directed, technical professional who can work both independently and with the broader support team. The End User Support team is singularly focused on delivering a seamless technology experience for all users. The right candidate is capable of quickly and efficiently resolving a wide range of technical issues while providing top-tier customer service to our end users. Responsibilities: Identify, triage, troubleshoot, diagnose, and resolve complex technical problems via in-person, phone, chat, and email-based support channels. Troubleshoot technology issues related to hardware, software, user accounts, trading environments, operating systems, and mobility Fulfill IT hardware requests requiring delivery, setup, or low-level hardware troubleshooting for end users in the office where you’re based. Provide hands-on data center support, including equipment installation, cabling, inventory tracking, and basic troubleshooting. Perform conference room maintenance sweeps and basic troubleshooting. Escalate issues to senior members of the technical support team, infrastructure teams, platform engineering teams, and/or third-party vendors to ensure end-user issues are fixed at their root and do not recur. Provide excellent customer service experiences for all end users, traders, and senior leadership, acting as the end user’s advocate, ensuring their issues are fully fixed and they have an optimal IT experience. Collaborate effectively with both local and remote or distributed team members to accomplish small support tasks and large technical projects. Overtime responsibilities as needed. What we’re looking for: 7+ years of relevant technical support experience in a medium to large, complex, and fast-moving enterprise environment. Advanced knowledge of Windows, macOS, Linux, iOS, Android, networking, and information security topics. Working knowledge of Active Directory, Azure, Intune, DNS, DHCP, Microsoft Exchange, TCP/IP, and VPN. Working knowledge of messaging platforms, telecommunication tools, collaboration tools, and video conferencing (e.g., WebEx, MS Teams, Zoom). Ability to communicate effectively and professionally across all settings to technical and non-technical audiences of all tenure and seniority.",06/04/2026,Not Specified,"Singapore, Singapore",Astreya,https://astreya.wd5.myworkdayjobs.com/en-US/life-at-astreya-opportunities/job/Singapore-Singapore/IT-Support-Specialist-III_R0015055,Full time
Network Operations Engineer II,"Overview We are seeking a Network Operations II professional with a strong background in Network Operations Center (NOC) and datacenter environments. The ideal candidate will have hands-on experience with a variety of network switches and a proven ability to thrive in a fast-paced, dynamic setting. Experience with leading vendors such as Arista, Celestica, Cisco, Nvidia, or Accton is highly preferred.     Responsibilities -        Monitor and maintain network infrastructure across datacenter and NOC environments. -        Troubleshoot and resolve network issues involving switches from multiple vendors (Arista, Celestica, Cisco, Nvidia, Accton). -        Respond to incidents and outages quickly, providing root cause analysis and implementing corrective actions. -        Collaborate with cross-functional teams to support network outages and resolve issues. -        Document network changes, incidents, and resolutions for knowledge sharing and compliance. -        Prioritize and manage multiple tasks simultaneously, ensuring critical issues are addressed promptly. -        Be a resource and provide guidance for fellow team members and peers.     Qualifications -        2+ years of NOC experience in a datacenter or large-scale network environment. -        Strong knowledge of network switches and protocols (Ethernet, TCP/IP, VLANs, etc.). -        Experience with network vendors: Arista, Celestica, Cisco, Nvidia, Accton (preferred). -        Ability to work under pressure in a fast-paced environment, handling multiple priorities. -        Excellent troubleshooting skills and attention to detail. -        Strong communication and documentation skills. -        Familiarity with network monitoring tools and ticketing systems. -        Ability to work independently and as part of a team.     Preferred Skills Certifications: CCNA, CCNP, or equivalent (a plus). Knowledge of datacenter best practices. Ability to multi-task issues and assignments. Salary Range $72,960.00 - $115,200.00 USD (Salary) Please note that the salary information provided herein is base pay only (gross); it does not include other forms of compensation which may or may not apply to this specific position, namely, performance-based bonuses, benefits-related payments, or other general incentives - none of which are guaranteed, may be subject to specific eligibility requirements, and are wholly within the discretion of Astreya to remit. Further, the salary information noted above is a range that consists of a minimum and maximum rate of pay for this specific position. Where an applicant or employee is placed on this range will depend and be contingent on objective, documented work-related considerations like education, experience, certifications, licenses, preferred qualifications, among other factors. Astreya  offers comprehensive  b enefits to all Regular, Full-Time Employees,   including: Medical provided through UHC (PPO, HSA, Surest options) / Medical provided through Kaiser (HMO option only) for California employees only Dental provided through UHC Nationwide Vision provided by UHC Flexible Spending Account for Health & Dependent Care Pre-Tax Account for Commuter Benefit/Parking & Transit (location-specific) Continuing Education and Professional Development via various integrated platforms, e.g. Udemy and Coursera Corporate Wellness Program provided by Goomi Group Employee Assistance Program Wellness Days 401k Plan Basic and Supplemental Life Insurance Short Term & Long Term Disability Critical Illness, Critical Hospital, and Voluntary Accident Insurance Tuition Reimbursement (available 6 months after start date, capped) Paid Time Off (accrued and prorated, maximum of 120 hours annually) Paid Holidays Any other statutory leaves, paid time, or other ancillary benefits required under state and federal law",06/04/2026,Not Specified,"Denver, CO",Astreya,https://astreya.wd5.myworkdayjobs.com/en-US/life-at-astreya-opportunities/job/Denver-CO/Network-Operations-Engineer-II_R0015089,Full time
Wireless Network SME,"What this Job Entails: We are seeking a highly skilled  Wireless Network SME  to lead the design, architecture, optimization, and lifecycle management of enterprise wireless infrastructure across global campuses and mission-critical environments. This role will serve as the technical authority for wireless technologies, partnering with Network Engineering, NOC, and SRE teams to ensure scalable, high-performance, and secure wireless connectivity supporting engineering, research, and business operations. Key Responsibilities Architecture & Design Lead end-to-end wireless network architecture and design for global campuses, labs, and enterprise environments Design high-density Wi-Fi deployments (WiFi 6/6E/7) Conduct predictive and post-deployment RF site surveys Develop global standards for wireless deployment, configuration, and performance optimization Evaluate and implement emerging wireless technologies (e.g., Private 5G, CBRS) Engineering & Optimization Perform RF planning, spectrum analysis, and interference mitigation Optimize wireless performance for high-density user and device environments Develop capacity planning models and scalability strategies Implement wireless QoS strategies to support latency-sensitive applications Operations & Escalation Act as L3/L4 escalation point for complex wireless incidents Partner with NOC teams to define monitoring standards and operational runbooks Collaborate with Network SRE teams on automation, telemetry, and reliability improvements Define wireless SLAs and performance metrics Security & Compliance Implement secure wireless authentication frameworks (802.1X, EAP-TLS, RADIUS, NAC integration) Ensure compliance with enterprise security standards Support network segmentation and zero-trust initiatives Documentation & Governance Develop and maintain high-level and low-level design documentation Drive vendor evaluations and technical RFP processes Establish global wireless design and deployment standards Required Qualifications 8+ years of experience in enterprise wireless networking Deep expertise in WiFi 6 / 6E (WiFi 7 preferred) Strong RF design and spectrum analysis experience Experience supporting large-scale, global enterprise environments Hands-on experience with enterprise wireless platforms (e.g., Cisco, Aruba, Juniper Mist, or equivalent) Strong knowledge of 802.11 standards, 802.1X authentication, RADIUS, and NAC solutions Experience conducting and interpreting RF site surveys (Ekahau or equivalent) Preferred Qualifications CWNP certifications (CWNE, CWDP, CWAP) Experience with Private 5G or CBRS Exposure to automation tools (Python, Ansible, APIs) Salary Range $98,040.00 - $154,800.00 USD (Salary) Please note that the salary information provided herein is base pay only (gross); it does not include other forms of compensation which may or may not apply to this specific position, namely, performance-based bonuses, benefits-related payments, or other general incentives - none of which are guaranteed, may be subject to specific eligibility requirements, and are wholly within the discretion of Astreya to remit. Further, the salary information noted above is a range that consists of a minimum and maximum rate of pay for this specific position. Where an applicant or employee is placed on this range will depend and be contingent on objective, documented work-related considerations like education, experience, certifications, licenses, preferred qualifications, among other factors. Astreya  offers comprehensive  b enefits to all Regular, Full-Time Employees,   including: Medical provided through UHC (PPO, HSA, Surest options) / Medical provided through Kaiser (HMO option only) for California employees only Dental provided through UHC Nationwide Vision provided by UHC Flexible Spending Account for Health & Dependent Care Pre-Tax Account for Commuter Benefit/Parking & Transit (location-specific) Continuing Education and Professional Development via various integrated platforms, e.g. Udemy and Coursera Corporate Wellness Program provided by Goomi Group Employee Assistance Program Wellness Days 401k Plan Basic and Supplemental Life Insurance Short Term & Long Term Disability Critical Illness, Critical Hospital, and Voluntary Accident Insurance Tuition Reimbursement (available 6 months after start date, capped) Paid Time Off (accrued and prorated, maximum of 120 hours annually) Paid Holidays Any other statutory leaves, paid time, or other ancillary benefits required under state and federal law",06/04/2026,Not Specified,"Santa Clara, CA",Astreya,https://astreya.wd5.myworkdayjobs.com/en-US/life-at-astreya-opportunities/job/Santa-Clara-CA/Wireless-Network-SME_R0014901,Full time
Business Analyst II,"Job Description Desired Grade: Consultant Years of relevant experience: 3+ years of relevant experience We are seeking a skilled Business Analyst to join our dynamic team. The ideal candidate will have a strong background in business analysis, with expertise in facilitating requirements gathering and delivering solutions that align with business needs. Experience in Marketing, Sales, or CRM domains is highly desirable. Key Responsibilities 1. Business Analysis and Requirements Management: Conduct requirements gathering sessions, workshops, and interviews with stakeholders and users to determine and document project requirements Design and document solutions that meet business needs, utilizing best practices in financial accounting and ERP systems Collaborate with the System Architect to pinpoint the optimal technical solutions to achieve business goals Clearly and concisely document business requirements using suitable techniques (e.g., data flow diagrams, business case preparation) 2. Planning and Execution: Collaborate with cross-functional teams (Talent, Go-To-Market, Digital Experience) to coordinate and enable strategic initiatives Partner with the Delivery Hub to create comprehensive project plans and timelines, ensuring alignment with overall goals, particularly in cross-cutting areas 3. Stakeholder Engagement and Management: Clearly communicate project updates, risks, and mitigation strategies to stakeholders to ensure transparency and alignment throughout the program Cultivate and sustain strong relationships with stakeholders to facilitate effective collaboration 4. Risk Management and Issue Resolution: Proactively identify project risks and issues Develop mitigation strategies and contingency plans to minimize impact on project timelines and objectives Support issue resolution by coordinating with relevant teams and stakeholders 5. Training and Support: Identify and document training needs for business users affected by integration project changes Coordinate the development and delivery of training materials to ensure a smooth transition Qualifications Education : Bachelor’s degree in Business Administration, Information Systems, Computer Science, or a related field Experience : Minimum of 3-5 years of experience in business analysis or a similar role within software development projects Language Proficiency：Good English communication skills are mandatory, enabling effective work in an English-speaking environment. Technical Skills: Solid understanding of business analysis principles and practices Experience with requirements elicitation and documentation techniques Experience with enterprise application software (especially core systems like ERP, CRM, etc.), with an understanding of how they support and optimize business processes. Proficiency in using business analysis tools and software Soft Skills: Excellent communication and interpersonal skills Strong analytical and problem-solving abilities Ability to collaborate effectively in a cross-functional team environment Proactive, self-motivated, and highly responsible Preferred Qualifications AI Literacy and Experience: Deep understanding of AI (notably Generative AI and Agentic AI) coupled with experience in AI product design or feature development, is a significant plus. Technical Acumen: Understanding of integration projects and familiarity with digital transformation initiatives",06/04/2026,Not Specified,2 Locations,Astreya,https://astreya.wd5.myworkdayjobs.com/en-US/life-at-astreya-opportunities/job/Coimbatore-India/Business-Analyst-II_R0015012,Full time
Program Analyst II,"What this Job Entails:  The Program Analyst II is responsible for ensuring the timely and correct delivery of machines to data centers across the world. The Program Analyst will play an integral role in ensuring that services continue to run and scale along with our customers’ needs. Along with significant execution responsibilities, the Program Analyst will also participate in process sustainability and improvement initiatives, thus playing a key role in program evolution. The Analyst will need to operate on multiple levels in order to be successful; an understanding of weekly schedules and cadences will drive the execution work, but a willingness to absorb context and appreciate the nuances of builds will ensure that the organization's fleet is optimized.  Scope:  Applies company policies and procedures to resolve a variety of issues Works on problems of moderate scope Receives general instructions on routine work and detailed instructions on new projects Your Roles and Responsibilities: Engage in enforcing program process and policies during execution of program analysis services Load program data into Machine Database (“MDB”) and execute changes to orders  Assist in identifying accurate top-level-assembly (“TLA”) part numbers to build orders  Support data management and analysis for any ad-hoc projects as requested  Monitor and track status of builds, identify exceptions, respond to customer inquiries and escalations  Validate orders and load into supply chain execution system, including filing requests for new part numbers for final rack and server assemblies  Triage and communicate to appropriate leader any orders tracking late or customer delivery escalations  Responds to customer inquiries for order status  Triage and communicate to Builds Program Lead of documentation of process gaps and inefficiencies in policies or data flow related to loading builds Assists with orders validated and loaded into the supply chain execution system, including filed requests for new part numbers for final rack and server assemblies.  Help to maintain detailed tracking of all orders to monitor progress against projected delivery schedules  Assist with triage and email communication to appropriate lead of any order tracking  Respond to customer inquiries for order status  Triage and communicate customer delivery escalations to program lead customer delivery  Assist with documentation of process gaps and inefficiencies in policies or data flow related to loading builds  Help to create reports of weekly on results from: program analysis, services provided, including number of builds successfully loaded, number of builds blocked and issues encountered and/or resolved Other duties as required. This list is not meant to be a comprehensive inventory of all responsibilities assigned to this position Required Qualifications/Skills: Bachelor’s degree (B.S/B.A) from four-college or university and 2 to 5 years’ related experience and/or training; or equivalent combination of education and experience  Builds productive internal and external working relationships Exercises judgment within defined procedures and practices to determine appropriate action Very strong attention to detail and demonstrated ability to self-audit  Capacity to execute across multiple platforms and tools  Strong verbal and written communication skills  Ability to work closely to a schedule and report on risks  Microsoft Excel and/or Google spreadsheets experience Preferred Qualifications:  Knowledge of server and machine builds  Strong analytical, problem-solving, negotiation and organizational skills.  Proven project management, interpersonal and communication skills, with high attention to detail  Passion for functioning in an ambiguous and evolving environment.  Familiarity with operations execution  Understanding of project management  Physical Demand & Work Environment: Must have the ability to perform office-related tasks which may include prolonged sitting or standing Must have the ability to move from place to place within an office environment Must be able to use a computer Must have the ability to communicate effectively  Some positions may require occasional repetitive motion or movements of the wrists, hands, and/or fingers",06/04/2026,Not Specified,"Remote, Mexico",Astreya,https://astreya.wd5.myworkdayjobs.com/en-US/life-at-astreya-opportunities/job/Remote-Mexico/Program-Analyst-II_R0014967,Full time
Data Center Technician III,"What this Job Entails:  The Data Center Technician III is responsible for the installation of hardware into racks, asset tagging and scanning, cabling, data center maintenance, documenting processes and server installations. Scope:  Works on assignments that require considerable judgment  and initiative. Makes recommendations for solutions Works within guidelines and takes ownership of results. May act as a mentor to less experienced team members. Your Roles and Responsibilities: Responsible for installing, moving, and decommissioning hardware including cabinets, shelves, power strips, rails, fiber/copper/other cables and cable management, servers, storage, and other devices in the Data Center.  Confirm and label devices, rack and cables. Work in a standard ticketing system, providing clear, timely, and appropriate customer communications. Work under the direction of Site Operations Supervisor and/or Operations Manager) and follow Standard Operating Procedures (SOPs), Program Policies, Safety Policies, and Security Policies, while meeting requirements for quality and quantity of work. Other duties as required. This list is not meant to be a comprehensive inventory of all responsibilities assigned to this position Required Qualifications/Skills: High school diploma or general education degree (GED) and 5 to 8 years’ related experience and/or training; or equivalent combination of education and experience Networks with senior internal and external personnel in own area of expertise Demonstrates good judgment in selecting methods and techniques for obtaining solutions Excellent verbal and written communication skills in English Ability to respond to any On-Call request within 1 hour, while on-call.  Experience cabling systems (power/copper/fiber/other) correctly based on ticket requirements and SOP standards  Experience working with CAT5e and CAT6 copper cable and multi-mode and single-mode fiber Proven ability to adapt to changing priorities, conditions, and circumstances  Strong organization skills Working knowledge of computer hardware  Understanding of networking components and infrastructures  Knowledge of copper and fiber testers Excellent troubleshooting skills Understanding of Data Center best practices (i.e. basic fault tolerance, cable routing, calculating power usage)  Experience with cable management and knowledge of how to run fiber and copper in a data center  Knowledge of Data-Center electrical, HVAC, and bandwidth infrastructures as well as fiber/copper topologies  Able to operate material handling equipment – server lifts, pallet jacks, and forklifts (if certified)  Proficiency working with standard desktop PC tools and applications, such as MS Office, MS Outlook, web browsers, etc.  Ability to learn new software Must provide own transportation to work locations  Preferred Qualifications:  Certifications in Data Center technologies are desired  Hands on experience in electrical, HVAC, and data center infrastructures Working knowledge of networking components and infrastructures, including Wi-Fi Physical Demand & Work Environment: Physically assist in moving and racking equipment.  Able to safely lift and move a minimum of fifty (50) pounds  Must have the ability to perform office-related tasks which may include prolonged sitting or standing Must have the ability to move from place to place within an office environment Must be able to use a computer Must have the ability to communicate effectively  Some positions may require occasional repetitive motion or movements of the wrists, hands, and/or fingers Salary Range $28.76 - $45.40 USD (Hourly) Please note that the salary information provided herein is base pay only (gross); it does not include other forms of compensation which may or may not apply to this specific position, namely, performance-based bonuses, benefits-related payments, or other general incentives - none of which are guaranteed, may be subject to specific eligibility requirements, and are wholly within the discretion of Astreya to remit. Further, the salary information noted above is a range that consists of a minimum and maximum rate of pay for this specific position. Where an applicant or employee is placed on this range will depend and be contingent on objective, documented work-related considerations like education, experience, certifications, licenses, preferred qualifications, among other factors. Astreya  offers comprehensive  b enefits to all Regular, Full-Time Employees,   including: Medical provided through UHC (PPO, HSA, Surest options) / Medical provided through Kaiser (HMO option only) for California employees only Dental provided through UHC Nationwide Vision provided by UHC Flexible Spending Account for Health & Dependent Care Pre-Tax Account for Commuter Benefit/Parking & Transit (location-specific) Continuing Education and Professional Development via various integrated platforms, e.g. Udemy and Coursera Corporate Wellness Program provided by Goomi Group Employee Assistance Program Wellness Days 401k Plan Basic and Supplemental Life Insurance Short Term & Long Term Disability Critical Illness, Critical Hospital, and Voluntary Accident Insurance Tuition Reimbursement (available 6 months after start date, capped) Paid Time Off (accrued and prorated, maximum of 120 hours annually) Paid Holidays Any other statutory leaves, paid time, or other ancillary benefits required under state and federal law",06/04/2026,Not Specified,2 Locations,Astreya,https://astreya.wd5.myworkdayjobs.com/en-US/life-at-astreya-opportunities/job/Seattle-WA/Data-Center-Technician-III_R0014977,Full time
Project & Program Management IV,"What this Job Entails:  The Project & Program Management IV role is responsible for planning and coordinating all aspects of internal information, system-specific projects from initiation to delivery. Projects often involve network, server, or software implementation and upgrades, and PC deployment. The role coordinates work performed by IT staff and internal customers/partners by defining project requirements, performing feasibility and needs/impact assessments. The role develops detailed project plans and manages all implementation processes including resource allocation, progress tracking, monitoring change control process, testing, documentation, training and on-time delivery within budget constraints. Projects may vary in number, size and complexity.  Scope:  Uses professional concepts and company objectives to resolve complex issues in creative and effective ways Works on complex issues where analysis of situations or data requires an in-depth evaluation of variable factors Your Roles and Responsibilities: Manage multiple, complex, cross-functional and technical projects.  Partner with functional teams during initiation, plan, design, procurement, deployment, and post deployment phases.  Responsible for managing/tracking program milestones, timeline, and overall deliverables.  Lead creation and maintenance of comprehensive project documentation including schedules, reviews, process documents, risk analysis, etc.  Take a leadership role in defining project scope and objectives, involving all relevant stakeholders and ensuring technical feasibility.  Participate in driving project lifecycle milestones from concept commit through project closure and advocate change management.  Use metrics and KPIs to measure project performance using appropriate tools and techniques, and provide regular status updates.  Responsible for internal process improvements; remove gaps, across multiple teams and functions.  Ensure risks are accounted for and provide risk mitigation strategies.  Primary project point of contact for vendor partners and internal stakeholders.  Coordinate and manage regularly scheduled meetings with core teams.  Evaluate post project results against metrics; recommend or implement changes to improve delivery practices/processes.  Other duties as required. This list is not meant to be a comprehensive inventory of all responsibilities assigned to this position. Required Qualifications/Skills: B achelor’s degree (B.S/B.A) from four-college or university and 8+ years’ related experience and/or training; or equivalent combination of education and experience  Networks with key contacts outside own area of expertise Determines methods and procedures on new assignments and may coordinate activities of other personnel Experience working with project management teams, resolving conflict, and meeting schedule timelines Excellent communication skills (verbal, written, documentation) Ability to work on multiple projects and assignments concurrently Self-starter who is able to quickly learn new tools and gain familiarity with new processes and technologies with minimal assistance In-depth experience creating spreadsheets, presentation material, and project/process documentation Strong observational and analytical skills, including: ability to collect, organize, analyze and disseminate significant amounts of information, strong attention to detail and accuracy, ability to track and report metrics, and manage risks Proven ability to collaborate with stakeholders and communicate project updates to client executives.  Various certifications Change management knowledge  Familiarity with various project management methodologies  Preferred Qualifications:  Physical Demand & Work Environment: Must have the ability to perform office-related tasks which may include prolonged sitting or standing Must have the ability to move from place to place within an office environment Must be able to use a computer Must have the ability to communicate effectively  Some positions may require occasional repetitive motion or movements of the wrists, hands, and/or fingers",06/04/2026,Not Specified,"Oakland, CA",Astreya,https://astreya.wd5.myworkdayjobs.com/en-US/life-at-astreya-opportunities/job/Oakland-CA/Project---Program-Management-IV_R0014974,Full time
Data Analyst II,"What this Job Entails: We are looking for a Data Analyst II to join our growing team of analytics experts. The hire will be responsible for statistical modeling, and analysis of structured and unstructured datasets to develop metrics, reports, and visualizations of trends and patterns. The Data Analyst identifies and captures data from internal and external sources. The Data Analyst will ensure consistency throughout ongoing projects.  Scope:  Uses professional concepts and company objectives to resolve complex issues in creative and effective ways Works on complex issues where analysis of situations or data requires an in-depth evaluation of variable factors Your Roles and Responsibilities: Create data visualizations  Troubleshoot and test database technical issues with development team Create monthly Excel and Google Sheets files from database Independently analyze data sets to identify opportunities for increased accuracy and efficiency Perform quality assurance on data to determine potential data gaps Handle data-related technical issues and support data infrastructure needs Assemble large, complex data sets that meet functional / non-functional business  Work with data and analytics experts to strive for greater functionality in our data systems. Other duties as required. This list is not meant to be a comprehensive inventory of all responsibilities assigned to this position Required Qualifications/Skills: Bachelor’s degree (B.S/B.A) from four-college or university and 2 to 5 years’ related experience and/or training; or equivalent combination of education and experience  Builds productive internal and external working relationships Exercises judgment within defined procedures and practices to determine appropriate action SQL skills; including creating and modifying macros, as well as creating dashboards using SQL coding Excellent written communication skills  High level of attention to detail Advanced Excel skills to include; formulas, functions, pivot tables, lookup and reference formulas (i.e. vlookups), statistical formulas (countifs, sumifs), macros (ability to create new and edit existing), conditional formatting, importing data, creating graphs/charts, etc.  Ability to independently analyze large amounts of data; including the ability to identify, analyze, and interpret trends, gaps, patterns in complex data sets Mandatory Skills: SQL JavaScript BI Dashboarding (building insights) XML/JSON Mandatory Experience: Data Analysis Supply Chain Preferred Skills: Python Preferred Experience: Cloud Operations Cloud Demand/Supply Planning Preferred Qualifications:  Experience using Google PLX Dashboards Physical Demand & Work Environment: Must have the ability to perform office-related tasks which may include prolonged sitting or standing Must have the ability to move from place to place within an office environment Must be able to use a computer Must have the ability to communicate effectively  Some positions may require occasional repetitive motion or movements of the wrists, hands, and/or fingers",06/04/2026,Not Specified,"Remote, Mexico",Astreya,https://astreya.wd5.myworkdayjobs.com/en-US/life-at-astreya-opportunities/job/Remote-Mexico/Data-Analyst-II_R0014988,Full time
Data Engineer,"Years of experience:  5 to 10  years Focus:  Reliability, Automation, and Data Quality. The Engineer turns the architect's blueprint into a working, automated reality. Key Responsibilities: Build and maintain  ETL/ELT pipelines  to move data from source to storage. Implement automated data quality testing and observability alerts. Optimize data storage formats (e.g., Parquet, Delta Lake) for high-speed querying. Manage  CI/CD pipelines  for data code deployment. Create interactive visualizations with actionable insights by persona Deliverables:  Production-ready optimized data pipelines, Cleaned  datasets, interactive & intelligent dashboards. Tech Stack - AWS Data Ingestion & Processing :  AWS API Gateway, AWS Lambda, AWS Glue ETL, AWS Glue Crawler Data Storage & Analytics :  Amazon S3, Amazon Redshift (Data Warehouse), Amazon Athena Governance & Security :  AWS Lake Formation, AWS IAM, AWS CloudTrail, Amazon CloudWatch AI & Analytics :  AWS Bedrock Visualization :   Amazon QuickSight  Visa Requirement:  USA Work Visa - H1B / H4 with EAD with a minimum validity of 2 years Salary Range $132,240.00 - $208,800.00 USD (Salary) Please note that the salary information provided herein is base pay only (gross); it does not include other forms of compensation which may or may not apply to this specific position, namely, performance-based bonuses, benefits-related payments, or other general incentives - none of which are guaranteed, may be subject to specific eligibility requirements, and are wholly within the discretion of Astreya to remit. Further, the salary information noted above is a range that consists of a minimum and maximum rate of pay for this specific position. Where an applicant or employee is placed on this range will depend and be contingent on objective, documented work-related considerations like education, experience, certifications, licenses, preferred qualifications, among other factors. Astreya  offers comprehensive  b enefits to all Regular, Full-Time Employees,   including: Medical provided through UHC (PPO, HSA, Surest options) / Medical provided through Kaiser (HMO option only) for California employees only Dental provided through UHC Nationwide Vision provided by UHC Flexible Spending Account for Health & Dependent Care Pre-Tax Account for Commuter Benefit/Parking & Transit (location-specific) Continuing Education and Professional Development via various integrated platforms, e.g. Udemy and Coursera Corporate Wellness Program provided by Goomi Group Employee Assistance Program Wellness Days 401k Plan Basic and Supplemental Life Insurance Short Term & Long Term Disability Critical Illness, Critical Hospital, and Voluntary Accident Insurance Tuition Reimbursement (available 6 months after start date, capped) Paid Time Off (accrued and prorated, maximum of 120 hours annually) Paid Holidays Any other statutory leaves, paid time, or other ancillary benefits required under state and federal law",06/04/2026,Not Specified,"San Ramon, CA",Astreya,https://astreya.wd5.myworkdayjobs.com/en-US/life-at-astreya-opportunities/job/San-Ramon-CA/Data-Engineer_R0014938,Full time
Software Engineer V - Solution Architect,"We are looking for a Solution Architect for a major utility provider’s Enterprise Strategy & Architecture group. Reporting to the Lead Enterprise Architect, the successful candidate in the role will be a Master Planner with a big picture mindset responsible for turning the architecture vision for the business domains into reality by: ·       Developing thorough understanding of the business processes, application portfolio and underlying IT infrastructure ·       Suggesting technology needs to enable business maturity and help prioritize the right investments ·       Create business architecture models to help connect business vision, goals and outcomes to corresponding technology implementation roadmaps ·       Owning the architecture of a portfolio of applications ·       Create enterprise strategy in alignment with PG&E’s True North Strategy Goals ·       Helping build and maintain prioritized portfolio backlogs for business features and foundational or shared capabilities ·       Enabling and empowering execution teams by delivering reusable architecture patterns, architecture building blocks, reference architecture, implementation best practices, and architecture decision frameworks ·       Coaching, mentoring, and guiding the implementation teams throughout the value chain ·       Collaborating with several teams within Business and IT on a regular basis The successful candidate will have strong experience with diverse set of technologies and platforms with deep expertise in at least a few, highly analytical, and project management skills. You should also have strong leadership, communication, and interpersonal skills. Experience working with or in the utility industry is highly desirable but not required. This position is hybrid, working from your remote office and in Oakland, CA approximately 1 - 2 days per week, or more, based on business needs. Job Responsibilities ·       Partner with senior business and IT leadership to develop technology roadmaps for Integrated Planning, Project & Portfolio Management domains ·       This role will lead end-end Strategy across Integrated Planning, PPM, Engineering & Estimating and Work Management ·       Collaborate with business to enable their future goals by leveraging appropriate technologies for these portfolios ·       Assess current IT application environment for asset and risk domain and develop future IT target architecture. ·       Lead vendor assessments, support RFPs, and application rationalization efforts. ·       Support IT strategic planning and portfolio modernization process. ·       Coordinate roadmaps across enterprise groups to manage conflicts, redundancies, and interdependencies. ·       Collaborate with domain enterprise architects to ensure strategies, standards, design patterns, and roadmaps are consistent and integrated. ·       Support project delivery and provide enterprise architecture view to support solution designs. ·       Stay updated with developments in AI, edge computing, and other emerging industry segments. ·       Be a self-starter, able to solve complex issues with cross-functional teams, and thrive in a fast-moving, agile environment. Qualifications Minimum: BA/BS degree in Computer Science, Eng. or a related subject or equivalent 7+ years of Enterprise Architecture experience, designing & delivering enterprise technology solutions in the Application Development, Integration Platforms, and Cybersecurity. Desired: ·       Experience in Utilities with focus areas such as: Integrated Planning, PPM, Engineering & Estimating and Work Management ·       Master’s degree in computer science, Engineering, Business, or a related field ·       Architecture implementation experience with technologies in SAP, P6, Engineering & Estimating tools, Enterprise Reporting and Analytics specific to Integrated Planning and PPM domains ·       Excellent Communication and Interpersonal skills. High-energy, passionate, and positive outlook with strong sense of ownership ·       Familiarity with diverse application development technologies and platforms ·       Good understanding of business and data architecture, business capability mapping, and business process reengineering ·       Solution architecture and project implementation experience ·       Relevant architecture certification such as TOGAF",06/04/2026,Not Specified,"San Ramon, CA",Astreya,https://astreya.wd5.myworkdayjobs.com/en-US/life-at-astreya-opportunities/job/San-Ramon-CA/Software-Engineer-V---Solution-Architect_R0014972,Full time
IT Infrastructure Installation Services II,"What this Job Entails: The Network Deployment Engineer II will design, develop, build and test systems and products based on optic, photonic and laser technologies. The position will interact with device, hardware and software design teams to assist in overall development of optical systems. The position will be responsible for specifying, selecting and qualifying active and passive optical components. The role will also assist with developing and benchmarking system performance models, developing and assisting with implementing test procedures and/or evaluating and selecting appropriate test instrumentation. Scope:  Applies company policies and procedures to resolve a variety of issues Works on problems of moderate scope Receives general instructions on routine work and detailed instructions on new projects Your Roles and Responsibilities: Deploy, configure, and support a large-scale production and corporate network and server infrastructure in data centers and Point of Presence (POP) sites throughout the assigned region Calculate and document equipment power requirements and work with Engineering, Facilities Operations, and/or collocation vendors to meet these requirements Participate in project timelines to support network turn-up within expected completion intervals Responsible for asset management of networking gear in datacenter and POP sites Proactively contribute to documentation, automation and processes as they evolve Create network and server rack face elevations, floor plans, wiring diagrams, and detailed port maps for new deployments and documentation Create statements of work for vendors at the POP sites Prepare cage and rack designs, and understand the overall needs of POP infrastructure Document and follow RMA processes and procedures for all relevant vendors Follow, improve, and implement data center and POP best practices Provide necessary escalations to higher support tier; assist Sales and Customer Support with technical operations, and work with internal departments to ensure customer satisfaction Work closely with Network Engineering, Logistics, and equipment vendors as new equipment and technologies are integrated into the production network Use internal tools and scripts to configure, monitor, and repair servers and network equipment Detect and diagnose various error/failure conditions across an array of server types Other duties as required. This list is not meant to be a comprehensive inventory of all responsibilities assigned to this position Required Qualifications/Skills: Bachelor’s degree (B.S/B.A) from four-college or university and 2 to 5 years’ related experience and/or training; or equivalent combination of education and experience  Builds productive internal and external working relationships Exercises judgment within defined procedures and practices to determine appropriate action Must have an understanding of data center network architecture and common issues related to data center networks Knowledgeable in data center practices (i.e. cable routing, calculating power usage and cooling) Experience with field-based work in POPs, carrier hotels, or central office environments Experience with enterprise and service provider network hardware platforms and architectures, including data center switching platforms Must have a sound and in-depth understanding of IP technologies such as MPLS, BGP, RSVP-TE, IS-IS Basic understanding of transmission technology and circuit troubleshooting techniques Solid understanding of fiber-optic technology including cable types, connector types, optic types, patch panels, and optical transport technologies Proficiency in various operating systems Ability to capture and analyze traffic Solid understanding of queue management for tasks and incidents, vendor engagement, and escalation and participation in ongoing POPs deployment projects Demonstrated ability to analyze complex situations and utilize troubleshooting skills, systems and tools, and creative problem solving abilities under pressure Excellent communication skills Experience in dealing with service providers and colocation facilities around the world Ability to work within a global team in a fast-paced and dynamic environment with limited supervision Strong attention to detail with excellent time management and organization skills 20% to 50% of travel required Preferred Qualifications:  Understanding of various scripting languages is strongly desired Certification such as CCNA, JNCIA, RHCT, or equivalent experience Physical Demand & Work Environment: Must have the ability to lift/move 30-40 lbs. Must have the ability to perform office-related tasks which may include prolonged sitting or standing Must have the ability to move from place to place within an office environment Must be able to use a computer Must have the ability to communicate effectively  Some positions may require occasional repetitive motion or movements of the wrists, hands, and/or fingers Salary Range $72,960.00 - $115,200.00 USD (Salary) Please note that the salary information provided herein is base pay only (gross); it does not include other forms of compensation which may or may not apply to this specific position, namely, performance-based bonuses, benefits-related payments, or other general incentives - none of which are guaranteed, may be subject to specific eligibility requirements, and are wholly within the discretion of Astreya to remit. Further, the salary information noted above is a range that consists of a minimum and maximum rate of pay for this specific position. Where an applicant or employee is placed on this range will depend and be contingent on objective, documented work-related considerations like education, experience, certifications, licenses, preferred qualifications, among other factors. Astreya  offers comprehensive  b enefits to all Regular, Full-Time Employees,   including: Medical provided through UHC (PPO, HSA, Surest options) / Medical provided through Kaiser (HMO option only) for California employees only Dental provided through UHC Nationwide Vision provided by UHC Flexible Spending Account for Health & Dependent Care Pre-Tax Account for Commuter Benefit/Parking & Transit (location-specific) Continuing Education and Professional Development via various integrated platforms, e.g. Udemy and Coursera Corporate Wellness Program provided by Goomi Group Employee Assistance Program Wellness Days 401k Plan Basic and Supplemental Life Insurance Short Term & Long Term Disability Critical Illness, Critical Hospital, and Voluntary Accident Insurance Tuition Reimbursement (available 6 months after start date, capped) Paid Time Off (accrued and prorated, maximum of 120 hours annually) Paid Holidays Any other statutory leaves, paid time, or other ancillary benefits required under state and federal law",06/04/2026,Not Specified,"Remote, TX",Astreya,https://astreya.wd5.myworkdayjobs.com/en-US/life-at-astreya-opportunities/job/Remote-TX/IT-Infrastructure-Installation-Services-II_R0014681,Full time
Network Provisioning Engineer II,"What this Job Entails: The Network Provisioning Engineer II is the focal point for all internal and external orders required to maintain the network. This position requires the ability to work independently with a high level of accuracy and attention to details. Scope:  Applies company policies and procedures to resolve a variety of issues Works on problems of moderate scope Receives general instructions on routine work and detailed instructions on new projects Your Roles and Responsibilities: Participate in implementation of various software services  Review ticket requirements, reserving router interface, assigning patch panel demarcation, designing path, track FOC and DLR, requesting patching between equipment, and ordering cross-connects Track milestones and proactively drive any activities that may jeopardize orders from completing on time Provide thorough and timely status throughout the entire implementation life cycle in the tracking system; including communicating vendor provisioning/install lead times Document service requests, escalate as needed, and provide timely and accurate updates Design, provision, and test delivered services to ensure quality hand-off to internal customers Expedite and escalate issues when necessary to ensure timely delivery of services Prioritize projects, manage and direct activities to deliver connectivity within project schedule Communicate and collaborate with internal customers, stakeholders and network carriers Participate in metrics development and operational reporting/reviews Support planned systems maintenance activity while minimizing impact to services Read and comprehend vendor specific requirements  Other duties as required. This list is not meant to be a comprehensive inventory of all responsibilities assigned to this position Required Qualifications/Skills: Bachelor’s degree (B.S/B.A) from four-college or university and 2 to 5 years’ related experience and/or training; or equivalent combination of education and experience  Builds productive internal and external working relationships Exercises judgment within defined procedures and practices to determine appropriate action Experience with basic telecommunications practices, terminologies, and interfaces  Knowledge of cable throughput and transit distances Understanding of telecommunications industry in a switched network provisioning environment Familiarity with DS1, DS3, and DS0’s circuits Knowledge of Access Server Request (ASR) to local carriers Understanding of provisioning network bandwidth for IP transit, fiber, voice and wavelength services Preferred Qualifications:  Network Certification Various coding experience Physical Demand & Work Environment: Must have the ability to perform office-related tasks which may include prolonged sitting or standing Must have the ability to move from place to place within an office environment Must be able to use a computer Must have the ability to communicate effectively  Some positions may require occasional repetitive motion or movements of the wrists, hands, and/or fingers",06/04/2026,Not Specified,"London, United Kingdom",Astreya,https://astreya.wd5.myworkdayjobs.com/en-US/life-at-astreya-opportunities/job/London-United-Kingdom/Network-Provisioning-Engineer-II_R0014953,Full time
Network Provisioning Engineer II,"What this Job Entails: The Network Provisioning Engineer II is the focal point for all internal and external orders required to maintain the network. This position requires the ability to work independently with a high level of accuracy and attention to details. Scope:  Applies company policies and procedures to resolve a variety of issues Works on problems of moderate scope Receives general instructions on routine work and detailed instructions on new projects Your Roles and Responsibilities: Participate in implementation of various software services  Review ticket requirements, reserving router interface, assigning patch panel demarcation, designing path, track FOC and DLR, requesting patching between equipment, and ordering cross-connects Track milestones and proactively drive any activities that may jeopardize orders from completing on time Provide thorough and timely status throughout the entire implementation life cycle in the tracking system; including communicating vendor provisioning/install lead times Document service requests, escalate as needed, and provide timely and accurate updates Design, provision, and test delivered services to ensure quality hand-off to internal customers Expedite and escalate issues when necessary to ensure timely delivery of services Prioritize projects, manage and direct activities to deliver connectivity within project schedule Communicate and collaborate with internal customers, stakeholders and network carriers Participate in metrics development and operational reporting/reviews Support planned systems maintenance activity while minimizing impact to services Read and comprehend vendor specific requirements  Other duties as required. This list is not meant to be a comprehensive inventory of all responsibilities assigned to this position Required Qualifications/Skills: Bachelor’s degree (B.S/B.A) from four-college or university and 2 to 5 years’ related experience and/or training; or equivalent combination of education and experience  Builds productive internal and external working relationships Exercises judgment within defined procedures and practices to determine appropriate action Experience with basic telecommunications practices, terminologies, and interfaces  Knowledge of cable throughput and transit distances Understanding of telecommunications industry in a switched network provisioning environment Familiarity with DS1, DS3, and DS0’s circuits Knowledge of Access Server Request (ASR) to local carriers Understanding of provisioning network bandwidth for IP transit, fiber, voice and wavelength services Preferred Qualifications:  Network Certification Various coding experience Physical Demand & Work Environment: Must have the ability to perform office-related tasks which may include prolonged sitting or standing Must have the ability to move from place to place within an office environment Must be able to use a computer Must have the ability to communicate effectively  Some positions may require occasional repetitive motion or movements of the wrists, hands, and/or fingers",06/04/2026,Not Specified,"Singapore, Singapore",Astreya,https://astreya.wd5.myworkdayjobs.com/en-US/life-at-astreya-opportunities/job/Singapore-Singapore/Network-Provisioning-Engineer-II_R0014951,Full time
Service Desk Specialist lll,"What this Job Entails:  The Service Desk Specialist III will support one of Astreya’s key clients. The role will be responsible for troubleshooting desktop/computer and mobile device hardware and software issues while striving to deliver excellent customer service to the end-user. You need to be an eager learner and put the learning to practice in-line with company and client policies and procedures. Scope:  Resolves a wide range of issues in creative ways Seasoned, experienced professional with a full understanding of their specialty Works on problems of a diverse scope  Receives little instruction on day to day work, general instruction on new assignments Your Roles and Responsibilities: Use of ServiceNow to track customer issues from initial diagnosis, through troubleshooting, and into resolution or escalation. Aid with computer and mobile hardware and software, printing, office products, electronic messaging and audio-visual technology.   Conduct troubleshooting using documented procedures and available tools as well as your own independent research. Act as customer advocate/liaison to other support staff. Initiate escalations as appropriate to ensure management is aware of problems that are severe in nature or that exceed documented targets. Install and configure Computer and Mobile hardware and software in accordance with published policies/procedures. Deploy and recover computer and peripheral equipment. Install, configure, and support hardware, software and peripherals to end user devices. Perform IT-related Move/Add/Change duties for all employees. Perform IT-related setup, support, and breakdown for large meetings or convenings. Track IT hardware assets and their respective configurations for potential reuse or retirement. Create and document routine IT processes and procedures. Balance the demands of daily and routine assignments with long-term projects. Develop strong relationships with internal customers, vendors, affiliates, and peers. Maintain physical presence at designated service locations to support the employee base. Other duties as required. This list is not meant to be a comprehensive inventory of all responsibilities assigned to this position Required Qualifications/Skills: Minimum 3-5 years of Service Desk/IT Help Desk experience in an enterprise environment. Demonstrates sound judgment in selecting methods and techniques for obtaining solutions Ability to work independently with minimal supervision Proactive and curious mindset Excellent coordination skills and a team player Ability to identify issues and escalate as needed Strong professional interpersonal and customer service skills Ability to resolve technical issues under pressure Demonstrated clear and effective verbal & written communication skills. Excellent Customer Service experience and follow through with attention to detail. Expertise with Windows operating system, Office 365 suite and other Microsoft applications and  toolsets. Experience troubleshooting hardware and software for Android and iPhone devices in a professional office environment. Experience with mobile phone provisioning and set up in a professional office environment.  Experience using an IT Knowledge Base and ticketing system, preferably ServiceNow. Experience applying ITSM best practices to Incident and Service Requests management. Knowledge of Entra ID. Preferred Qualifications:  Apple Device Certification, Windows certifications, KCS certification, CompTIA A+, ServiceNow training and certification, and/or other relevant certification or training. Experience utilizing AI platforms such as Microsoft Copilot or ChatGPT in your daily work and within support scenarios with end users. Working knowledge in the use of audio-visual equipment. Physical Demand & Work Environment: Must have the ability to perform office-related tasks which may include prolonged sitting or standing Must have the ability to move from place to place within an office environment Must be able to use a computer Must have the ability to communicate effectively  Some positions may require occasional repetitive motion or movements of the wrists, hands, and/or fingers",06/04/2026,Not Specified,"Remote, India",Astreya,https://astreya.wd5.myworkdayjobs.com/en-US/life-at-astreya-opportunities/job/Remote-India/Service-Desk-Specialist-lll_R0014328,Full time
Data Architect,"Years of experience:  12 to 15 years Focus:  Strategy, Security, Governance, and Scalability. The Architect ensures the pipeline is secure, cost-efficient, and meets enterprise standards. Key Responsibilities: Design the end-to-end  logical and physical data architecture . Define  Data Governance  policies and metadata management strategies. Select the cloud service tiers to balance performance with  cost optimization . Data Contracts  to ensure seamless handoffs between engineering and science. Deliverables:  High-Level Design (HLD) documents, Data Lineage Maps, Security & Compliance Audits. Tech Stack - AWS Data Ingestion & Processing :  AWS API Gateway, AWS Lambda, AWS Glue ETL, AWS Glue Crawler Data Storage & Analytics :  Amazon S3, Amazon Redshift (Data Warehouse), Amazon Athena Governance & Security :  AWS Lake Formation, AWS IAM, AWS CloudTrail, Amazon CloudWatch AI & Analytics :  AWS Bedrock Infrastructure & Architecture :  AWS CloudFormation, Data Modeling Tools (SQLDBM or similar) Visa Requirement:  Preferred USA B1 Business Visa with a minimum validity of 2 years",06/04/2026,Not Specified,"Remote, India",Astreya,https://astreya.wd5.myworkdayjobs.com/en-US/life-at-astreya-opportunities/job/Remote-India/Data-Architect_R0014936,Full time
Data Engineer,"Years of experience:  8 to 10  years Focus:  Reliability, Automation, and Data Quality. The Engineer turns the architect's blueprint into a working, automated reality. Key Responsibilities: Build and maintain  ETL/ELT pipelines  to move data from source to storage. Implement automated data quality testing and observability alerts. Optimize data storage formats (e.g., Parquet, Delta Lake) for high-speed querying. Manage  CI/CD pipelines  for data code deployment. Create interactive visualizations with actionable insights by persona Deliverables:  Production-ready optimized data pipelines, Cleaned datasets, interactive & intelligent dashboards. Tech Stack - AWS Data Ingestion & Processing :  AWS API Gateway, AWS Lambda, AWS Glue ETL, AWS Glue Crawler Data Storage & Analytics :  Amazon S3, Amazon Redshift (Data Warehouse), Amazon Athena Governance & Security :  AWS Lake Formation, AWS IAM, AWS CloudTrail, Amazon CloudWatch AI & Analytics :  AWS Bedrock Visualization :   Amazon QuickSight Visa Requirement:  Preferred USA B1 Business Visa with a minimum validity of 2 years",06/04/2026,Not Specified,"Remote, India",Astreya,https://astreya.wd5.myworkdayjobs.com/en-US/life-at-astreya-opportunities/job/Remote-India/Data-Engineer_R0014937,Full time
Project & Program Management I,"What this Job Entails:  This Project & Program Management I role is responsible for coordinating and executing projects from initiation to delivery. Projects involve data center networking coordination where projects may vary in number, size and complexity. We are looking for a highly detail-oriented and self-motivated individual to solve problems and prioritize on-time delivery. Scope:  Executing projects from end-to-end Resolve problems or escalate in a timely manner Tracking a high volume of projects and project issues simultaneously Escalating & tracking various project blockers Your Roles and Responsibilities: Manages cross-functional and technical projects.  Be a point of contact for vendor partners and internal stakeholders.  Responsible for managing/tracking program milestones, timeline, and overall deliverables.  Ensure risks are accounted for and provide risk mitigation strategies.  Partner with functional teams during initiation, deployment, and post deployment phases. Assist with regularly scheduled meetings with core teams.   Help with internal process improvements; remove gaps, across multiple teams and functions.  Assist with using metrics and KPIs to measure project performance using appropriate tools and techniques, and provide regular status updates.  Assist with evaluation of post project results against metrics; recommend or implement changes to improve delivery practices/processes.  Other duties as required. This list is not meant to be a comprehensive inventory of all responsibilities assigned to this position. Required Qualifications/Skills: Bachelor’s degree (B.S/B.A) from four-college or university and 0 to 2 years’ related experience and/or training; or equivalent combination of education and experience  Builds stable working relationships internally Follows standard practice and procedures when analyzing situations or data Understanding of project management teams, resolving conflict, and meeting schedule timelines Excellent communication skills (verbal, written, documentation) Ability to work on multiple projects and assignments concurrently Self-starter who is able to quickly learn new tools and gain familiarity with new processes and technologies with minimal assistance Familiarity with creating spreadsheets, presentation material, and project/process documentation Strong observational and analytical skills, including: ability to collect, organize, analyze and disseminate significant amounts of information, strong attention to detail and accuracy, ability to track and report metrics, and manage risks Ability to collaborate with stakeholders and communicate project updates to client executives.  Preferred Qualifications:  Various certifications Change management knowledge  Familiarity with various project management methodologies  Physical Demand & Work Environment: Must have the ability to perform office-related tasks which may include prolonged sitting or standing Must have the ability to move from place to place within an office environment Must be able to use a computer Must have the ability to communicate effectively",06/04/2026,Not Specified,"Remote, India",Astreya,https://astreya.wd5.myworkdayjobs.com/en-US/life-at-astreya-opportunities/job/Remote-India/Project---Program-Management-I_R0014726,Full time
IT Infrastructure Installation Services II,"What this Job Entails: The Network Deployment Engineer II will design, develop, build and test systems and products based on optic, photonic and laser technologies. The position will interact with device, hardware and software design teams to assist in overall development of optical systems. The position will be responsible for specifying, selecting and qualifying active and passive optical components. The role will also assist with developing and benchmarking system performance models, developing and assisting with implementing test procedures and/or evaluating and selecting appropriate test instrumentation. Scope:  Applies company policies and procedures to resolve a variety of issues Works on problems of moderate scope Receives general instructions on routine work and detailed instructions on new projects Your Roles and Responsibilities: Deploy, configure, and support a large-scale production and corporate network and server infrastructure in data centers and Point of Presence (POP) sites throughout the assigned region Calculate and document equipment power requirements and work with Engineering, Facilities Operations, and/or collocation vendors to meet these requirements Participate in project timelines to support network turn-up within expected completion intervals Responsible for asset management of networking gear in datacenter and POP sites Proactively contribute to documentation, automation and processes as they evolve Create network and server rack face elevations, floor plans, wiring diagrams, and detailed port maps for new deployments and documentation Create statements of work for vendors at the POP sites Prepare cage and rack designs, and understand the overall needs of POP infrastructure Document and follow RMA processes and procedures for all relevant vendors Follow, improve, and implement data center and POP best practices Provide necessary escalations to higher support tier; assist Sales and Customer Support with technical operations, and work with internal departments to ensure customer satisfaction Work closely with Network Engineering, Logistics, and equipment vendors as new equipment and technologies are integrated into the production network Use internal tools and scripts to configure, monitor, and repair servers and network equipment Detect and diagnose various error/failure conditions across an array of server types Other duties as required. This list is not meant to be a comprehensive inventory of all responsibilities assigned to this position Required Qualifications/Skills: Bachelor’s degree (B.S/B.A) from four-college or university and 2 to 5 years’ related experience and/or training; or equivalent combination of education and experience  Builds productive internal and external working relationships Exercises judgment within defined procedures and practices to determine appropriate action Must have an understanding of data center network architecture and common issues related to data center networks Knowledgeable in data center practices (i.e. cable routing, calculating power usage and cooling) Experience with field-based work in POPs, carrier hotels, or central office environments Experience with enterprise and service provider network hardware platforms and architectures, including data center switching platforms Must have a sound and in-depth understanding of IP technologies such as MPLS, BGP, RSVP-TE, IS-IS Basic understanding of transmission technology and circuit troubleshooting techniques Solid understanding of fiber-optic technology including cable types, connector types, optic types, patch panels, and optical transport technologies Proficiency in various operating systems Ability to capture and analyze traffic Solid understanding of queue management for tasks and incidents, vendor engagement, and escalation and participation in ongoing POPs deployment projects Demonstrated ability to analyze complex situations and utilize troubleshooting skills, systems and tools, and creative problem solving abilities under pressure Excellent communication skills Experience in dealing with service providers and colocation facilities around the world Ability to work within a global team in a fast-paced and dynamic environment with limited supervision Strong attention to detail with excellent time management and organization skills 20% to 50% of travel required Preferred Qualifications:  Understanding of various scripting languages is strongly desired Certification such as CCNA, JNCIA, RHCT, or equivalent experience Physical Demand & Work Environment: Must have the ability to lift/move 30-40 lbs. Must have the ability to perform office-related tasks which may include prolonged sitting or standing Must have the ability to move from place to place within an office environment Must be able to use a computer Must have the ability to communicate effectively  Some positions may require occasional repetitive motion or movements of the wrists, hands, and/or fingers Salary Range $72,960.00 - $115,200.00 USD (Salary) Please note that the salary information provided herein is base pay only (gross); it does not include other forms of compensation which may or may not apply to this specific position, namely, performance-based bonuses, benefits-related payments, or other general incentives - none of which are guaranteed, may be subject to specific eligibility requirements, and are wholly within the discretion of Astreya to remit. Further, the salary information noted above is a range that consists of a minimum and maximum rate of pay for this specific position. Where an applicant or employee is placed on this range will depend and be contingent on objective, documented work-related considerations like education, experience, certifications, licenses, preferred qualifications, among other factors. Astreya  offers comprehensive  b enefits to all Regular, Full-Time Employees,   including: Medical provided through UHC (PPO, HSA, Surest options) / Medical provided through Kaiser (HMO option only) for California employees only Dental provided through UHC Nationwide Vision provided by UHC Flexible Spending Account for Health & Dependent Care Pre-Tax Account for Commuter Benefit/Parking & Transit (location-specific) Continuing Education and Professional Development via various integrated platforms, e.g. Udemy and Coursera Corporate Wellness Program provided by Goomi Group Employee Assistance Program Wellness Days 401k Plan Basic and Supplemental Life Insurance Short Term & Long Term Disability Critical Illness, Critical Hospital, and Voluntary Accident Insurance Tuition Reimbursement (available 6 months after start date, capped) Paid Time Off (accrued and prorated, maximum of 120 hours annually) Paid Holidays Any other statutory leaves, paid time, or other ancillary benefits required under state and federal law",06/04/2026,Not Specified,"Remote, GA",Astreya,https://astreya.wd5.myworkdayjobs.com/en-US/life-at-astreya-opportunities/job/Remote-GA/IT-Infrastructure-Installation-Services-II_R0014689,Full time
Data Analyst II,"What this Job Entails: We are looking for a Data Analyst II to join our growing team of analytics experts. The hire will be responsible for statistical modeling, and analysis of structured and unstructured datasets to develop metrics, reports, and visualizations of trends and patterns. The Data Analyst identifies and captures data from internal and external sources. The Data Analyst will ensure consistency throughout ongoing projects.  Scope:  Uses professional concepts and company objectives to resolve complex issues in creative and effective ways Works on complex issues where analysis of situations or data requires an in-depth evaluation of variable factors Your Roles and Responsibilities: Create data visualizations  Troubleshoot and test database technical issues with development team Create monthly Excel and Google Sheets files from database Independently analyze data sets to identify opportunities for increased accuracy and efficiency Perform quality assurance on data to determine potential data gaps Handle data-related technical issues and support data infrastructure needs Assemble large, complex data sets that meet functional / non-functional business  Work with data and analytics experts to strive for greater functionality in our data systems. Other duties as required. This list is not meant to be a comprehensive inventory of all responsibilities assigned to this position Required Qualifications/Skills: Bachelor’s degree (B.S/B.A) from four-college or university and 2 to 5 years’ related experience and/or training; or equivalent combination of education and experience  Builds productive internal and external working relationships Exercises judgment within defined procedures and practices to determine appropriate action SQL skills; including creating and modifying macros, as well as creating dashboards using SQL coding Excellent written communication skills  High level of attention to detail Advanced Excel skills to include; formulas, functions, pivot tables, lookup and reference formulas (i.e. vlookups), statistical formulas (countifs, sumifs), macros (ability to create new and edit existing), conditional formatting, importing data, creating graphs/charts, etc.  Ability to independently analyze large amounts of data; including the ability to identify, analyze, and interpret trends, gaps, patterns in complex data sets Preferred Qualifications:  Experience using Google PLX Dashboards Physical Demand & Work Environment: Must have the ability to perform office-related tasks which may include prolonged sitting or standing Must have the ability to move from place to place within an office environment Must be able to use a computer Must have the ability to communicate effectively  Some positions may require occasional repetitive motion or movements of the wrists, hands, and/or fingers",06/04/2026,Not Specified,"Bangalore, India",Astreya,https://astreya.wd5.myworkdayjobs.com/en-US/life-at-astreya-opportunities/job/Bangalore-India/Data-Analyst-II_R0014896,Full time
AI/ML Engineer III,"Scope:   Translate business goals into measurable ML goals (KPIs, acceptance thresholds) in collaboration with PMs and data scientists. Lead the translation of ambiguous product needs into clear ML metrics and success criteria. Own the full lifecycle from prototyping (incl. deep learning and GenAI) to deployment and monitoring. Develop and maintain observability dashboards and alerts tied to ML metrics and feature drift. Run and safeguard models in real time Champion cross-functional collaboration & governance Pilot new ML tools/frameworks, leading integration into production where appropriate. Architect data strategy, championing reproducibility, traceability, and quality across the ML stack Spearhead adoption of emerging ML trends; run strategic POCs and lead production rollouts of state-of-the-art techniques. Act as a cross-org ML thought leader—aligning product, infra, legal, and UX on responsible ML. Key Deliverables by Level Level Title Key Deliverables   Level 3 AI/ML Engineer III Scalable ML pipelines with automated training, validation, and deployment workflows Deployed ML solutions integrated with Astreya’s managed service platforms (e.g., NLP for ticket routing) Dashboards for monitoring inference quality and data drift MLOps pipelines with CI/CD practices     Essential Duties and Responsibilities (All Levels):   Assist in data cleaning, feature engineering, testing basic ML models, write and debug simple scripts Develop ML modules, assist in deployment, support data pipelines, contribute to documentation and unit testing Support data preparation, model training under guidance, debug code, attend knowledge sessions Develop and maintain smaller AI modules (e.g., anomaly detection), assist in deployments, write technical documentation Lead development of scalable ML models, integrate into ITSM systems, ensure compliance and performance metricsArchitect end-to-end AI platforms, oversee cross-domain projects (e.g., NLP for service desk, CV for asset tracking)   Lead ML solution design, own production deployments, optimize inference models, drive MLOps practices Architect end-to-end solutions for AI-driven services (e.g., IT ticket routing, network anomaly detection), lead AI projects   Education and/or Work Experience Requirements:    Minimum Requirements: Bachelor’s degree in Computer Science,Data Science, IT, or a related field.Master’s preferred or equivalent experience for senior levels Level 3: 4–6 years experience in ML/AI implementation and deployment   Preferred Certifications (All Levels):   Google Cloud Professional Machine Learning Engineer TensorFlow Developer Certificate   Knowledge, Skills & Abilities (KSAs): Machine Learning techniques (regression, classification, clustering) Deep Learning architectures (CNNs, RNNs, Transformers, LLMs) NLP (tokenization, BERT, prompt engineering) Big Data fundamentals (Spark, Hadoop) Model interpretability, ethics in AI, bias detection Cloud-native AI services (GCP Vertex AI) Data governance, security, and ethical AI practices Programming: Python, Apps Script, SQL Frameworks: TensorFlow, PyTorch, scikit-learn, HuggingFace Tools: Git, Docker, Kubernetes, Airflow, MLflow,Jupyter, Postman Data pipeline skills: SQL, Pandas, data APIs Deployment: Flask/FastAPI, CI/CD, REST APIs, cloud functions Strong analytical and debugging skills Translate business problems into AI solutions Communicate effectively with technical and non-technical stakeholders Work under Agile or DevOps-based workflows Stay current with research and emerging technologies Rapidly learn new AI concepts and tools Translate business challenges into ML solutions Communicate technical findings to non-technical stakeholders Handle ambiguity and balance research with delivery Collaborate across globally distributed teams     Competency Technical Expertise Understands basic ML/DL principles   Codes in Python/R   Familiarity with AI/ML tools such as Jupyter, scikit-learn, or TensorFlow (basic use)   Applies supervised/unsupervised ML methods   Proficient in TensorFlow/PyTorch   Uses cloud ML services   Familiar with ML pipelines                             Documents technical solutions and contributes to code reviews   Designs and builds production-grade models                               Uses MLflow, Airflow, CI/CD tools                     Experience with model deployment and monitoring                             Owns end-to-end AI/ML solutions including architecture, training, deployment, and monitoring                          Leads development of enterprise-wide AI/ML strategies and platforms Drives model optimization at scale                        Understands data engineering best practices   Defines org-wide AI/ML standards   Oversees architecture for reusable platforms Directs ML model governance and compliance   Evaluates and mitigates risks related to fairness, privacy, and regulatory requirements Problem Solving & Innovation Solves small coding and data cleaning problems   Ability to analyze and clean datasets   Identifies root causes in data/model issues Applies ML solutions to scoped problems Effective in debugging and troubleshooting code and data issues Selects and tunes algorithms for real-world impact Innovates within team on novel use cases   Anticipates platform-wide AI needs Designs scalable solutions to business-wide problems Champions reusability and standardization across teams Designs AI architectures integrated into critical systems (e.g., service desks, observability) Drives disruptive AI innovation Aligns AI/ML initiatives with enterprise transformation goals Provides strategic oversight for all AI initiatives and cross-org alignment   Collaboration & Communication   Good communication and team collaboration skills   Shares ideas in meetings   Communicates findings clearly to peers   Contributes to documentation and demos   Collaborates cross-functionally to integrate models into services Explains model behavior to technical and semi-technical audiences Coaches junior team members                             Interprets results and presents actionable insights to stakeholders Builds trust with cross-functional teams and leadership                                         Acts as primary AI contact for programs   Engages with external partners/vendors on AI innovation   Tracks simple work using task tools Documents code and data usage Delivers discrete ML components Manages tasks independently Leads projects through design, development, testing, and rollout Owns project timeline and quality Familiar with advanced ML topics (e.g., transformers, reinforcement learning, LLM fine-tuning)   Coordinates complex programs and integrations Leads cross-functional AI initiatives   Drives data quality and governance initiatives for reliable model outcomes Facilitates cross-functional solutioning between product, IT, and operations Oversees multi-team programs Owns delivery of strategic AI initiatives across departments Defines AI success metrics, compliance frameworks, and model governance structures Strategic Thinking & Leadership   Understands team mission   Adopts best practices   Takes direction and accepts feedback constructively   Builds and evaluates supervised/unsupervised models independently Provides input on technical direction                             Mentors junior engineers                           Designs scalable models and pipelines for production use     Defines best practices and technical vision                               Influences product and engineering roadmap Balances model performance with business objectives and ethical guidelines Sets the AI/ML vision and roadmap aligned with business growth goals Establishes AI strategy, ethics, and governance Influences external clients and industry engagement   Physical Requirements:      Travel occasionally required for team collaboration, client meetings, or workshops   Flexibility to work across global time zones when needed",06/04/2026,Not Specified,"Remote, India",Astreya,https://astreya.wd5.myworkdayjobs.com/en-US/life-at-astreya-opportunities/job/Remote-India/AI-ML-Engineer-III_R0014880,Full time
Data Center Infrastructure Engineer II,"What this Job Entails:  The CAD Technician II will be responsible for supporting a global organization of mechanical, electrical and environmental engineers, construction professionals, project managers and site operations experts who plan, build, and Data Center Program Managers.  Scope:  Applies company policies and procedures to resolve a variety of issues Works on problems of moderate scope Receives general instructions on routine work and detailed instructions on new projects Your Roles and Responsibilities: Assist the team with drawing updates as required. Test CAD applications. Perform CAD length calculations and quality checks. Perform quality checks on current and future tools. Collaborate with various teams to deploy components. Assist in developing procedures for future client IT deployments. Develop data center, network or lab cable tray designs. Support and backup team Project Managers. Other duties as required. This list is not meant to be a comprehensive inventory of all responsibilities assigned to this position Required Qualifications/Skills: Bachelor’s degree (B.S/B.A) from four-college or university and 2 to 5 years’ related experience and/or training; or equivalent combination of education and experience  Builds productive internal and external working relationships Exercises judgment within defined procedures and practices to determine appropriate action Understanding of complex spreadsheets. Ability to work with a geographically diverse team. Ability to interact with diverse technical and non-technical groups, spanning all organizational levels. Excellent analytical, quantitative, and presentation skills. Understanding of at least two of the following: server hardware and software, network hardware and software, data center infrastructure and operations, mechanical and electrical systems. Preferred Qualifications:  Knowledge of data center environments. Physical Demand & Work Environment: Must have the ability to perform office-related tasks which may include prolonged sitting or standing Must have the ability to move from place to place within an office environment Must be able to use a computer Must have the ability to communicate effectively  Some positions may require occasional repetitive motion or movements of the wrists, hands, and/or fingers Salary Range $48,868.00 - $77,160.00 USD (Salary) Please note that the salary information provided herein is base pay only (gross); it does not include other forms of compensation which may or may not apply to this specific position, namely, performance-based bonuses, benefits-related payments, or other general incentives - none of which are guaranteed, may be subject to specific eligibility requirements, and are wholly within the discretion of Astreya to remit. Further, the salary information noted above is a range that consists of a minimum and maximum rate of pay for this specific position. Where an applicant or employee is placed on this range will depend and be contingent on objective, documented work-related considerations like education, experience, certifications, licenses, preferred qualifications, among other factors. Astreya  offers comprehensive  b enefits to all Regular, Full-Time Employees,   including: Medical provided through UHC (PPO, HSA, Surest options) / Medical provided through Kaiser (HMO option only) for California employees only Dental provided through UHC Nationwide Vision provided by UHC Flexible Spending Account for Health & Dependent Care Pre-Tax Account for Commuter Benefit/Parking & Transit (location-specific) Continuing Education and Professional Development via various integrated platforms, e.g. Udemy and Coursera Corporate Wellness Program provided by Goomi Group Employee Assistance Program Wellness Days 401k Plan Basic and Supplemental Life Insurance Short Term & Long Term Disability Critical Illness, Critical Hospital, and Voluntary Accident Insurance Tuition Reimbursement (available 6 months after start date, capped) Paid Time Off (accrued and prorated, maximum of 120 hours annually) Paid Holidays Any other statutory leaves, paid time, or other ancillary benefits required under state and federal law",06/04/2026,Not Specified,"Seattle, WA",Astreya,https://astreya.wd5.myworkdayjobs.com/en-US/life-at-astreya-opportunities/job/Seattle-WA/Data-Center-Infrastructure-Engineer-II_R0014023,Full time
Contracts Administrator I,"What this Job Entails:  The Contracts Administrator I will ensure all contracts are drafted, reviewed and executed both on the vendor and client side in a timely and accurate manner. The successful associate will also perform key quality reviews to reduce risk working in conjunction with other teams. Scope:  Applies company policies and procedures to resolve routine issues Works on problems of limited scope Receives detailed instructions Your Roles and Responsibilities: Assist in preparation and revision of contracts that involve the purchase of sale of goods and services including the drafting, review and execution of contracts according to client policies. Update and maintain internal database with pertinent information, including legal documents, abstractions, and executive summaries. Assist in proposal planning and administration of contracts. Prepare contract briefs and revisions summarizing contractual requirements and budgets. Track authorizations and correspondence, maintaining detailed and organized files. Prepare contract change notices Maintain an audit file for each contract which will include original contract, all correspondence, changes/deviations, amendments, clarifications, payment schedules. Perform closing activities as needed. Analyze and mitigate risk. Other duties as required. This list is not meant to be a comprehensive inventory of all responsibilities assigned to this position Required Qualifications/Skills: Bachelor’s degree (B.S/B.A) from four-college or university and 0 to 2 years’ related experience and/or training; or equivalent combination of education and experience  Builds stable working relationships internally Follows standard practice and procedures when analyzing situations or data Fluent in English language High level of attention to detail Ability to interpret complex information Aptitude for technology and interest in learning/understanding systems & interpreting data Accustomed to data input at high level of accuracy Ability to manage high volumes and meeting deadlines Highly organized with ability to manage multiple projects/tasks at a time Customer aware/centric Excel knowledge (including pivot tables and v-lookups) Ability to work well in a team environment Independently motivated Understanding of how databases capture information Ability to work accurately with large data sets Physical Demand & Work Environment: Must have the ability to perform office-related tasks which may include prolonged sitting or standing Must have the ability to move from place to place within an office environment Must be able to use a computer Must have the ability to communicate effectively  Some positions may require occasional repetitive motion or movements of the wrists, hands, and/or fingers",06/04/2026,Not Specified,"Dublin, Ireland",Astreya,https://astreya.wd5.myworkdayjobs.com/en-US/life-at-astreya-opportunities/job/Dublin-Ireland/Contracts-Administrator-I_R0014846,Full time
Contract Admin II,"What this Job Entails:  The Contracts Administrator II will ensure all contracts are executed both on the vendor and client side in a timely and accurate manner. The hire will also perform key quality reviews to reduce risk working in conjunction with other teams. Scope:  Applies company policies and procedures to resolve a variety of issues Works on problems of moderate scope Receives general instructions on routine work and detailed instructions on new projects Your Roles and Responsibilities: Process contracts according to client policies Participate in preparation of service termination processing via amendments Maintain an internal database with pertinent information, including legal documents Assist in preparation and revision of contracts that involve the purchase of sale of goods and services Handle the acquisition, distribution, and store of equipment and supplies Dispose of unclaimed property Participate in proposal planning and administration of contracts Prepare contract briefs and revisions summarizing contractual requirements and budgets Track authorizations and correspondence, maintaining detailed and organized files Prepare contract change notices, monitor contractor performance, including the reporting and status of contractor and owner deliverables Maintain an audit file for each contract which will include original contract, all correspondence, changes/deviations, amendments, clarifications, payment schedules Perform closing activities as needed Track payments and deadlines Analyze and mitigate risk Other duties as required. This list is not meant to be a comprehensive inventory of all responsibilities assigned to this position Required Qualifications/Skills: Bachelor’s degree (B.S/B.A) from four-college or university and 2 to 5 years’ related experience and/or training; or equivalent combination of education and experience  Builds productive internal and external working relationships Exercises judgment within defined procedures and practices to determine appropriate action Fluent in English language High level of attention to detail Ability to interpret complex information Aptitude for technology and interest in learning/understanding systems & interpreting data Accustomed to data input at high level of accuracy Ability to manage high volumes and meeting deadlines Highly organized with ability to manage multiple projects/tasks at a time Customer aware/centric Excel knowledge (including pivot tables and v-lookups) Ability to work well in a team environment Independently motivated Experience in how databases capture information Proven ability to work accurately with large data sets Preferred Qualifications:  Physical Demand & Work Environment: Must have the ability to perform office-related tasks which may include prolonged sitting or standing Must have the ability to move from place to place within an office environment Must be able to use a computer Must have the ability to communicate effectively  Some positions may require occasional repetitive motion or movements of the wrists, hands, and/or fingers Salary Range $59,812.00 - $94,440.00 USD (Salary) Please note that the salary information provided herein is base pay only (gross); it does not include other forms of compensation which may or may not apply to this specific position, namely, performance-based bonuses, benefits-related payments, or other general incentives - none of which are guaranteed, may be subject to specific eligibility requirements, and are wholly within the discretion of Astreya to remit. Further, the salary information noted above is a range that consists of a minimum and maximum rate of pay for this specific position. Where an applicant or employee is placed on this range will depend and be contingent on objective, documented work-related considerations like education, experience, certifications, licenses, preferred qualifications, among other factors.",06/04/2026,Not Specified,"Remote, GA",Astreya,https://astreya.wd5.myworkdayjobs.com/en-US/life-at-astreya-opportunities/job/Remote-GA/Contract-Admin-II_R0014873,Full time
Contract Admin I,"What this Job Entails:  The Contracts Administrator I will ensure all contracts are executed both on the vendor and client side in a timely and accurate manner. The hire will also perform key quality reviews to reduce risk working in conjunction with other teams. Scope:  Applies company policies and procedures to resolve routine issues Works on problems of limited scope Receives detailed instructions Your Roles and Responsibilities: Process contracts according to client policies. Assist in preparation of service termination processing via amendments. Maintain an internal database with pertinent information, including legal documents. Assist in preparation and revision of contracts that involve the purchase of sale of goods and services. Handle the acquisition, distribution, and store of equipment and supplies. Dispose of unclaimed property. Assist in proposal planning and administration of contracts. Prepare contract briefs and revisions summarizing contractual requirements and budgets. Track authorizations and correspondence, maintaining detailed and organized files. Prepare contract change notices, monitor contractor performance, including the reporting and status of contractor and owner deliverables. Maintain an audit file for each contract which will include original contract, all correspondence, changes/deviations, amendments, clarifications, payment schedules. Perform closing activities as needed. Track payments and deadlines. Analyze and mitigate risk. Other duties as required. This list is not meant to be a comprehensive inventory of all responsibilities assigned to this position Required Qualifications/Skills: Bachelor’s degree (B.S/B.A) from four-college or university and 0 to 2 years’ related experience and/or training; or equivalent combination of education and experience  Builds stable working relationships internally Follows standard practice and procedures when analyzing situations or data Fluent in English language High level of attention to detail Ability to interpret complex information Aptitude for technology and interest in learning/understanding systems & interpreting data Accustomed to data input at high level of accuracy Ability to manage high volumes and meeting deadlines Highly organized with ability to manage multiple projects/tasks at a time Customer aware/centric Excel knowledge (including pivot tables and v-lookups) Ability to work well in a team environment Independently motivated Understanding of how databases capture information Ability to work accurately with large data sets Preferred Qualifications:  Physical Demand & Work Environment: Must have the ability to perform office-related tasks which may include prolonged sitting or standing Must have the ability to move from place to place within an office environment Must be able to use a computer Must have the ability to communicate effectively  Some positions may require occasional repetitive motion or movements of the wrists, hands, and/or fingers Salary Range $48,868.00 - $77,160.00 USD (Salary) Please note that the salary information provided herein is base pay only (gross); it does not include other forms of compensation which may or may not apply to this specific position, namely, performance-based bonuses, benefits-related payments, or other general incentives - none of which are guaranteed, may be subject to specific eligibility requirements, and are wholly within the discretion of Astreya to remit. Further, the salary information noted above is a range that consists of a minimum and maximum rate of pay for this specific position. Where an applicant or employee is placed on this range will depend and be contingent on objective, documented work-related considerations like education, experience, certifications, licenses, preferred qualifications, among other factors. Astreya  offers comprehensive  b enefits to all Regular, Full-Time Employees,   including: Medical provided through UHC (PPO, HSA, Surest options) / Medical provided through Kaiser (HMO option only) for California employees only Dental provided through UHC Nationwide Vision provided by UHC Flexible Spending Account for Health & Dependent Care Pre-Tax Account for Commuter Benefit/Parking & Transit (location-specific) Continuing Education and Professional Development via various integrated platforms, e.g. Udemy and Coursera Corporate Wellness Program provided by Goomi Group Employee Assistance Program Wellness Days 401k Plan Basic and Supplemental Life Insurance Short Term & Long Term Disability Critical Illness, Critical Hospital, and Voluntary Accident Insurance Tuition Reimbursement (available 6 months after start date, capped) Paid Time Off (accrued and prorated, maximum of 120 hours annually) Paid Holidays Any other statutory leaves, paid time, or other ancillary benefits required under state and federal law",06/04/2026,Not Specified,"Remote, GA",Astreya,https://astreya.wd5.myworkdayjobs.com/en-US/life-at-astreya-opportunities/job/Remote-GA/Contract-Admin-I_R0014866,Full time
Contract Admin I,"What this Job Entails:  The Contracts Administrator I will ensure all contracts are executed both on the vendor and client side in a timely and accurate manner. The hire will also perform key quality reviews to reduce risk working in conjunction with other teams. Scope:  Applies company policies and procedures to resolve routine issues Works on problems of limited scope Receives detailed instructions Your Roles and Responsibilities: Process contracts according to client policies. Assist in preparation of service termination processing via amendments. Maintain an internal database with pertinent information, including legal documents. Assist in preparation and revision of contracts that involve the purchase of sale of goods and services. Handle the acquisition, distribution, and store of equipment and supplies. Dispose of unclaimed property. Assist in proposal planning and administration of contracts. Prepare contract briefs and revisions summarizing contractual requirements and budgets. Track authorizations and correspondence, maintaining detailed and organized files. Prepare contract change notices, monitor contractor performance, including the reporting and status of contractor and owner deliverables. Maintain an audit file for each contract which will include original contract, all correspondence, changes/deviations, amendments, clarifications, payment schedules. Perform closing activities as needed. Track payments and deadlines. Analyze and mitigate risk. Other duties as required. This list is not meant to be a comprehensive inventory of all responsibilities assigned to this position Required Qualifications/Skills: Bachelor’s degree (B.S/B.A) from four-college or university and 0 to 2 years’ related experience and/or training; or equivalent combination of education and experience  Builds stable working relationships internally Follows standard practice and procedures when analyzing situations or data Fluent in English language High level of attention to detail Ability to interpret complex information Aptitude for technology and interest in learning/understanding systems & interpreting data Accustomed to data input at high level of accuracy Ability to manage high volumes and meeting deadlines Highly organized with ability to manage multiple projects/tasks at a time Customer aware/centric Excel knowledge (including pivot tables and v-lookups) Ability to work well in a team environment Independently motivated Understanding of how databases capture information Ability to work accurately with large data sets Preferred Qualifications:  Physical Demand & Work Environment: Must have the ability to perform office-related tasks which may include prolonged sitting or standing Must have the ability to move from place to place within an office environment Must be able to use a computer Must have the ability to communicate effectively  Some positions may require occasional repetitive motion or movements of the wrists, hands, and/or fingers Salary Range $48,868.00 - $77,160.00 USD (Salary) Please note that the salary information provided herein is base pay only (gross); it does not include other forms of compensation which may or may not apply to this specific position, namely, performance-based bonuses, benefits-related payments, or other general incentives - none of which are guaranteed, may be subject to specific eligibility requirements, and are wholly within the discretion of Astreya to remit. Further, the salary information noted above is a range that consists of a minimum and maximum rate of pay for this specific position. Where an applicant or employee is placed on this range will depend and be contingent on objective, documented work-related considerations like education, experience, certifications, licenses, preferred qualifications, among other factors. Astreya  offers comprehensive  b enefits to all Regular, Full-Time Employees,   including: Medical provided through UHC (PPO, HSA, Surest options) / Medical provided through Kaiser (HMO option only) for California employees only Dental provided through UHC Nationwide Vision provided by UHC Flexible Spending Account for Health & Dependent Care Pre-Tax Account for Commuter Benefit/Parking & Transit (location-specific) Continuing Education and Professional Development via various integrated platforms, e.g. Udemy and Coursera Corporate Wellness Program provided by Goomi Group Employee Assistance Program Wellness Days 401k Plan Basic and Supplemental Life Insurance Short Term & Long Term Disability Critical Illness, Critical Hospital, and Voluntary Accident Insurance Tuition Reimbursement (available 6 months after start date, capped) Paid Time Off (accrued and prorated, maximum of 120 hours annually) Paid Holidays Any other statutory leaves, paid time, or other ancillary benefits required under state and federal law",06/04/2026,Not Specified,"Remote, GA",Astreya,https://astreya.wd5.myworkdayjobs.com/en-US/life-at-astreya-opportunities/job/Remote-GA/Contract-Admin-I_R0014867,Full time
Contracts Administrator I,"What this Job Entails:  The Contracts Administrator I will ensure all contracts are executed both on the vendor and client side in a timely and accurate manner. The hire will also perform key quality reviews to reduce risk working in conjunction with other teams. Scope:  Applies company policies and procedures to resolve routine issues Works on problems of limited scope Receives detailed instructions Your Roles and Responsibilities: Process contracts according to client policies. Assist in preparation of service termination processing via amendments. Maintain an internal database with pertinent information, including legal documents. Assist in preparation and revision of contracts that involve the purchase of sale of goods and services. Handle the acquisition, distribution, and store of equipment and supplies. Dispose of unclaimed property. Assist in proposal planning and administration of contracts. Prepare contract briefs and revisions summarizing contractual requirements and budgets. Track authorizations and correspondence, maintaining detailed and organized files. Prepare contract change notices, monitor contractor performance, including the reporting and status of contractor and owner deliverables. Maintain an audit file for each contract which will include original contract, all correspondence, changes/deviations, amendments, clarifications, payment schedules. Perform closing activities as needed. Track payments and deadlines. Analyze and mitigate risk. Other duties as required. This list is not meant to be a comprehensive inventory of all responsibilities assigned to this position Required Qualifications/Skills: Bachelor’s degree (B.S/B.A) from four-college or university and 0 to 2 years’ related experience and/or training; or equivalent combination of education and experience  Builds stable working relationships internally Follows standard practice and procedures when analyzing situations or data Fluent in English language High level of attention to detail Ability to interpret complex information Aptitude for technology and interest in learning/understanding systems & interpreting data Accustomed to data input at high level of accuracy Ability to manage high volumes and meeting deadlines Highly organized with ability to manage multiple projects/tasks at a time Customer aware/centric Excel knowledge (including pivot tables and v-lookups) Ability to work well in a team environment Independently motivated Understanding of how databases capture information Ability to work accurately with large data sets Physical Demand & Work Environment: Must have the ability to perform office-related tasks which may include prolonged sitting or standing Must have the ability to move from place to place within an office environment Must be able to use a computer Must have the ability to communicate effectively  Some positions may require occasional repetitive motion or movements of the wrists, hands, and/or fingers Salary Range $48,868.00 - $77,160.00 USD (Salary) Please note that the salary information provided herein is base pay only (gross); it does not include other forms of compensation which may or may not apply to this specific position, namely, performance-based bonuses, benefits-related payments, or other general incentives - none of which are guaranteed, may be subject to specific eligibility requirements, and are wholly within the discretion of Astreya to remit. Further, the salary information noted above is a range that consists of a minimum and maximum rate of pay for this specific position. Where an applicant or employee is placed on this range will depend and be contingent on objective, documented work-related considerations like education, experience, certifications, licenses, preferred qualifications, among other factors. Astreya  offers comprehensive  b enefits to all Regular, Full-Time Employees,   including: Medical provided through UHC (PPO, HSA, Surest options) / Medical provided through Kaiser (HMO option only) for California employees only Dental provided through UHC Nationwide Vision provided by UHC Flexible Spending Account for Health & Dependent Care Pre-Tax Account for Commuter Benefit/Parking & Transit (location-specific) Continuing Education and Professional Development via various integrated platforms, e.g. Udemy and Coursera Corporate Wellness Program provided by Goomi Group Employee Assistance Program Wellness Days 401k Plan Basic and Supplemental Life Insurance Short Term & Long Term Disability Critical Illness, Critical Hospital, and Voluntary Accident Insurance Tuition Reimbursement (available 6 months after start date, capped) Paid Time Off (accrued and prorated, maximum of 120 hours annually) Paid Holidays Any other statutory leaves, paid time, or other ancillary benefits required under state and federal law",06/04/2026,Not Specified,"Remote, GA",Astreya,https://astreya.wd5.myworkdayjobs.com/en-US/life-at-astreya-opportunities/job/Remote-GA/Contracts-Administrator-I_R0014870,Full time
Data Analyst,"What this Job Entails: We are looking for a Data Analyst II to join our growing team of analytics experts. The hire will be responsible for statistical modeling, and analysis of structured and unstructured datasets to develop metrics, reports, and visualizations of trends and patterns. The Data Analyst identifies and captures data from internal and external sources. The Data Analyst will ensure consistency throughout ongoing projects.  Scope:  Uses professional concepts and company objectives to resolve complex issues in creative and effective ways Works on complex issues where analysis of situations or data requires an in-depth evaluation of variable factors Your Roles and Responsibilities: Create data visualizations  Troubleshoot and test database technical issues with development team Create monthly Excel and Google Sheets files from database Independently analyze data sets to identify opportunities for increased accuracy and efficiency Perform quality assurance on data to determine potential data gaps Handle data-related technical issues and support data infrastructure needs Assemble large, complex data sets that meet functional / non-functional business  Work with data and analytics experts to strive for greater functionality in our data systems. Other duties as required. This list is not meant to be a comprehensive inventory of all responsibilities assigned to this position Required Qualifications/Skills: Bachelor’s degree (B.S/B.A) from four-college or university and 2 to 5 years’ related experience and/or training; or equivalent combination of education and experience  Builds productive internal and external working relationships Exercises judgment within defined procedures and practices to determine appropriate action SQL skills; including creating and modifying macros, as well as creating dashboards using SQL coding Excellent written communication skills  High level of attention to detail Advanced Excel skills to include; formulas, functions, pivot tables, lookup and reference formulas (i.e. vlookups), statistical formulas (countifs, sumifs), macros (ability to create new and edit existing), conditional formatting, importing data, creating graphs/charts, etc.  Ability to independently analyze large amounts of data; including the ability to identify, analyze, and interpret trends, gaps, patterns in complex data sets Preferred Qualifications:  Experience using Google PLX Dashboards Physical Demand & Work Environment: Must have the ability to perform office-related tasks which may include prolonged sitting or standing Must have the ability to move from place to place within an office environment Must be able to use a computer Must have the ability to communicate effectively  Some positions may require occasional repetitive motion or movements of the wrists, hands, and/or fingers Salary Range $66,120.00 - $104,400.00 USD (Salary) Please note that the salary information provided herein is base pay only (gross); it does not include other forms of compensation which may or may not apply to this specific position, namely, performance-based bonuses, benefits-related payments, or other general incentives - none of which are guaranteed, may be subject to specific eligibility requirements, and are wholly within the discretion of Astreya to remit. Further, the salary information noted above is a range that consists of a minimum and maximum rate of pay for this specific position. Where an applicant or employee is placed on this range will depend and be contingent on objective, documented work-related considerations like education, experience, certifications, licenses, preferred qualifications, among other factors.",06/04/2026,Not Specified,"Remote, GA",Astreya,https://astreya.wd5.myworkdayjobs.com/en-US/life-at-astreya-opportunities/job/Remote-GA/Data-Analyst_R0014872,Full time
Network Test Engineer III,"What this Job Entails: The Network Test Engineer III will submit technical solutions for requirements, as well as develop test plans network hardware and software solutions. This position requires the ability to work independently with a high level of accuracy and attention to details.  Scope: Resolves a wide range of issues in creative ways Seasoned, experienced professional with a full understanding of their  specialty Works on problems of a diverse scope  Receives little instruction on day to day work, general instruction on new assignments Your Roles and Responsibilities: Perform testing and configuration of various automations Configure and operate various test tools and equipment (hardware and software) used in a lab environment Engage in development of operator-level test plan, execution of test plan and validation of requirements, identification of issues and troubleshooting and documenting test results Collaborate with hardware and software vendors to improve product quality & readiness Engage with operators, equipment vendors, test equipment, and vendors during lab trials Triage test issues for HW/Test versus platform Perform debugging/QA on test results Support wireless protocols Perform automation of a bevy of manual tests into a suite Other duties as required. This list is not meant to be a comprehensive inventory of all responsibilities assigned to this position Required Qualifications/Skills: Bachelor’s degree (B.S/B.A) from four-college or university and 5 to 8 years’ related experience and/or training; or equivalent combination of education and experience  Networks with senior internal and external personnel in own area of expertise Demonstrates good judgment in selecting methods and techniques for obtaining solutions Understanding of test methodology Ability to build test automation from manual test cases  Developing skills (various programming languages) Ability to streamline and optimize a series of tasks and/or tests Knowledge of data modelling (normalized & denormalized modells) Excellent time management skills Strong communication skills  Preferred Qualifications:  Experience in development and scripting roles Application development experience Experience in designing distributed computing environments in the public cloud Wifi, Bluetooth and cellular component knowledge Physical Demand & Work Environment: Must have the ability to perform office-related tasks which may include prolonged sitting or standing Must have the ability to move from place to place within an office environment Must be able to use a computer Must have the ability to communicate effectively  Some positions may require occasional repetitive motion or movements of the wrists, hands, and/or fingers",06/04/2026,Not Specified,"Remote, India",Astreya,https://astreya.wd5.myworkdayjobs.com/en-US/life-at-astreya-opportunities/job/Remote-India/Network-Test-Engineer-III_R0014813,Full time
Infrastructure Design Engineer,"What this Job Entails: We are looking for a skilled Infrastructure Design Engineer to join our team to support global data center design. You will be responsible for designing, implementing, and maintaining our data center infrastructure to ensure optimal performance, reliability, and security. You will work closely with our engineering teams to support our growing infrastructure needs, and you will display your work via your command of your network infrastructure design experience. Responsibilities: Design and create layouts of data center infrastructure including facilities structure, cabinets, overhead ladders and raceways, structured cabling, hot/cold aisles, cabinets, mechanical, electrical, servers, storage, and networking equipment. Perform capacity planning and resource allocation to ensure the scalability and efficiency of our data center environment. Monitor and optimize the performance of data center infrastructure components to meet service level agreements (SLAs) and business requirements. Troubleshoot and resolve infrastructure-related issues, collaborating with cross-functional teams as needed. Implement and maintain security measures to protect data center assets and ensure compliance with industry standards and regulations. Plan and execute infrastructure upgrades and migrations with minimal impact on ongoing operations. Document configurations, processes, and procedures to ensure knowledge sharing and operational continuity. Stay abreast of the latest developments in data center technologies and best practices, recommending and implementing improvements as necessary. Utilize AutoCAD design experience to create detailed technical drawings and models for data center layouts and infrastructure components. Requirements: Proven experience designing and deploying infrastructure in a colocation, inside plant, or telecommunications facility or similar role in a large-scale data center or telecom environment. Strong knowledge of data center architecture along with the minimum design requirements for network, compute and storage racks as well as layer 2/3 connectivity and virtualization platforms (e.g., VMware, Hyper-V). Solid understanding of physical design standards (ANSI/TIA-942) and IT security best practices in data centers and colocation facilities. Strong understanding of public cloud infrastructure and the global footprint for a geographically diverse production network.   Excellent troubleshooting skills with the ability to analyze complex issues and implement effective solutions. Strong communication and interpersonal skills, with the ability to collaborate effectively with cross-functional teams. Relevant certifications (e.g., CCNA, MCSE, VCP, Autodesk Certified Professional) would be a plus. Proficiency in AutoCAD or similar software for designing data center layouts and infrastructure components. Physical Demand & Work Environment: Must have the ability to perform office-related tasks which may include prolonged sitting or standing Must have the ability to move from place to place within an office environment Must be able to use a computer Must have the ability to communicate effectively  Some positions may require occasional repetitive motion or movements of the wrists, hands, and/or fingers",06/04/2026,Not Specified,"North Sydney, Australia",Astreya,https://astreya.wd5.myworkdayjobs.com/en-US/life-at-astreya-opportunities/job/North-Sydney-Australia/Infrastructure-Design-Engineer_R0014386,Full time
"Hardware Support Technician, Supervisor","What this Job Entails:  The Hardware Support Technician Supervisor role is responsible for supporting and maintaining technology equipment and IT assets. This includes installing, configuring, diagnosing, repairing, and upgrading all hardware and equipment while ensuring its optimal performance. The individual will also troubleshoot problem areas in a timely and accurate fashion, and provide end user training and assistance where required.  Scope:  Directs subordinates to complete tasks using established guidelines, procedures and policies. Monitors daily operations of a unit or sub-unit. Requires full knowledge of the area of functional responsibility. Your Roles and Responsibilities: Assist in preparing, maintaining, and upholding procedures for logging, reporting, and statistically monitoring PC performance.   Accurately document instances of hardware failure, repair, installation, and removal.  Assist in developing long-term strategies and capacity planning for meeting future computer hardware needs.   Support development and implementation of new computer projects and new hardware installations.   Conduct research on computer products in support of PC procurement and development efforts.  Write technical specifications for purchase of PCs, networking hardware and related products.   Recommend, schedule, and perform PC, hardware and peripheral equipment improvements, upgrades, and repairs.  Work with end users to identify and deliver required PC service levels.   Liaise with, and provide training and support to, end users and staff on computer operation and other issues.   Install, configure, test, maintain, monitor, and troubleshoot end user workstation hardware, networked peripheral devices, and networking hardware products.   Where required, install, configure, test, maintain, monitor, and troubleshoot associated end user workstation software and networking software products.   Perform on-site analysis, diagnosis, and resolution of complex PC problems for a variety of end users, and recommend and implement corrective hardware solutions, including off-site repair as needed.   Receive and respond to incoming calls, pages, and/or e-mails regarding PC and/or hardware problems.   Develop and maintain an inventory of all monitors, keyboards, hard drives, modems, printers, scanners, and other peripheral equipment.   Monitor and test PC performance and provide PC performance statistics and reports.  \ A portion of time is normally spent performing individual tasks related to the unit or sub-unit.  Other duties as required. This list is not meant to be a comprehensive inventory of all responsibilities assigned to this position Required Qualifications/Skills: High school diploma or general education degree (GED) and 5 to 8 years’ related experience and/or training; or equivalent combination of education and experience  Provides immediate supervision to a unit or group of employees, assigning tasks, checking work at frequent intervals, and maintaining schedules.  Hands-on hardware troubleshooting experience.   Ability to operate tools, components, and peripheral accessories.   Able to read and understand technical manuals, procedural documentation, and guides.   Ability to conduct research into PC issues and products as required.   Effective interpersonal skills and relationship-building skills.   Strong written and oral communication skills.   Ability to present ideas in user-friendly language.   Understanding of the organization’s goals and objectives.   Self motivated and directed.   Strong attention to detail.   Analytical and problem-solving abilities.   Ability to effectively prioritize and execute tasks in a high-pressure environment.   Ability to work in a team-oriented, collaborative environment.   Strong customer-service orientation.  Physical Demand & Work Environment: Must have the ability to perform office-related tasks which may include prolonged sitting or standing Must have the ability to move from place to place within an office environment Must be able to use a computer Must have the ability to communicate effectively  Some positions may require occasional repetitive motion or movements of the wrists, hands, and/or fingers",06/04/2026,Not Specified,"London, United Kingdom",Astreya,https://astreya.wd5.myworkdayjobs.com/en-US/life-at-astreya-opportunities/job/London-United-Kingdom/Hardware-Support-Technician--Supervisor_R0014788,Full time
IT Infrastructure Operations Engineer II,"We are looking for an experienced L2 IT Infrastructure Operations Engineer to provide advanced technical support for our enterprise server and network infrastructure. This mid-level position bridges the gap between frontline support and expert-level engineering, handling escalated incidents, performing complex troubleshooting, and contributing to operational excellence. The ideal candidate will possess hands-on experience with Dell PowerEdge servers, Cisco networking equipment, and enterprise monitoring solutions. You will mentor L1 engineers, participate in change management activities, and collaborate with cross-functional teams to ensure high availability and performance of critical infrastructure in a 24x7 global environment. Key Responsibilities  Provide advanced troubleshooting and fault isolation for escalated server and network incidents, utilizing iDRAC, Redfish, and Cisco CLI tools to diagnose and resolve complex issues.  Execute firmware, BIOS, and driver updates on Dell PowerEdge servers following standardized procedures, ensuring minimal service disruption and maintaining system stability.  Perform IOS/NX-OS firmware and software updates on Cisco routers and switches, adhering to change management protocols and conducting post-update validation.  Manage hardware break/fix procedures for server infrastructure, coordinating with Dell support for warranty claims, parts ordering, and scheduling on-site technician dispatch.  Conduct regular network health audits and performance analysis, identifying potential bottlenecks and recommending optimization measures to prevent service degradation.  Collaborate with the SRE team to enhance monitoring dashboards and refine alerting thresholds, ensuring proactive detection of infrastructure instability or security events.  Mentor and provide technical guidance to L1 engineers, conducting knowledge transfer sessions and assisting with complex ticket resolution to build team capability.  Participate in blameless post-mortems following major incidents, contributing to root cause analysis and implementing preventative actions to improve system reliability.  Maintain and update operational runbooks, network diagrams, and technical documentation to reflect current configurations and best practices.  Support hardware lifecycle management activities including equipment provisioning, asset tracking, and coordination with vendors for hardware returns and repairs.  Provide 24x7 on-call support for critical escalations, ensuring rapid response to high-priority incidents affecting production systems.  Collaborate with the FTE IT Team Lead on capacity planning activities, providing data-driven insights on infrastructure utilization trends and growth projections. Required Skills  Related field Experience with 5+ years of hands-on experience in enterprise IT infrastructure operations.  Strong proficiency with Dell PowerEdge server administration, including hardware troubleshooting, iDRAC/Redfish management, and firmware lifecycle management.  Solid experience with Cisco networking equipment (routers, switches), including IOS/NX-OS configuration, troubleshooting, and upgrade procedures.  Working knowledge of monitoring and logging tools, with ability to create dashboards, configure alerts, and analyze performance metrics for proactive issue detection.  Excellent problem-solving abilities with demonstrated experience in incident management, root cause analysis, and implementing corrective actions in production environments.  Industry certifications such as, Dell Server certifications, or ITIL Foundation; ability to work rotating shifts in a 24x7 global support model. Tools Required  Server Hardware Tools: Dell iDRAC, Lifecycle Controller, OpenManage, RAID/PERC utilities for server provisioning, firmware baselining, and remote management.  OS Deployment Tools: PXE boot infrastructure, iDRAC Virtual Media, Windows Server &amp; Linux ISOs with hardening and automation scripts.  Network Tools: Cisco IOS CLI, PoE management, VLAN/QoS configuration tools, network monitoring, and bandwidth/latency testing utilities.  Automation &amp; Operations Tools: Ansible, Python, CMDB systems, configuration backup tools, and documentation/diagramming platforms for global 24x7 operations.",06/04/2026,Not Specified,"Remote, India",Astreya,https://astreya.wd5.myworkdayjobs.com/en-US/life-at-astreya-opportunities/job/Remote-India/IT-Infrastructure-Operations-Engineer-II_R0014556,Full time
Incident Response Analyst II,"Job Description Incident Response Center (Analyst)  Job Title  – IRC Analyst Summary The IRC (Incident Response Center) is the first layer of defense responsible for quick detection and incident response using various monitoring and automation tools, conducting thorough investigation of alerts, classification, and triage. The IRC Analyst is responsible for delivering operations within the IRC across all client data center sites globally. IRC analysts are expected to respond to all alarms/alerts set in the data center environment, including Infrastructure Management (DCIM), Server Automation Operations System (SAOS), CCTV, Access Control Systems (ACS), and Building Management Systems (BMS), providing deep understanding and intelligence of the criticality and impact of incidents to resolver groups. Responsibilities  Incident & Problem Management Analysts are responsible for the full lifecycle of incident management, from detection through to resolution and root cause analysis (RCA). This includes acting as incident commanders, maintaining SLAs, documenting actions, and providing insights to support continuous improvement efforts across teams and systems. Investigate, report, and respond to alerts, incident response (war room, remote bridges). Respond to incidents and critical situations in a calm, problem-solving manner, and conduct in-depth investigation of alerts. Be the first line of defense using monitoring and automation tools to conduct investigation, classification, and triage, all within prescribed SLAs. Provide deep understanding and intelligence of incident criticality and impact to resolver groups. Ensure detailed records of alarm handling activities, including actions taken and resolutions in ticketing tools; file incident reports. Act as incident commander during major incidents. Understand internal/external communication methods and stakeholder responsibilities. Support program managers and facilitate project deliverables, improving operational and engineering initiatives. Conduct root cause analysis (RCA) to determine recurring problems. Use in-depth questioning and analysis to determine the underlying cause of incidents or problems (Who, What, Where, When, Why). Perform duties in compliance with SOPs, MOPs, Runbooks, and Playbooks.   Server, DCIM, Network and Traffic Alarms Operations This function involves real-time monitoring of infrastructure alarms, determining the severity of alerts, escalating appropriately, and maintaining clear communications with resolver teams. It ensures uptime and system integrity across servers, network infrastructure, and environmental systems. Continuously monitor alarm dashboards and systems. Investigate and respond to alarms related to Network, Data Center Environment, Server Health, Facility Security, and Safety. Identify and acknowledge incidents associated with alarms. Assess incidents to determine their criticality and operational impact. Engage resolver groups and escalate to higher tiers or management following established paths. Maintain communication with teams, stakeholders, and incident responders. Follow documented procedures to resolve incidents promptly and effectively. Ensure accurate records of alarm handling and resolution activities in ticketing tools. Comply with SOPs, MOPs, Runbooks, and Playbooks.   Threat Intelligence, Critical Event Management Analysts monitor global threat feeds and operational alerts to protect ByteDance personnel and assets. Responsibilities include triaging alerts related to weather, security, travel, and regional instability, then coordinating appropriate response actions, escalating to law enforcement if necessary, and compiling response reports. Monitor Everbridge Visual Command Center (VCC), InternationalSOS emails, and open-source tools for real-time incidents affecting ByteDance assets and travelers. Monitor tools or queries for specific stakeholder requests. Report on violence, severe weather, or threats to life, property, and assets. Coordinate emergency responses, including with law enforcement if required. Verify incident information accuracy through secondary sources. Generate heatmaps to highlight affected areas during significant events. Collaborate with security and operational teams for a coordinated response. Implement incident containment and mitigation strategies. Document incident details, response actions, and lessons learned. Follow SOPs, MOPs, Runbooks, and Playbooks.   Physical Security and Safety The analyst monitors access control systems, CCTV, and safety-related alarms (e.g., fire, electrical, leaks). Responsibilities include reviewing footage, responding to security anomalies, and reporting incidents to security engineering teams while ensuring compliance with safety procedures Monitor Closed-Circuit Television (CCTV) and Access Control Systems (ACS). Track alarms for safety events including electrical issues, fire hazards, equipment failures, and water leaks. Review camera footage for quality and area coverage. Investigate and report access control incidents. Report findings to the Security and Safety Engineering teams. Follow SOPs, MOPs, Runbooks, and Playbooks. Familiarity with Lenel and Genetec systems.   Cloud Incident Response and Monitoring As hybrid environments become more critical to business operations, IRC Analysts will be expected to monitor and support both on-premises infrastructure and cloud-based systems. Analysts will assist in identifying and responding to cloud-related incidents across platforms such as AWS, GCP, and Azure. Responsibilities include: Real-time monitoring of cloud infrastructure using tools such as AWS CloudWatch, Azure Monitor, and GCP Stackdriver. Incident triage and escalation of alerts related to cloud-based services and resources (e.g., compute, storage, networking). Coordination with Cloud Engineers and DevOps teams during cross-environment incidents to ensure rapid resolution and clear communications. Identification and classification of cloud service anomalies, including misconfigurations, degraded services, and unauthorized access attempts. Understanding of cloud-native architectures such as virtual private clouds (VPC), IAM, container orchestration (e.g., Kubernetes), and serverless functions. Documentation of root cause analysis (RCA) and corrective actions for cloud incidents, feeding back into playbooks and runbooks. Basic scripting and automation skills (Python, Bash, or PowerShell) for incident analysis and tooling. Awareness of cloud security protocols, including encryption, IAM policies, and compliance standards like ISO 27001 and SOC 2.   Qualifications Required Qualifications / Soft Skills  2+ years of experience in a NOC, command center, or similar 24/7 operations environment Ability to quickly triage and prioritize multiple incidents based on risk Knowledge of systems including IP Networks, DC Environment, and Server Health Strong written and verbal communication skills Works well under pressure and within deadlines Excellent communication and collaboration abilities Strong analytical and problem-solving skills Ability to work independently and as part of a team Familiarity with data protection laws such as GDPR This is an on-site role at client facilities Must be willing to work variable shifts, including nights, weekends, and holidays   Preferred Qualifications Degree in Information Technology Networking knowledge (IP, DNS, load balancing) Experience with Grafana, ticketing systems, and DC infrastructure. Certifications such as CompTIA Server+ or Schneider Electric DCCA Experience with Lenel, Genetec, or Avigilon systems is a plus Proficiency with programming/scripting tools Salary Range $72,960.00 - $115,200.00 USD (Salary) Please note that the salary information provided herein is base pay only (gross); it does not include other forms of compensation which may or may not apply to this specific position, namely, performance-based bonuses, benefits-related payments, or other general incentives - none of which are guaranteed, may be subject to specific eligibility requirements, and are wholly within the discretion of Astreya to remit. Further, the salary information noted above is a range that consists of a minimum and maximum rate of pay for this specific position. Where an applicant or employee is placed on this range will depend and be contingent on objective, documented work-related considerations like education, experience, certifications, licenses, preferred qualifications, among other factors. Astreya  offers comprehensive  b enefits to all Regular, Full-Time Employees,   including: Medical provided through UHC (PPO, HSA, Surest options) / Medical provided through Kaiser (HMO option only) for California employees only Dental provided through UHC Nationwide Vision provided by UHC Flexible Spending Account for Health & Dependent Care Pre-Tax Account for Commuter Benefit/Parking & Transit (location-specific) Continuing Education and Professional Development via various integrated platforms, e.g. Udemy and Coursera Corporate Wellness Program provided by Goomi Group Employee Assistance Program Wellness Days 401k Plan Basic and Supplemental Life Insurance Short Term & Long Term Disability Critical Illness, Critical Hospital, and Voluntary Accident Insurance Tuition Reimbursement (available 6 months after start date, capped) Paid Time Off (accrued and prorated, maximum of 120 hours annually) Paid Holidays Any other statutory leaves, paid time, or other ancillary benefits required under state and federal law",06/04/2026,Not Specified,"San Jose, CA",Astreya,https://astreya.wd5.myworkdayjobs.com/en-US/life-at-astreya-opportunities/job/San-Jose-CA/Incident-Response-Analyst-II_R0014744,Full time
Project & Program Management I,"What this Job Entails:  The Project & Program Management I role is responsible for planning and coordinating all aspects of internal information, system-specific projects from initiation to delivery. Projects often involve network, server, or software implementation and upgrades, and PC deployment. The role oversees work performed by IT staff and internal customers/partners by defining project requirements, performing feasibility and needs/impact assessments. The role develops detailed project plans and manages all implementation processes including resource allocation, progress tracking, monitoring change control process, testing, documentation, training and on-time delivery within budget constraints. Projects may vary in number, size and complexity.  Scope:  Applies company policies and procedures to resolve routine issues Works on problems of limited scope Receives detailed instructions Your Roles and Responsibilities: Manages cross-functional and technical projects.  Partner with functional teams during initiation, plan, design, procurement, deployment, and post deployment phases.  Responsible for managing/tracking program milestones, timeline, and overall deliverables.  Creates and maintains comprehensive project documentation including schedules, reviews, process documents, risk analysis, etc.  Assist in the definition of project scope and objectives, involving all relevant stakeholders and ensuring technical feasibility.  Help to drive project lifecycle milestones from concept commit through project closure and advocate change management.  Assist with using metrics and KPIs to measure project performance using appropriate tools and techniques, and provide regular status updates.  Help with internal process improvements; remove gaps, across multiple teams and functions.  Ensure risks are accounted for and provide risk mitigation strategies.  Be a point of contact for vendor partners and internal stakeholders.  Coordinate and assist with regularly scheduled meetings with core teams.  Assist with evaluation of post project results against metrics; recommend or implement changes to improve delivery practices/processes.  Other duties as required. This list is not meant to be a comprehensive inventory of all responsibilities assigned to this position. Required Qualifications/Skills: Bachelor’s degree (B.S/B.A) from four-college or university and 0 to 2 years’ related experience and/or training; or equivalent combination of education and experience  8 years of total professional experience, including 2 years of project management experience. At least 1 year of hands-on experience with Jira 1 year of IT Asset Management (ITAM). Builds stable working relationships internally Follows standard practice and procedures when analyzing situations or data Understanding of project management teams, resolving conflict, and meeting schedule timelines Excellent communication skills (verbal, written, documentation) Ability to work on multiple projects and assignments concurrently Self-starter who is able to quickly learn new tools and gain familiarity with new processes and technologies with minimal assistance Familiarity with creating spreadsheets, presentation material, and project/process documentation Strong observational and analytical skills, including: ability to collect, organize, analyze and disseminate significant amounts of information, strong attention to detail and accuracy, ability to track and report metrics, and manage risks Ability to collaborate with stakeholders and communicate project updates to client executives.  Preferred Qualifications:  Various certifications Change management knowledge  Familiarity with various project management methodologies  Physical Demand & Work Environment: Must have the ability to perform office-related tasks which may include prolonged sitting or standing Must have the ability to move from place to place within an office environment Must be able to use a computer Must have the ability to communicate effectively  Some positions may require occasional repetitive motion or movements of the wrists, hands, and/or fingers",06/04/2026,Not Specified,"Taguig City, Philippines",Astreya,https://astreya.wd5.myworkdayjobs.com/en-US/life-at-astreya-opportunities/job/Taguig-City-Philippines/Project---Program-Management-I_R0014315,Full time
Network Deployment Engineer II,"What this Job Entails: The Network Deployment Engineer II will design, develop, build and test systems and products based on optic, photonic and laser technologies. The position will interact with device, hardware and software design teams to assist in overall development of optical systems. The position will be responsible for specifying, selecting and qualifying active and passive optical components. The role will also assist with developing and benchmarking system performance models, developing and assisting with implementing test procedures and/or evaluating and selecting appropriate test instrumentation. Scope:  Applies company policies and procedures to resolve a variety of issues Works on problems of moderate scope Receives general instructions on routine work and detailed instructions on new projects Your Roles and Responsibilities: Deploy, configure, and support a large-scale production and corporate network and server infrastructure in data centers and Point of Presence (POP) sites throughout the assigned region Calculate and document equipment power requirements and work with Engineering, Facilities Operations, and/or collocation vendors to meet these requirements Participate in project timelines to support network turn-up within expected completion intervals Responsible for asset management of networking gear in datacenter and POP sites Proactively contribute to documentation, automation and processes as they evolve Create network and server rack face elevations, floor plans, wiring diagrams, and detailed port maps for new deployments and documentation Create statements of work for vendors at the POP sites Prepare cage and rack designs, and understand the overall needs of POP infrastructure Document and follow RMA processes and procedures for all relevant vendors Follow, improve, and implement data center and POP best practices Provide necessary escalations to higher support tier; assist Sales and Customer Support with technical operations, and work with internal departments to ensure customer satisfaction Work closely with Network Engineering, Logistics, and equipment vendors as new equipment and technologies are integrated into the production network Use internal tools and scripts to configure, monitor, and repair servers and network equipment Detect and diagnose various error/failure conditions across an array of server types Other duties as required. This list is not meant to be a comprehensive inventory of all responsibilities assigned to this position Required Qualifications/Skills: Bachelor’s degree (B.S/B.A) from four-college or university and 2 to 5 years’ related experience and/or training; or equivalent combination of education and experience  Builds productive internal and external working relationships Exercises judgment within defined procedures and practices to determine appropriate action Must have an understanding of data center network architecture and common issues related to data center networks Knowledgeable in data center practices (i.e. cable routing, calculating power usage and cooling) Experience with field-based work in POPs, carrier hotels, or central office environments Experience with enterprise and service provider network hardware platforms and architectures, including data center switching platforms Must have a sound and in-depth understanding of IP technologies such as MPLS, BGP, RSVP-TE, IS-IS Basic understanding of transmission technology and circuit troubleshooting techniques Solid understanding of fiber-optic technology including cable types, connector types, optic types, patch panels, and optical transport technologies Proficiency in various operating systems Ability to capture and analyze traffic Solid understanding of queue management for tasks and incidents, vendor engagement, and escalation and participation in ongoing POPs deployment projects Demonstrated ability to analyze complex situations and utilize troubleshooting skills, systems and tools, and creative problem solving abilities under pressure Excellent communication skills Experience in dealing with service providers and colocation facilities around the world Ability to work within a global team in a fast-paced and dynamic environment with limited supervision Strong attention to detail with excellent time management and organization skills 20% to 50% of travel required Preferred Qualifications:  Understanding of various scripting languages is strongly desired Certification such as CCNA, JNCIA, RHCT, or equivalent experience Physical Demand & Work Environment: Must have the ability to lift/move 30-40 lbs. Must have the ability to perform office-related tasks which may include prolonged sitting or standing Must have the ability to move from place to place within an office environment Must be able to use a computer Must have the ability to communicate effectively  Some positions may require occasional repetitive motion or movements of the wrists, hands, and/or fingers Salary Range $72,960.00 - $115,200.00 USD (Salary) Please note that the salary information provided herein is base pay only (gross); it does not include other forms of compensation which may or may not apply to this specific position, namely, performance-based bonuses, benefits-related payments, or other general incentives - none of which are guaranteed, may be subject to specific eligibility requirements, and are wholly within the discretion of Astreya to remit. Further, the salary information noted above is a range that consists of a minimum and maximum rate of pay for this specific position. Where an applicant or employee is placed on this range will depend and be contingent on objective, documented work-related considerations like education, experience, certifications, licenses, preferred qualifications, among other factors. Astreya  offers comprehensive  b enefits to all Regular, Full-Time Employees,   including: Medical provided through UHC (PPO, HSA, Surest options) / Medical provided through Kaiser (HMO option only) for California employees only Dental provided through UHC Nationwide Vision provided by UHC Flexible Spending Account for Health & Dependent Care Pre-Tax Account for Commuter Benefit/Parking & Transit (location-specific) Continuing Education and Professional Development via various integrated platforms, e.g. Udemy and Coursera Corporate Wellness Program provided by Goomi Group Employee Assistance Program Wellness Days 401k Plan Basic and Supplemental Life Insurance Short Term & Long Term Disability Critical Illness, Critical Hospital, and Voluntary Accident Insurance Tuition Reimbursement (available 6 months after start date, capped) Paid Time Off (accrued and prorated, maximum of 120 hours annually) Paid Holidays Any other statutory leaves, paid time, or other ancillary benefits required under state and federal law",06/04/2026,Not Specified,"San Mateo, CA",Astreya,https://astreya.wd5.myworkdayjobs.com/en-US/life-at-astreya-opportunities/job/San-Mateo-CA/Network-Deployment-Engineer-II_R0014496,Full time
Service Desk Specialist III,"We are seeking a dedicated and knowledgeable Technical Support Specialist to join our team. As an End User Support IT Specialist, you will provide on-site and remote technical support for internal end-user software, hardware, and connectivity. We are looking for a driven, self-directed, technical professional who can work both independently and with the broader support team. The End User Support team is singularly focused on delivering a seamless technology experience for all users. The right candidate is capable of quickly and efficiently resolving a wide range of technical issues while providing top-tier customer service to our end users. Required Qualifications/Skills: Identify, triage, troubleshoot, diagnose, and resolve complex technical problems via in-person, phone, chat, and email-based support channels. Troubleshoot technology issues related to hardware, software, user accounts, trading environments, operating systems, and mobility Fulfill IT hardware requests requiring delivery, setup, or low-level hardware troubleshooting for end users in the office where you’re based. Escalate issues to senior members of the technical support team, infrastructure teams, platform engineering teams, and/or third-party vendors to ensure end-user issues are fixed at their root and do not recur. Provide excellent customer service experiences for all end users, traders, and senior leadership, acting as the end user’s advocate, ensuring their issues are fully fixed and they have an optimal IT experience. Collaborate effectively with both local and remote or distributed team members to accomplish small support tasks and large technical projects. 5-7+ years of relevant technical support experience in a medium to large, complex, and fast-moving enterprise environment. Advanced knowledge of Windows, macOS, Linux, iOS, Android, networking, and information security topics. Working knowledge of Active Directory, Azure, Intune, DNS, DHCP, Microsoft Exchange, TCP/IP, and VPN. Working knowledge of messaging platforms, telecommunication tools, collaboration tools, and video conferencing (e.g., WebEx, MS Teams, Zoom). Ability to communicate effectively and professionally across all settings to technical and non-technical audiences of all tenure and seniority. Preferred Qualifications:  Experience in the financial services industry Physical Demand & Work Environment: Must have the ability to perform office-related tasks which may include prolonged sitting or standing Must have the ability to move from place to place within an office environment Must be able to use a computer Must have the ability to communicate effectively  Some positions may require occasional repetitive motion or movements of the wrists, hands, and/or fingers Salary Range $30.12 - $50.19 USD (Hourly) Please note that the salary information provided herein is base pay only (gross); it does not include other forms of compensation which may or may not apply to this specific position, namely, performance-based bonuses, benefits-related payments, or other general incentives - none of which are guaranteed, may be subject to specific eligibility requirements, and are wholly within the discretion of Astreya to remit. Further, the salary information noted above is a range that consists of a minimum and maximum rate of pay for this specific position. Where an applicant or employee is placed on this range will depend and be contingent on objective, documented work-related considerations like education, experience, certifications, licenses, preferred qualifications, among other factors. Astreya  offers comprehensive  b enefits to all Regular, Full-Time Employees,   including: Medical provided through UHC (PPO, HSA, Surest options) / Medical provided through Kaiser (HMO option only) for California employees only Dental provided through UHC Nationwide Vision provided by UHC Flexible Spending Account for Health & Dependent Care Pre-Tax Account for Commuter Benefit/Parking & Transit (location-specific) Continuing Education and Professional Development via various integrated platforms, e.g. Udemy and Coursera Corporate Wellness Program provided by Goomi Group Employee Assistance Program Wellness Days 401k Plan Basic and Supplemental Life Insurance Short Term & Long Term Disability Critical Illness, Critical Hospital, and Voluntary Accident Insurance Tuition Reimbursement (available 6 months after start date, capped) Paid Time Off (accrued and prorated, maximum of 120 hours annually) Paid Holidays Any other statutory leaves, paid time, or other ancillary benefits required under state and federal law",06/04/2026,Not Specified,"Houston, TX",Astreya,https://astreya.wd5.myworkdayjobs.com/en-US/life-at-astreya-opportunities/job/Houston-TX/Service-Desk-Specialist-III_R0014459,Full time
Project & Program Management IV,"What this Job Entails:  The Project & Program Management IV role is responsible for planning and coordinating all aspects of internal information, system-specific projects from initiation to delivery. Projects often involve network, server, or software implementation and upgrades, and PC deployment. The role coordinates work performed by IT staff and internal customers/partners by defining project requirements, performing feasibility and needs/impact assessments. The role develops detailed project plans and manages all implementation processes including resource allocation, progress tracking, monitoring change control process, testing, documentation, training and on-time delivery within budget constraints. Projects may vary in number, size and complexity.  Scope:  Uses professional concepts and company objectives to resolve complex issues in creative and effective ways Works on complex issues where analysis of situations or data requires an in-depth evaluation of variable factors Your Roles and Responsibilities: Manage multiple, complex, cross-functional and technical projects.  Partner with functional teams during initiation, plan, design, procurement, deployment, and post deployment phases.  Responsible for managing/tracking program milestones, timeline, and overall deliverables.  Lead creation and maintenance of comprehensive project documentation including schedules, reviews, process documents, risk analysis, etc.  Take a leadership role in defining project scope and objectives, involving all relevant stakeholders and ensuring technical feasibility.  Participate in driving project lifecycle milestones from concept commit through project closure and advocate change management.  Use metrics and KPIs to measure project performance using appropriate tools and techniques, and provide regular status updates.  Responsible for internal process improvements; remove gaps, across multiple teams and functions.  Ensure risks are accounted for and provide risk mitigation strategies.  Primary project point of contact for vendor partners and internal stakeholders.  Coordinate and manage regularly scheduled meetings with core teams.  Evaluate post project results against metrics; recommend or implement changes to improve delivery practices/processes.  Other duties as required. This list is not meant to be a comprehensive inventory of all responsibilities assigned to this position. Required Qualifications/Skills: B achelor’s degree (B.S/B.A) from four-college or university and 8+ years’ related experience and/or training; or equivalent combination of education and experience  Networks with key contacts outside own area of expertise Determines methods and procedures on new assignments and may coordinate activities of other personnel Experience working with project management teams, resolving conflict, and meeting schedule timelines Excellent communication skills (verbal, written, documentation) Ability to work on multiple projects and assignments concurrently Self-starter who is able to quickly learn new tools and gain familiarity with new processes and technologies with minimal assistance In-depth experience creating spreadsheets, presentation material, and project/process documentation Strong observational and analytical skills, including: ability to collect, organize, analyze and disseminate significant amounts of information, strong attention to detail and accuracy, ability to track and report metrics, and manage risks Proven ability to collaborate with stakeholders and communicate project updates to client executives.  Various certifications Change management knowledge  Familiarity with various project management methodologies  Preferred Qualifications:  Physical Demand & Work Environment: Must have the ability to perform office-related tasks which may include prolonged sitting or standing Must have the ability to move from place to place within an office environment Must be able to use a computer Must have the ability to communicate effectively  Some positions may require occasional repetitive motion or movements of the wrists, hands, and/or fingers Salary Range $92,880.00 - $154,800.00 USD (Salary) Please note that the salary information provided herein is base pay only (gross); it does not include other forms of compensation which may or may not apply to this specific position, namely, performance-based bonuses, benefits-related payments, or other general incentives - none of which are guaranteed, may be subject to specific eligibility requirements, and are wholly within the discretion of Astreya to remit. Further, the salary information noted above is a range that consists of a minimum and maximum rate of pay for this specific position. Where an applicant or employee is placed on this range will depend and be contingent on objective, documented work-related considerations like education, experience, certifications, licenses, preferred qualifications, among other factors. Astreya  offers comprehensive  b enefits to all Regular, Full-Time Employees,   including: Medical provided through UHC (PPO, HSA, Surest options) / Medical provided through Kaiser (HMO option only) for California employees only Dental provided through UHC Nationwide Vision provided by UHC Flexible Spending Account for Health & Dependent Care Pre-Tax Account for Commuter Benefit/Parking & Transit (location-specific) Continuing Education and Professional Development via various integrated platforms, e.g. Udemy and Coursera Corporate Wellness Program provided by Goomi Group Employee Assistance Program Wellness Days 401k Plan Basic and Supplemental Life Insurance Short Term & Long Term Disability Critical Illness, Critical Hospital, and Voluntary Accident Insurance Tuition Reimbursement (available 6 months after start date, capped) Paid Time Off (accrued and prorated, maximum of 120 hours annually) Paid Holidays Any other statutory leaves, paid time, or other ancillary benefits required under state and federal law",06/04/2026,Not Specified,"Council Bluffs, IA",Astreya,https://astreya.wd5.myworkdayjobs.com/en-US/life-at-astreya-opportunities/job/Council-Bluffs-IA/Project---Program-Management-IV_R0014414,Full time
Infrastructure Design Engineer,"What this Job Entails: We are looking for a skilled Infrastructure Design Engineer to join our team to support global data center design. You will be responsible for designing, implementing, and maintaining our data center infrastructure to ensure optimal performance, reliability, and security. You will work closely with our engineering teams to support our growing infrastructure needs, and you will display your work via your command of your network infrastructure design experience. Responsibilities: Design and create layouts of data center infrastructure including facilities structure, cabinets, overhead ladders and raceways, structured cabling, hot/cold aisles, cabinets, mechanical, electrical, servers, storage, and networking equipment. Perform capacity planning and resource allocation to ensure the scalability and efficiency of our data center environment. Monitor and optimize the performance of data center infrastructure components to meet service level agreements (SLAs) and business requirements. Troubleshoot and resolve infrastructure-related issues, collaborating with cross-functional teams as needed. Implement and maintain security measures to protect data center assets and ensure compliance with industry standards and regulations. Plan and execute infrastructure upgrades and migrations with minimal impact on ongoing operations. Document configurations, processes, and procedures to ensure knowledge sharing and operational continuity. Stay abreast of the latest developments in data center technologies and best practices, recommending and implementing improvements as necessary. Utilize AutoCAD design experience to create detailed technical drawings and models for data center layouts and infrastructure components. Requirements: Proven experience designing and deploying infrastructure in a colocation, inside plant, or telecommunications facility or similar role in a large-scale data center or telecom environment. Strong knowledge of data center architecture along with the minimum design requirements for network, compute and storage racks as well as layer 2/3 connectivity and virtualization platforms (e.g., VMware, Hyper-V). Solid understanding of physical design standards (ANSI/TIA-942) and IT security best practices in data centers and colocation facilities. Strong understanding of public cloud infrastructure and the global footprint for a geographically diverse production network.   Excellent troubleshooting skills with the ability to analyze complex issues and implement effective solutions. Strong communication and interpersonal skills, with the ability to collaborate effectively with cross-functional teams. Relevant certifications (e.g., CCNA, MCSE, VCP, Autodesk Certified Professional) would be a plus. Proficiency in AutoCAD or similar software for designing data center layouts and infrastructure components. Physical Demand & Work Environment: Must have the ability to perform office-related tasks which may include prolonged sitting or standing Must have the ability to move from place to place within an office environment Must be able to use a computer Must have the ability to communicate effectively  Some positions may require occasional repetitive motion or movements of the wrists, hands, and/or fingers",06/04/2026,Not Specified,"Kuala Lumpur, Malaysia",Astreya,https://astreya.wd5.myworkdayjobs.com/en-US/life-at-astreya-opportunities/job/Kuala-Lumpur-Malaysia/Infrastructure-Design-Engineer_R0014388,Full time
Infrastructure Design Engineer,"What this Job Entails: We are looking for a skilled Infrastructure Design Engineer to join our team to support global data center design. You will be responsible for designing, implementing, and maintaining our data center infrastructure to ensure optimal performance, reliability, and security. You will work closely with our engineering teams to support our growing infrastructure needs, and you will display your work via your command of your network infrastructure design experience. Responsibilities: Design and create layouts of data center infrastructure including facilities structure, cabinets, overhead ladders and raceways, structured cabling, hot/cold aisles, cabinets, mechanical, electrical, servers, storage, and networking equipment. Perform capacity planning and resource allocation to ensure the scalability and efficiency of our data center environment. Monitor and optimize the performance of data center infrastructure components to meet service level agreements (SLAs) and business requirements. Troubleshoot and resolve infrastructure-related issues, collaborating with cross-functional teams as needed. Implement and maintain security measures to protect data center assets and ensure compliance with industry standards and regulations. Plan and execute infrastructure upgrades and migrations with minimal impact on ongoing operations. Document configurations, processes, and procedures to ensure knowledge sharing and operational continuity. Stay abreast of the latest developments in data center technologies and best practices, recommending and implementing improvements as necessary. Utilize AutoCAD design experience to create detailed technical drawings and models for data center layouts and infrastructure components. Requirements: Proven experience designing and deploying infrastructure in a colocation, inside plant, or telecommunications facility or similar role in a large-scale data center or telecom environment. Strong knowledge of data center architecture along with the minimum design requirements for network, compute and storage racks as well as layer 2/3 connectivity and virtualization platforms (e.g., VMware, Hyper-V). Solid understanding of physical design standards (ANSI/TIA-942) and IT security best practices in data centers and colocation facilities. Strong understanding of public cloud infrastructure and the global footprint for a geographically diverse production network.   Excellent troubleshooting skills with the ability to analyze complex issues and implement effective solutions. Strong communication and interpersonal skills, with the ability to collaborate effectively with cross-functional teams. Relevant certifications (e.g., CCNA, MCSE, VCP, Autodesk Certified Professional) would be a plus. Proficiency in AutoCAD or similar software for designing data center layouts and infrastructure components. Physical Demand & Work Environment: Must have the ability to perform office-related tasks which may include prolonged sitting or standing Must have the ability to move from place to place within an office environment Must be able to use a computer Must have the ability to communicate effectively  Some positions may require occasional repetitive motion or movements of the wrists, hands, and/or fingers",06/04/2026,Not Specified,"Singapore, Singapore",Astreya,https://astreya.wd5.myworkdayjobs.com/en-US/life-at-astreya-opportunities/job/Singapore-Singapore/Infrastructure-Design-Engineer_R0014387,Full time
Data Analyst II,"What this Job Entails: We are looking for a Data Analyst II to join our growing team of analytics experts. The hire will be responsible for statistical modeling, and analysis of structured and unstructured datasets to develop metrics, reports, and visualizations of trends and patterns. The Data Analyst identifies and captures data from internal and external sources. The Data Analyst will ensure consistency throughout ongoing projects.  Scope:  Uses professional concepts and company objectives to resolve complex issues in creative and effective ways Works on complex issues where analysis of situations or data requires an in-depth evaluation of variable factors Your Roles and Responsibilities: Develop and maintain complex data models and visualizations to track key performance indicators (KPIs) related to demand forecasting, capacity planning, and supply chain operations. Utilize strong SQL skills to extract, transform, and analyze large datasets from various sources, including internal databases, external APIs, and cloud-based platforms. Design and implement data pipelines to automate data collection, cleaning, and processing, ensuring data accuracy and integrity. Conduct in-depth analysis of supply chain and product utilization data to identify trends, patterns, and anomalies, and provide actionable insights to optimize resource allocation and improve operational efficiency. Collaborate with cross-functional teams, including demand planners, supply planners, and product managers, to understand their data requirements and provide tailored reports and dashboards. Proactively identify opportunities for process improvement and automation, and develop innovative solutions to enhance data analysis capabilities. Contribute to the development of processes and procedures to improve data accuracy Implement dashboards to drive clear communication around the story being told by the data Required Qualifications/Skills: Bachelor’s degree (B.S/B.A) from four-college or university and 3+ years’ related experience and/or training; or equivalent combination of education and experience  Builds productive internal and external working relationships Exercises judgment within defined procedures and practices to determine appropriate action Utilize strong SQL skills to extract, transform, and analyze large datasets from various sources, including internal databases, external APIs, and cloud-based platforms.  Creating and modifying macros, as well as creating dashboards using SQL coding. Experience with Data-Analytics and creating Dashboards. Excellent written communication skills  High level of attention to detail Advanced Excel skills to include; formulas, functions, pivot tables, lookup and reference formulas (i.e. vlookups), statistical formulas (countifs, sumifs), macros (ability to create new and edit existing), conditional formatting, importing data, creating graphs/charts, etc.  Ability to independently analyze large amounts of data; including the ability to identify, analyze, and interpret trends, gaps, patterns in complex data sets Preferred Qualifications:  Experience using Google PLX Dashboards Supply Chain / Manufacturing / Logistics Background Project Management Experience. Physical Demand & Work Environment: Must have the ability to perform office-related tasks which may include prolonged sitting or standing Must have the ability to move from place to place within an office environment Must be able to use a computer Must have the ability to communicate effectively  Some positions may require occasional repetitive motion or movements of the wrists, hands, and/or fingers",06/04/2026,Not Specified,2 Locations,Astreya,https://astreya.wd5.myworkdayjobs.com/en-US/life-at-astreya-opportunities/job/Remote-India/Data-Analyst-II_R0014341,Full time
IT Infrastructure Installation Engineer,"What this Job Entails: The Network Deployment Engineer III will design, develop, build and test systems and products based on optic, photonic and laser technologies. The position will interact with device, hardware and software design teams to assist in overall development of optical systems. The position will be responsible for specifying, selecting and qualifying active and passive optical components. The role will also assist with developing and benchmarking system performance models, developing and assisting with implementing test procedures and/or evaluating and selecting appropriate test instrumentation. Scope:  Resolves a wide range of issues in creative ways Seasoned, experienced professional with a full understanding of their speciality Works on problems of a diverse scope  Receives little instruction on day to day work, general instruction on new assignments Your Roles and Responsibilities: Deploy, configure, and support a large-scale production and corporate network and server infrastructure in data centers and Point of Presence (POP) sites throughout the assigned region Calculate and document equipment power requirements and work with Engineering, Facilities Operations, and/or collocation vendors to meet these requirements Manage project timelines to support network turn-up within expected completion intervals Responsible for asset management of networking gear in datacenter and POP sites Proactively contribute to documentation, automation and processes as they evolve Create network and server rack face elevations, floor plans, wiring diagrams, and detailed port maps for new deployments and documentation Create statements of work for vendors at the POP sites Create cage and rack designs, and understand the overall needs of POP infrastructure Document and follow RMA processes and procedures for all relevant vendors Follow, improve, and implement data center and POP best practices Provide necessary escalations to higher support tier; assist Sales and Customer Support with technical operations, and work with internal departments to ensure customer satisfaction Work closely with Network Engineering, Logistics, and equipment vendors as new equipment and technologies are integrated into the production network Use internal tools and scripts to configure, monitor, and repair servers and network equipment Detect and diagnose various error/failure conditions across an array of server types Other duties as required. This list is not meant to be a comprehensive inventory of all responsibilities assigned to this position Required Qualifications/Skills: Bachelor’s degree (B.S/B.A) from four-college or university and 5 to 8 years’ related experience and/or training; or equivalent combination of education and experience  Networks with senior internal and external personnel in own area of expertise Demonstrates good judgment in selecting methods and techniques for obtaining solutions Must have an understanding of data center network architecture and common issues related to data center networks Knowledgeable in data center practices (i.e. cable routing, calculating power usage and cooling) Experience with field-based work in POPs, carrier hotels, or central office environments Experience with enterprise and service provider network hardware platforms and architectures, including data center switching platforms Must have a sound and in-depth understanding of IP technologies such as MPLS, BGP, RSVP-TE, IS-IS Basic understanding of transmission technology and circuit troubleshooting techniques Solid understanding of fiber-optic technology including cable types, connector types, optic types, patch panels, and optical transport technologies Proficiency in various operating systems Ability to capture and analyze traffic Solid understanding of queue management for tasks and incidents, vendor engagement, and escalation and participation in ongoing POPs deployment projects Demonstrated ability to analyze complex situations and utilize troubleshooting skills, systems and tools, and creative problem solving abilities under pressure Excellent communication skills Experience in dealing with service providers and colocation facilities around the world Ability to work within a global team in a fast-paced and dynamic environment with limited supervision Strong attention to detail with excellent time management and organization skills 20% to 50% of travel required Preferred Qualifications:  Understanding of various scripting languages is strongly desired Certification such as CCNA, JNCIA, RHCT, or equivalent experience Physical Demand & Work Environment: Must have the ability to lift/move 30-40 lbs. Must have the ability to perform office-related tasks which may include prolonged sitting or standing Must have the ability to move from place to place within an office environment Must be able to use a computer Must have the ability to communicate effectively  Some positions may require occasional repetitive motion or movements of the wrists, hands, and/or fingers",06/04/2026,Not Specified,2 Locations,Astreya,https://astreya.wd5.myworkdayjobs.com/en-US/life-at-astreya-opportunities/job/Hyderabad-India/IT-Infrastructure-Installation-Engineer_R0014404,Full time
Hardware Support Technician I,"What this Job Entails:  The Hardware Support Technician I provides procurement, inventory management, asset management, distribution and logistics services for pre-market consumer electronics across the globe. The role also provides technical assistance to ensure the products are getting shipped with the right image. The person in this role works with cutting edge technology and pre-market consumer electronics. Scope:  Follows established procedures on routine work Requires detailed instructions  Your Roles and Responsibilities: Assist with inventory and asset management including receipt and disposition of hardware Document all defects of pre-mass production hardware and/or software Help perform hardware reworks (e.g., swapping out boards/chips, removing write-protect screws, etc.) Help perform software reworks (e.g., imaging devices to different builds; wipe data, rewrite system hardware ID’s, etc.) Assist with servo flashing, firmware upgrade, flashing unsigned images Helps in resolving support tickets on device issues Help provide technical support during events (travel often required) Other duties as required. This list is not meant to be a comprehensive inventory of all responsibilities assigned to this position Required Qualifications/Skills: High school diploma or general education degree (GED) 0 to 2 years’ related experience and/or training; or equivalent combination of education and experience IT savvy and interested in new technologies Knowledgeable about inventory, and comfortable in an IT inventory environment Capable of following technical instructions to flash drives, image devices and re-write hardware IDs Excellent communicator in both written and verbal English Ability to work in a team Ability to excel in a fast paced work environment. Ability to learn new things and adapt to a changing environment quickly Strong organization skills, and able to identify the steps to be taken to achieve objectives Preferred Qualifications:  Data experience Excel experience Physical Demand & Work Environment: Must have the ability to perform office-related tasks which may include prolonged sitting or standing Must have the ability to move from place to place within an office environment Must be able to use a computer Must have the ability to communicate effectively  Some positions may require occasional repetitive motion or movements of the wrists, hands, and/or fingers",06/04/2026,Not Specified,"New Taipei City, Taiwan",Astreya,https://astreya.wd5.myworkdayjobs.com/en-US/life-at-astreya-opportunities/job/New-Taipei-City-Taiwan/Hardware-Support-Technician-I_R0014204,Full time
Lab Networking Field Service Technician,"What This Job Entails: The  Lab Networking Field Service Technician  plays a hands-on role supporting enterprise lab network infrastructure across multiple lab sites in the Bay Area. This technician is responsible for hardware installation, cabling, equipment relocation, on-site troubleshooting, and documenting work performed across lab environments. You’ll work closely with cross-functional engineering teams and act as the on-site presence for the broader infrastructure and networking team. Scope of Work: Support complex, evolving network environments within Engineering Lab spaces (not traditional data centers) Travel between buildings and labs across the Bay Area based on daily task requirements Work with cross-functional engineering, operations, and remote infrastructure teams to support lab network deployments, changes, and ongoing needs Represent the team as the on-site point of contact for lab users needing networking or infrastructure support Prioritize customer service and flexibility in dynamic lab environments Work with moderate supervision while following SOPs and established processes Roles and Responsibilities: Install, move, and decommission lab networking equipment, including switches, servers, racks, cabling, and cable management infrastructure Complete onsite surveys to identify network deployment requirements and physical constraints (e.g. rack space, power, cabling paths) Accurately label and document lab assets including devices and cabling Perform structured copper and fiber cabling per design specs and SOPs Update and manage tasks using a standard ticketing system (e.g. Jira, ServiceNow), maintaining clear communication and timely updates Act as Smart Hands support for remote teams—assisting with tasks such as device reboots, cable swaps, visual inspections, and basic diagnostics Follow all lab access, safety, and security procedures Support other lab infrastructure needs as required (patching, audits, inventory checks, cable cleanup, etc.) Collaborate with engineering teams to troubleshoot connectivity or hardware-related issues in lab spaces Required Qualifications & Skills: High school diploma or GED with 2–5 years of hands-on experience in networking, infrastructure, or lab support roles Proven ability to follow documented procedures and adapt to new assignments with minimal supervision Strong communication and customer service skills — ability to work directly with engineers and respond to urgent needs Experience installing and cabling networking equipment (CAT5e, CAT6, fiber: SM/MM) Knowledge of copper/fiber test equipment and cable standards Understanding of basic networking concepts and enterprise infrastructure Comfortable using ticketing systems and documenting work Proficient in Microsoft Office tools and email communication Able to physically lift 50 lbs, move between buildings, and work in standing or crouched positions as needed Must have reliable transportation for local travel between lab sites in the Bay Area Preferred Qualifications: FOA (Fiber Optic Association) Infrastructure Certification CompTIA Network+ Certification CCNA or equivalent networking certification Certifications related to network infrastructure, structured cabling, or field tech services Experience supporting lab environments or office networking deployments Familiarity with remote collaboration tools (e.g., Zoom, Slack) and network troubleshooting software Work Environment & Physical Demands: Must be comfortable working in dynamic lab environments with frequent movement between sites Physical tasks include racking gear, moving equipment, and running cabling under or behind lab benches Occasional repetitive hand and wrist movement Position may require occasional extended hours or short-notice on-site support Salary Range $28.76 - $45.40 USD (Hourly) Please note that the salary information provided herein is base pay only (gross); it does not include other forms of compensation which may or may not apply to this specific position, namely, performance-based bonuses, benefits-related payments, or other general incentives - none of which are guaranteed, may be subject to specific eligibility requirements, and are wholly within the discretion of Astreya to remit. Further, the salary information noted above is a range that consists of a minimum and maximum rate of pay for this specific position. Where an applicant or employee is placed on this range will depend and be contingent on objective, documented work-related considerations like education, experience, certifications, licenses, preferred qualifications, among other factors. Astreya  offers comprehensive  b enefits to all Regular, Full-Time Employees,   including: Medical provided through UHC (PPO, HSA, Surest options) / Medical provided through Kaiser (HMO option only) for California employees only Dental provided through UHC Nationwide Vision provided by UHC Flexible Spending Account for Health & Dependent Care Pre-Tax Account for Commuter Benefit/Parking & Transit (location-specific) Continuing Education and Professional Development via various integrated platforms, e.g. Udemy and Coursera Corporate Wellness Program provided by Goomi Group Employee Assistance Program Wellness Days 401k Plan Basic and Supplemental Life Insurance Short Term & Long Term Disability Critical Illness, Critical Hospital, and Voluntary Accident Insurance Tuition Reimbursement (available 6 months after start date, capped) Paid Time Off (accrued and prorated, maximum of 120 hours annually) Paid Holidays Any other statutory leaves, paid time, or other ancillary benefits required under state and federal law",06/04/2026,Not Specified,2 Locations,Astreya,https://astreya.wd5.myworkdayjobs.com/en-US/life-at-astreya-opportunities/job/Fremont-CA/Lab-Networking-Field-Service-Technician_R0013476,Full time
"Service Delivery, Manager","What this Job Entails:  The Service Delivery Manager is a client facing role and requires that you establish and satisfactorily manage client and employee expectations. The role requires leadership, strong ability to multitask, prioritize, communicate, and direct a very diverse set of teams. The responsibilities range from interviewing, hiring, and managing personnel to perform day to day tasks, ensuring that work is performed as expected, with regular client communication on progress.   Scope:  Works on issues of diverse scope where analysis of a situation or data needs evaluation of multiple factors, including a familiarity with current business trends.  Follows processes and operational policies while selecting methods and techniques for obtaining solutions.  Acts as advisor to subordinates to meet schedules and/or resolve technical problems.  Develops and administers schedules, performance requirements. Your Roles and Responsibilities: Provide leadership to diverse operations teams  Implement, monitor and provide timely reports to customers on service delivery metrics  Implement personnel on-boarding, training, and service improvement activities, ensuring systems, methodologies, and procedures are in place and followed by each service team  Drive internal and client meetings covering delivery performance, service improvements, quality, and processes  Be accountable for the quality of service and performance; ensure future demand from growth and projects are understood and factored into capacity plans for all associated teams  Work closely with Business Development and Client Partner teams to support growth, including help with services content for Statements of Work, and development/transition to stronger managed services capabilities  Works with the SMEs and stakeholders to define the roadmap for any given product and translate this into user stories or RFPs depending on the build decision  Work closely with Recruiting to develop pipeline and process for hiring strong candidates and interview where necessary  Further, develop and maintain retention program and incentives for field employee satisfaction  Manage large projects or delivering the IT components of major projects to time, cost, quality and benefits realisation requirements Assimilate, understand and manage problem solving and opportunities recognition in the context of IT Infrastructure and/or application change solution concept, solutioning, design and deployment in a major software services/hardware environment Takes ownership for the resolution of highly complex issues and risks that have been escalated Leads the collaborative, dynamic planning process – prioritizing the work that needs to be done against the capacity and capability of the team Other duties as required. This list is not meant to be a comprehensive inventory of all responsibilities assigned to this position Required Qualifications/Skills: Bachelor’s degree (B.S/B.A) from four-college or university and 8+ years’ related experience and/or training; or equivalent combination of education and experience  Frequently interacts with subordinate supervisors, customers, and/or functional peer group managers, normally involving matters between functional areas, other company divisions or units, or customers and the company.  Must be able to lead a cooperative effort among members of a project team. A track record of successfully delivering a range of complex, high profile IT projects. Proven track record of implementing and leading improvements in project lifecycle. Able to identify projects at risk and take appropriate action to recover, often working across divisional boundaries. Passionate about the IT industry and how new technology can improve business outcomes. Strong technical knowledge of enterprise IT, including but not limited to help desk, networking, ticket and incident management, AV/VC, and asset management.  Strong analytical, organizational, communication and presentation skills.  Highly adaptable with the ability to effectively manage multiple concurrent work streams.  Strong business acumen and the ability to provide operational, technical and financial oversight.  Proven leadership skills with the ability to motivate, lead, develop, direct and position people to work effectively in a team environment.  Physical Demand & Work Environment: Must have the ability to perform office-related tasks which may include prolonged sitting or standing Must have the ability to move from place to place within an office environment Must be able to use a computer Must have the ability to communicate effectively  Some positions may require occasional repetitive motion or movements of the wrists, hands, and/or fingers",06/04/2026,Not Specified,"Dublin, Ireland",Astreya,https://astreya.wd5.myworkdayjobs.com/en-US/life-at-astreya-opportunities/job/Dublin-Ireland/Service-Delivery--Manager_R0014205,Full time
Service Desk Specialist II,"We are seeking a dedicated and knowledgeable Technical Support Specialist to join our team. As an End User Support IT Specialist, you will provide on-site and remote technical support for internal end-user software, hardware, and connectivity. We are looking for a driven, self-directed, technical professional who can work both independently and with the broader support team. The End User Support team is singularly focused on delivering a seamless technology experience for all users. The right candidate is capable of quickly and efficiently resolving a wide range of technical issues while providing top-tier customer service to our end users. Scope:  Applies company policies and procedures to resolve a variety of issues Works on problems of moderate scope Receives general instructions on routine work and detailed instructions on new projects Your Roles and Responsibilities: Identify, triage, troubleshoot, diagnose, and resolve complex technical problems via in-person, phone, chat, and email-based support channels. Troubleshoot technology issues related to hardware, software, user accounts, trading environments, operating systems, and mobility Fulfill IT hardware requests requiring delivery, setup, or low-level hardware troubleshooting for end users in the office where you’re based. Escalate issues to senior members of the technical support team, infrastructure teams, platform engineering teams, and/or third-party vendors to ensure end-user issues are fixed at their root and do not recur. Provide excellent customer service experiences for all end users, traders, and senior leadership, acting as the end user’s advocate, ensuring their issues are fully fixed and they have an optimal IT experience. Collaborate effectively with both local and remote or distributed team members to accomplish small support tasks and large technical projects. Other duties as required. This list is not meant to be a comprehensive inventory of all responsibilities assigned to this position Required Qualifications/Skills: Bachelor’s degree (B.S/B.A) from four-college or university and 2 to 5 years’ related experience and/or training; or equivalent combination of education and experience  5+ years of relevant technical support experience in a medium to large, complex, and fast-moving enterprise environment. Advanced knowledge of Windows, macOS, Linux, iOS, Android, networking, and information security topics. Working knowledge of Active Directory, Azure, Intune, DNS, DHCP, Microsoft Exchange, TCP/IP, and VPN. Working knowledge of messaging platforms, telecommunication tools, collaboration tools, and video conferencing (e.g., WebEx, MS Teams, Zoom). Ability to communicate effectively and professionally across all settings to technical and non-technical audiences of all tenure and seniority. Builds productive internal and external working relationships Exercises judgment within defined procedures and practices to determine appropriate action Ability to work independently with minimal supervision Excellent coordination skills and a team player Ability to identify issues and escalate as needed Excellent written and oral communication skills Strong interpersonal and customer service skills Ability to resolve technical issues under pressure Preferred Qualifications:  Experience working in the financial services industry Physical Demand & Work Environment: Must have the ability to perform office-related tasks which may include prolonged sitting or standing Must have the ability to move from place to place within an office environment Must be able to use a computer Must have the ability to communicate effectively  Some positions may require occasional repetitive motion or movements of the wrists, hands, and/or fingers Ability to lift and carry 50 pounds or more of equipment safely, multiple times per day.  Salary Range $27.24 - $45.40 USD (Hourly) Please note that the salary information provided herein is base pay only (gross); it does not include other forms of compensation which may or may not apply to this specific position, namely, performance-based bonuses, benefits-related payments, or other general incentives - none of which are guaranteed, may be subject to specific eligibility requirements, and are wholly within the discretion of Astreya to remit. Further, the salary information noted above is a range that consists of a minimum and maximum rate of pay for this specific position. Where an applicant or employee is placed on this range will depend and be contingent on objective, documented work-related considerations like education, experience, certifications, licenses, preferred qualifications, among other factors. Astreya  offers comprehensive  b enefits to all Regular, Full-Time Employees,   including: Medical provided through UHC (PPO, HSA, Surest options) / Medical provided through Kaiser (HMO option only) for California employees only Dental provided through UHC Nationwide Vision provided by UHC Flexible Spending Account for Health & Dependent Care Pre-Tax Account for Commuter Benefit/Parking & Transit (location-specific) Continuing Education and Professional Development via various integrated platforms, e.g. Udemy and Coursera Corporate Wellness Program provided by Goomi Group Employee Assistance Program Wellness Days 401k Plan Basic and Supplemental Life Insurance Short Term & Long Term Disability Critical Illness, Critical Hospital, and Voluntary Accident Insurance Tuition Reimbursement (available 6 months after start date, capped) Paid Time Off (accrued and prorated, maximum of 120 hours annually) Paid Holidays Any other statutory leaves, paid time, or other ancillary benefits required under state and federal law",06/04/2026,Not Specified,"Miami, FL",Astreya,https://astreya.wd5.myworkdayjobs.com/en-US/life-at-astreya-opportunities/job/Miami-FL/Service-Desk-Specialist-II_R0014138,Full time
Data Center Embedded Tech Specialist II,"What this Job Entails:  • Access Control and CCTV Installation: o Lead the installation and configuration of access control and CCTV systems. o Ensure proper integration of access control and CCTV components for seamless functionality. o Troubleshoot and resolve technical issues during installation. • Service and Maintenance: o Conduct routine maintenance checks on access control and CCTV systems. o Respond promptly to service requests and provide timely resolution to technical issues. o Implement preventive measures to avoid system downtime. • Data Center Environment: o Apply knowledge and experience in working within a data center environment. o Familiarity with data center protocols and security measures is highly desirable. o Ensure compliance with data center policies and procedures. • Documentation: o Maintain accurate and detailed records of all installation and service activities. o Generate comprehensive reports and maintain internal documentation purposes. • Traveling: Traveling is part of the work requirement. Which include, but not limited to the following: Requires traveling between work sites within Johor state, to another state within Malaysia Traveling also into Singapore to support the work/project. Adhoc oversea assignment   Data Center Embedded Technician Qualification Basic Qualifications • Education: o Minimum of a technical diploma or relevant certification in electronics, information technology, or a related field. • Experience: o 5-10 years relevant experience o Proven experience as a lead technician or service technician in access control and CCTV systems. o Demonstrated expertise in troubleshooting and problem-solving. • Technical Skills: o Expertise in installing, configuring, programming, commissioning, and servicing ACS and CCTV systems o Knowledge of network infrastructure, networking protocols and data communication in a data center environment. o Basic scripting knowledge is a plus (Powershell, Bash) •  Leadership Skills: o Ability to lead and mentor a team of technicians. o Strong communication skills for effective collaboration with internal teams and clients. o Ability to work independently and collaboratively in a team. • Problem-solving: o Analytical mindset with the ability to identify and resolve complex technical issues. o Proactive approach to troubleshooting and system optimization. • Flexibility: o Adaptability to changing project requirements and schedules. o Willingness to work outside regular business hours when necessary.",06/04/2026,Not Specified,"Johor, Malaysia",Astreya,https://astreya.wd5.myworkdayjobs.com/en-US/life-at-astreya-opportunities/job/Johor-Malaysia/Data-Center-Embedded-Tech-Specialist-II_R0012106-1,Full time
Fiber Network Mapping Specialist IV,"The Opportunity:  Launch Your Career in Global Data Infrastructure Are you passionate about networking, meticulous about data, and ready to kickstart your career in the high-growth field of fiber network  infrastructure? We are seeking a highly motivated and detail-oriented Fiber Network Mapping Specialist to join our team. This role is your entry point into understanding the physical architecture of a global fiber network. You won't just be entering data; you'll be trained to build and maintain the ever growing footprint of our customer fiber network. We are looking for candidates with foundational knowledge, an appetite for complex problem-solving, and a commitment to high-quality work. If you are eager to learn from expert engineers and want your work to have a tangible impact on global connectivity, this is the role for you. Core Responsibilities Digital Modeling:  Learn to document, edit, and manage all Outside Plant (OSP) long-haul fiber networks fiber assets interconnecting various Points-of-Presence (POPs) types. This includes recording fiber connectivity, cable routes, splice records, and physical layer specifications to be used by vendors for installation, maintenance, and troubleshooting. Data Integrity & Translation:  Be trained to review engineering diagrams, design schematics, and vendor As-Built documentation. You will learn to translate this physical information into accurate digital records using specialized software (e.g., OSPi, Netcracker, ArcGIS). Modeling Support:  Assist senior specialists in ensuring the accuracy and logical structure of the field infrastructure assets by reviewing design drawings, schematics, diagrams, performing detailed data checks, and helping resolve discrepancies between the physical infrastructure and its digital representation. Documentation & Process:  Work with the team to digitize, record, and verify all passive and active network elements, ensuring all changes (Moves, Adds, Changes) are properly logged and memorialized in the system. Cross-Functional Teamwork:  Provide support by running basic network data reports, assisting with capacity checks, and facilitating communication between the engineering, installation, and field survey teams. Visualization Tools:  Utilize software such as AutoCad, Google Earth/Maps to visualize, plan, and communicate network paths and layouts. Qualifications: This role is structured for growth and development. We value aptitude and enthusiasm as much as direct experience. Required Foundational Knowledge & Skills Telecommunications Interest:  Foundational knowledge or proven interest in telecommunications construction techniques, networking principles, or fiber optic technology. Attention to Detail:  Demonstrated ability to be highly organized and meticulous when working with data or complex documentation. Computer Literacy:  Proficiency with Google suite (especially Sheets) and a strong ability to learn new, complex software platforms quickly. Communication:  Excellent written and verbal communication skills; the ability to clearly document technical information for various audiences. Documentation Mindset:  An understanding of the importance of creating and maintaining clear process documentation and technical guides. Desirable Experience Any exposure to specialized fiber network management software (e.g., OSPi, Netcracker, ArcGIS, SmallWorld). Familiarity with interpreting technical schematics or blueprints. Basic knowledge of fiber network infrastructure, routes, splicing, racks, panels, or cabling standards. Location:  Remote first - Applicant must be a commutable distance to Denver Salary Range $98,040.00 - $154,800.00 USD (Salary) Please note that the salary information provided herein is base pay only (gross); it does not include other forms of compensation which may or may not apply to this specific position, namely, performance-based bonuses, benefits-related payments, or other general incentives - none of which are guaranteed, may be subject to specific eligibility requirements, and are wholly within the discretion of Astreya to remit. Further, the salary information noted above is a range that consists of a minimum and maximum rate of pay for this specific position. Where an applicant or employee is placed on this range will depend and be contingent on objective, documented work-related considerations like education, experience, certifications, licenses, preferred qualifications, among other factors. Astreya  offers comprehensive  b enefits to all Regular, Full-Time Employees,   including: Medical provided through UHC (PPO, HSA, Surest options) / Medical provided through Kaiser (HMO option only) for California employees only Dental provided through UHC Nationwide Vision provided by UHC Flexible Spending Account for Health & Dependent Care Pre-Tax Account for Commuter Benefit/Parking & Transit (location-specific) Continuing Education and Professional Development via various integrated platforms, e.g. Udemy and Coursera Corporate Wellness Program provided by Goomi Group Employee Assistance Program Wellness Days 401k Plan Basic and Supplemental Life Insurance Short Term & Long Term Disability Critical Illness, Critical Hospital, and Voluntary Accident Insurance Tuition Reimbursement (available 6 months after start date, capped) Paid Time Off (accrued and prorated, maximum of 120 hours annually) Paid Holidays Any other statutory leaves, paid time, or other ancillary benefits required under state and federal law",06/04/2026,Not Specified,"Remote, CO",Astreya,https://astreya.wd5.myworkdayjobs.com/en-US/life-at-astreya-opportunities/job/Remote-CO/Fiber-Network-Mapping-Specialist-IV_R0014039,Full time
"Operations Management, Supervisor","The Operations Management Supervisor at Astreya will oversee the organization's daily business activities, specifically focusing on  both Forward and Reverse Logistics  operations. This role is responsible for managing resources, developing and implementing an operational plan, and ensuring that procedures are carried out properly. The Supervisor will regularly evaluate organizational efficiency and make necessary changes to maximize staff productivity , assessing company needs to ensure daily operations run smoothly and as efficiently as possible across the entire logistics lifecycle. This role requires substantial experience in logistics and people management, with the ability to identify process gaps, support regional and global projects, and drive continuous improvement. Location & Travel: This position is based in the  Bay Area (SFO or SVL) . The candidate is expected to be flexible for regular travel between sites. Scope: Directs subordinates to complete tasks using established guidelines, procedures, and policies. Monitors daily operations of a unit or sub-unit, requiring full knowledge of the area of functional responsibility. Your Roles and Responsibilities: 1. Logistics Operations Oversight & KPI Delivery: SLA Monitoring & Delivery:  Monitor and ensure adherence to  SLA targets  for both forward and reverse logistics operations. Analyze performance metrics and implement strategies to achieve or exceed SLA objectives. Inventory Control & Accuracy:  Oversee inventory associated with returns (reverse, repair, recycle)  and forward stock, ensuring  inventory accuracy  and adherence to the  First-In, First-Out (FIFO) principle . Focus on reducing wastage, minimizing  lost inventory , and improving overall inventory turnover. Process Optimization:  Oversee the processing of forward and reverse movements to ensure efficiency and accuracy. Identify and address process gaps, and develop solutions to enhance operational efficiency. Regulatory & Policy Compliance:  Ensure compliance with relevant laws, regulations, and company policies related to both forward and reverse logistics. Proactively identify and mitigate risks associated with logistics operations. 2. Team Leadership & Management: Lead and mentor the logistics team, fostering a culture of continuous improvement and high performance. Ensure team members are aligned with organizational goals and are equipped with necessary skills and resources. Provide immediate supervision to a unit or group of employees, assigning tasks, checking work at frequent intervals, and maintaining schedules. Working with the human resources department to create job descriptions, hire competent personnel, and oversee employee training programs. Develop and implement staff evaluations in coordination with the human resources department. 3. Cross-functional Collaboration & Vendor Management: Work closely with internal stakeholders, including supply chain, operations, and customer service teams, to streamline logistics processes. Cultivate robust relationships with external partners and vendors, including refurbishing, e-waste, and 3PL companies. Ensure set processes with vendors are executed on time and any blockers are proactively addressed. Oversee client support services. Manage procurement and resource allocation. 4. Project Management & Reporting: Develop and present comprehensive reports on logistics performance, challenges, and opportunities to senior management. Utilize data analytics to drive decision-making and continuous improvement initiatives. Support regional and global projects related to logistics & recycling management. Collaborate with cross-functional teams to ensure seamless project execution and alignment with business objectives. Required Qualifications/Skills: Bachelor's degree (B.S/B.A) in Supply Chain Management, Business Administration, or a related field. 5 to 8 years' related experience and/or training, or an equivalent combination of education and experience. Experience must include managing logistics operations (forward and/or reverse). Superior knowledge of industry regulations and operational guidelines. Strong leadership skills with experience in team development and performance management. Demonstrated ability to drive process improvements and operational efficiency. Excellent analytical, problem-solving, and decision-making skills. Excellent interpersonal, written, and oral communication skills. Ability to work in a fast-paced environment and manage multiple priorities. Must be able to lead a cooperative effort among members of a project team. Preferred Qualifications: Proficiency in SAP and/or Integrated Business Planning (IBP) systems, with hands-on experience in inventory management modules. Experience in the IT or tech industry is highly desirable. Experience in global logistics management. Knowledge of industry best practices in forward and reverse logistics. Certification in supply chain or logistics (e.g., CSCP, CLTD) is advantageous. In-depth knowledge of data analysis software. Working knowledge of customer relationship management (CRM) packages. Salary Range $55,375.50 - $104,400.00 USD (Salary) Please note that the salary information provided herein is base pay only (gross); it does not include other forms of compensation which may or may not apply to this specific position, namely, performance-based bonuses, benefits-related payments, or other general incentives - none of which are guaranteed, may be subject to specific eligibility requirements, and are wholly within the discretion of Astreya to remit. Further, the salary information noted above is a range that consists of a minimum and maximum rate of pay for this specific position. Where an applicant or employee is placed on this range will depend and be contingent on objective, documented work-related considerations like education, experience, certifications, licenses, preferred qualifications, among other factors. Astreya  offers comprehensive  b enefits to all Regular, Full-Time Employees,   including: Medical provided through UHC (PPO, HSA, Surest options) / Medical provided through Kaiser (HMO option only) for California employees only Dental provided through UHC Nationwide Vision provided by UHC Flexible Spending Account for Health & Dependent Care Pre-Tax Account for Commuter Benefit/Parking & Transit (location-specific) Continuing Education and Professional Development via various integrated platforms, e.g. Udemy and Coursera Corporate Wellness Program provided by Goomi Group Employee Assistance Program Wellness Days 401k Plan Basic and Supplemental Life Insurance Short Term & Long Term Disability Critical Illness, Critical Hospital, and Voluntary Accident Insurance Tuition Reimbursement (available 6 months after start date, capped) Paid Time Off (accrued and prorated, maximum of 120 hours annually) Paid Holidays Any other statutory leaves, paid time, or other ancillary benefits required under state and federal law",06/04/2026,Not Specified,"San Francisco, CA",Astreya,https://astreya.wd5.myworkdayjobs.com/en-US/life-at-astreya-opportunities/job/San-Francisco-CA/Operations-Management--Supervisor_R0013897,Full time
Network Deployment Engineer II,"What this Job Entails: The Network Deployment Engineer II will design, develop, build and test systems and products based on optic, photonic and laser technologies. The position will interact with device, hardware and software design teams to assist in overall development of optical systems. The position will be responsible for specifying, selecting and qualifying active and passive optical components. The role will also assist with developing and benchmarking system performance models, developing and assisting with implementing test procedures and/or evaluating and selecting appropriate test instrumentation. Scope:  Applies company policies and procedures to resolve a variety of issues Works on problems of moderate scope Receives general instructions on routine work and detailed instructions on new projects Your Roles and Responsibilities: Deploy, configure, and support a large-scale production and corporate network and server infrastructure in data centers and Point of Presence (POP) sites throughout the assigned region Calculate and document equipment power requirements and work with Engineering, Facilities Operations, and/or collocation vendors to meet these requirements Participate in project timelines to support network turn-up within expected completion intervals Responsible for asset management of networking gear in datacenter and POP sites Proactively contribute to documentation, automation and processes as they evolve Create network and server rack face elevations, floor plans, wiring diagrams, and detailed port maps for new deployments and documentation Create statements of work for vendors at the POP sites Prepare cage and rack designs, and understand the overall needs of POP infrastructure Document and follow RMA processes and procedures for all relevant vendors Follow, improve, and implement data center and POP best practices Provide necessary escalations to higher support tier; assist Sales and Customer Support with technical operations, and work with internal departments to ensure customer satisfaction Work closely with Network Engineering, Logistics, and equipment vendors as new equipment and technologies are integrated into the production network Use internal tools and scripts to configure, monitor, and repair servers and network equipment Detect and diagnose various error/failure conditions across an array of server types Other duties as required. This list is not meant to be a comprehensive inventory of all responsibilities assigned to this position Required Qualifications/Skills: Bachelor’s degree (B.S/B.A) from four-college or university and 2 to 5 years’ related experience and/or training; or equivalent combination of education and experience  Builds productive internal and external working relationships Exercises judgment within defined procedures and practices to determine appropriate action Must have an understanding of data center network architecture and common issues related to data center networks Knowledgeable in data center practices (i.e. cable routing, calculating power usage and cooling) Experience with field-based work in POPs, carrier hotels, or central office environments Experience with enterprise and service provider network hardware platforms and architectures, including data center switching platforms Must have a sound and in-depth understanding of IP technologies such as MPLS, BGP, RSVP-TE, IS-IS Basic understanding of transmission technology and circuit troubleshooting techniques Solid understanding of fiber-optic technology including cable types, connector types, optic types, patch panels, and optical transport technologies Proficiency in various operating systems Ability to capture and analyze traffic Solid understanding of queue management for tasks and incidents, vendor engagement, and escalation and participation in ongoing POPs deployment projects Demonstrated ability to analyze complex situations and utilize troubleshooting skills, systems and tools, and creative problem solving abilities under pressure Excellent communication skills Experience in dealing with service providers and colocation facilities around the world Ability to work within a global team in a fast-paced and dynamic environment with limited supervision Strong attention to detail with excellent time management and organization skills 20% to 50% of travel required Preferred Qualifications:  Understanding of various scripting languages is strongly desired Certification such as CCNA, JNCIA, RHCT, or equivalent experience Physical Demand & Work Environment: Must have the ability to lift/move 30-40 lbs. Must have the ability to perform office-related tasks which may include prolonged sitting or standing Must have the ability to move from place to place within an office environment Must be able to use a computer Must have the ability to communicate effectively  Some positions may require occasional repetitive motion or movements of the wrists, hands, and/or fingers Salary Range $72,960.00 - $115,200.00 USD (Salary) Please note that the salary information provided herein is base pay only (gross); it does not include other forms of compensation which may or may not apply to this specific position, namely, performance-based bonuses, benefits-related payments, or other general incentives - none of which are guaranteed, may be subject to specific eligibility requirements, and are wholly within the discretion of Astreya to remit. Further, the salary information noted above is a range that consists of a minimum and maximum rate of pay for this specific position. Where an applicant or employee is placed on this range will depend and be contingent on objective, documented work-related considerations like education, experience, certifications, licenses, preferred qualifications, among other factors. Astreya  offers comprehensive  b enefits to all Regular, Full-Time Employees,   including: Medical provided through UHC (PPO, HSA, Surest options) / Medical provided through Kaiser (HMO option only) for California employees only Dental provided through UHC Nationwide Vision provided by UHC Flexible Spending Account for Health & Dependent Care Pre-Tax Account for Commuter Benefit/Parking & Transit (location-specific) Continuing Education and Professional Development via various integrated platforms, e.g. Udemy and Coursera Corporate Wellness Program provided by Goomi Group Employee Assistance Program Wellness Days 401k Plan Basic and Supplemental Life Insurance Short Term & Long Term Disability Critical Illness, Critical Hospital, and Voluntary Accident Insurance Tuition Reimbursement (available 6 months after start date, capped) Paid Time Off (accrued and prorated, maximum of 120 hours annually) Paid Holidays Any other statutory leaves, paid time, or other ancillary benefits required under state and federal law",06/04/2026,Not Specified,"Ashburn, VA",Astreya,https://astreya.wd5.myworkdayjobs.com/en-US/life-at-astreya-opportunities/job/Ashburn-VA/Network-Deployment-Engineer-II_R0013910,Full time
Field Engineer I,"What this Job Entails:  The Field Engineer I will work closely with potential customers on a technical level to secure design-ins and support existing customers with their applications. The Field Engineer must have a solid technological base for effectively understanding the technical specifications involved in application engineering, as they provide technical support, give technical presentations, and design and modify the application systems. Along with this, they must also have good interpersonal skills, strong oral and written communication skills, and good organizational skills for effectively communicating the technical specifications to the customers. Scope:  Applies company policies and procedures to resolve routine issues Works on problems of limited scope Receives detailed instructions Your Roles and Responsibilities: Help capture and understand customers’ technical and product requirement on battery functioning and how is it used in the terminal and host devices and ensure smooth and adequate transfer to client internal team Assist in administering the technical, technological, and functional aspects of proposals to customers  Troubleshoot system applications on customer's request, resolving other engineering issues regarding systems application Build mutual trust with customers’ technical staff Help prepare relevant records, data, and documents for product presentations, conduct training sessions for demonstrating new products and services, and support the sales team in organizing the presentation and training of product demonstration Help provide technical training of consumer specific application of various engineering products in developing stage Other duties as required. This list is not meant to be a comprehensive inventory of all responsibilities assigned to this position Required Qualifications/Skills: Bachelor’s degree (B.S/B.A) from four-college or university and 0 to 2 years’ related experience and/or training; or equivalent combination of education and experience  Builds stable working relationships internally Follows standard practice and procedures when analyzing situations or data Good understanding of effective network design methodologies Knowledge of how to troubleshoot and assess live networks Preferred Qualifications:  Physical Demand & Work Environment: Must have the ability to perform office-related tasks which may include prolonged sitting or standing Must have the ability to move from place to place within an office environment Must be able to use a computer Must have the ability to communicate effectively  Some positions may require occasional repetitive motion or movements of the wrists, hands, and/or fingers",06/04/2026,Not Specified,"Remote, India",Astreya,https://astreya.wd5.myworkdayjobs.com/en-US/life-at-astreya-opportunities/job/Remote-India/Field-Engineer-I_R0013944,Full time
Full Stack Engineer III,"What this Job Entails:  We are seeking an experienced Full Stack Engineer with a minimum of 5 years of expertise in Core Java development on a Cloud environment. The ideal candidate should possess a deep understanding of full-stack development using Java, REST APIs, and Containerization in Cloud AWS and GCP environments. Roles & Responsibilities: - Design, build, and maintain full-stack internal tooling and platforms that improve engineering productivity and automation. - Develop and support RESTful APIs, microservices, and front-end interfaces that integrate with both third-party and custom-built tools. - Operate in cloud-based infrastructure across GCP, AWS, and Azure. - Implement and support Kubernetes-based containerization workflows, including service deployment and resource optimisation. - Own the full lifecycle of systems—from requirements gathering to deployment and post-release support. - Troubleshoot performance and reliability issues across the stack and work on platform hardening. - Collaborate with product owners, site reliability engineers, and developers to continuously improve platform usability and reliability. - Contribute to architectural decisions, technical design reviews, and code reviews; mentor junior team members where applicable. Qualifications: - 5+ years of experience in software engineering and Cloud platform operations in a large-scale or enterprise environment. - Strong programming skills in Java (preferred), with experience in Spring Boot or similar frameworks. Bonus for front-end experience (React, Angular, or similar). - Experience designing, deploying, and managing applications in Kubernetes and Dockerized environments. - Solid background in multi-cloud architecture and automation across GCP, AWS, or Azure. - Familiarity with internal developer platforms and tools like JIRA, GitHub, Artifactory, SonarQube, and related systems. - Comfortable with monitoring/logging stacks (e.g., Prometheus, Grafana, ELK, or similar). - Strong debugging and problem-solving skills across distributed systems, APIs, and infrastructure layers. - Ability to translate platform needs into maintainable, performant code and configuration. - Excellent communication skills with the ability to work across engineering and infrastructure domains.",06/04/2026,Not Specified,3 Locations,Astreya,https://astreya.wd5.myworkdayjobs.com/en-US/life-at-astreya-opportunities/job/Remote-India/Full-Stack-Engineer-III_R0013808,Full time
Network Engineer II,"What this Job Entails: The Network Engineer II is a focal point for all internal and external orders required to maintain the network. This position requires the ability to work independently with a high level of accuracy and attention to details.  Scope:  Applies company policies and procedures to resolve a variety of issues Works on problems of moderate scope Receives general instructions on routine work and detailed instructions on new projects Your Roles and Responsibilities: Install, configure and maintain various network hosts and services like routers, switches, firewalls, VPN endpoints Perform network maintenances/upgrades (often during normal working hours, but sometimes during the evening or weekend) Troubleshooting network issues and outages Participate in global production and corporate network including edge, backbone, datacenter, POP, and content delivery network (CDN) infrastructure Handle multiple vendor switch on various servers in dealing with hardware/software issues Handle traffic, and any queries raised by ISP/Partners Provide support for any incidents such as input errors, CRC, RMA etc. Work directly with ISP/Vendors on fixing any issues related to network Other duties as required. This list is not meant to be a comprehensive inventory of all responsibilities assigned to this position Required Qualifications/Skills: Bachelor’s degree (B.S/B.A) from four-college or university and 2 to 5 years’ related experience and/or training; or equivalent combination of education and experience  Have a full understanding of routing, switching, server operating systems, active directory, firewalls, wireless controllers, DNS, email, virtual machines and software applications Builds productive internal and external working relationships Exercises judgment within defined procedures and practices to determine appropriate action Familiarity with content delivery networks and internet peering strategies Understanding of server hardware technologies relative to content delivery performance and capacity Preferred Qualifications:  N/A Physical Demand & Work Environment: Must have the ability to perform office-related tasks which may include prolonged sitting or standing Must have the ability to move from place to place within an office environment Must be able to use a computer Must have the ability to communicate effectively  Some positions may require occasional repetitive motion or movements of the wrists, hands, and/or fingers Salary Range $72,960.00 - $115,200.00 USD (Salary) Please note that the salary information provided herein is base pay only (gross); it does not include other forms of compensation which may or may not apply to this specific position, namely, performance-based bonuses, benefits-related payments, or other general incentives - none of which are guaranteed, may be subject to specific eligibility requirements, and are wholly within the discretion of Astreya to remit. Further, the salary information noted above is a range that consists of a minimum and maximum rate of pay for this specific position. Where an applicant or employee is placed on this range will depend and be contingent on objective, documented work-related considerations like education, experience, certifications, licenses, preferred qualifications, among other factors. Astreya  offers comprehensive  b enefits to all Regular, Full-Time Employees,   including: Medical provided through Cigna (PPO, HSA, EPO options) / Medical provided through Kaiser (HMO option only) for California employees only Dental provided through Cigna (DPPO & DHMO options) Nationwide Vision provided through VSP Flexible Spending Account for Health & Dependent Care Pre-Tax Account for Commuter Benefit/Parking & Transit (location-specific) Continuing Education and Professional Development via various integrated platforms, e.g. Udemy and Coursera Corporate Wellness Program Employee Assistance Program Wellness Days 401k Plan Basic Life, Accidental Life, Supplemental Life Insurance Short Term & Long Term Disability Critical Illness, Critical Hospital, and Voluntary Accident Insurance Tuition Reimbursement (available 6 months after start date, capped) Paid Time Off (accrued and prorated, maximum of 120 hours annually) Paid Holidays Any other statutory leaves, paid time, or other fringe benefits required under state and federal law",06/04/2026,Not Specified,11 Locations,Astreya,https://astreya.wd5.myworkdayjobs.com/en-US/life-at-astreya-opportunities/job/Remote-UT/Network-Engineer-II_R0013809,Full time
Systems Administrator II,"What this Job Entails:  The System Administrator is expected to facilitate operational support to and on behalf of the assigned team. The assigned team supports and maintains a variety of large and global scale systems for building management and physical security operations. The skill set required is industry typical 'systems administration', including working knowledge of various networking systems. Work is ticket based, and the team would be expected to procedurally work through tickets (submitted via a template) to resolution.  1. Responsible for planning the server onto racks, arranging the server mounting ◦ Develop and implement capacity management strategies for server deployments in large- scale data centers, optimizing resource utilization. ◦ Gather server requirements and ensure adequate provision of space, power, and rack capacities. 2. Install the operating systems for new mounted servers 3. Responsible for reinstalling the server operation systems, solving the abnormalities. 4. Responsible for the daily server maintenance, troubleshooting, repair and follow-up break-fix of the server and other hardware 5. Maintain data on internal systems including asset management, ticketing, rack related data 6. Work with remote vendors or other teams to solve hardware batch failures and problems 7. On-call on duty, responsible for dealing with the problems raised by the business owner side 8. Collect and check online assets status or issues 9. Erase drives or other configurations for retiring or relocating servers. 10. Provide retrofitting or test feedback for tools/systems/platforms. 11. Submit and track the part RMA or media destruction process 12. Server network troubleshooting 13. Server lifecycle management 14. Other server operation related work 15. Tidy and escalate problems to senior SOE Service requirements 1. Bachelor's Degree or Diploma in Computer science, Electrical engineering or any other relevant fields 2. Strong ability to work under pressure; Strong learning ability, broad technical interest; Strong sense of responsibility, full of enthusiasm for work 3. Good communication skills in English, good team work spirit; Has ability to work independently 4. Knowledge of the interdependencies of server functions and technologies 5. Can understand and run simple Shell/Bash scripts 6. Familiar with Linux system, able to locate hardware faults; Strong analytical and problem solving skills 7. Basic network knowledge concepts - MAC, Subnet, TCP/IP; Ability to perform general troubleshooting 8. Knowledge of out-of-band/lights-out server communication methods, such as IPMI",06/04/2026,Not Specified,"London, United Kingdom",Astreya,https://astreya.wd5.myworkdayjobs.com/en-US/life-at-astreya-opportunities/job/London-United-Kingdom/Systems-Administrator-II_R0013768,Full time
Field Support Technician,"Overview: The Field Service Technician plays an important role in enabling a seamless user experience.Responsibilities encompass a wide range of tasks, from meticulously tracking orders to efficiently managing hardware and accessory deployment. Field Service Technicians are the backbone of front-line user support, ensuring that conference rooms are well-maintained and behind-the-scenes user setups are flawlessly executed. Beyond their technical duties, Field Service Technicians focus on fostering strong relationships with users, understanding their needs, and ensuring their satisfaction.They will support Astreya's ever-expanding customer base and ensure a consistently high-quality user support experience. The successful candidate will be familiar with industry best practices and willing to go above and beyond for our clients.   Scope: ● Provide end-to-end onsite and remote user support, ensuring high-quality solutions and user experiences. ● Manage inventory, assets, and e-recycling, utilizing data management software for accuracy and workflow efficiency. ● Diagnose hardware issues, support AV equipment, and collaborate across teams to ensure smooth operations and customer satisfaction.   Primary Responsibilities: ●  User Support:  Provide end-to-end onsite and remote user support on service requests raised by clients. Use logic and reasoning to identify alternative solutions, conclusions, or approaches to solving problems and delivering the best possible solutions resulting in a high quality user experience. ●  Inventory & Asset Management:  Handle inventory and asset management and e-recycling. UtilizeInventory Data management software to maintain inventory accuracy and workflow. Deploy and recover assets and accessories. Assist in Workstation dressing and other asset management racks and locations. ●  Hardware Support & Management:  Diagnose and resolve hardware issues. Support product lifecycle management activities, tracking and managing inventory, e-recycling of hardware. ●  Room & Audio Equipment Support : Support a complex and fast paced environment focused on video conference rooms and ensure audio and visual quality, troubleshooting any issues and requests that may arise. Participate in installing AV equipment and displays. ● Ticket Management:  Ensure assigned request tickets for support are prioritized and completed in a timely manner. Handle tasks related to order tracking, hardware deployment, and user setup, which may be tracked through ticketing systems. Use the defined ITSM System to properly manage your work related to defined service activities. ● Issues Escalation : Effectively document and escalate issues which cannot be resolved within the Service Level Agreements (SLAs). Proactively communicate to your supervisor when you encounter errors in documented support procedures. Adhere to incident management, problem management, change management, and knowledge management best practices. ● Collaboration:  Participate in cross team/site collaboration used to share service knowledge,isolate potential problems and ensure the consistent delivery of defined service activities.Collaborate within the broader IT customer experience team, as well as extended IT organization to ensure the highest level of customer support and experience. ● Customer Experience:  Ensure positive user experience and customer satisfaction through smooth working operations and effective work management. Enable the success of your peers and teammates. ● Complete other duties as assigned. Required Qualifications/Skills: ● High school diploma or general education degree (GED) and 1 to 2 years’ related experience and/or training in IT Services; or equivalent combination of education and experience. ● Strong knowledge in policies and procedures related to requested support activities. ● Capable of understanding customer needs and providing a high level of interaction, ensuring customer satisfaction. ● Proactive in mastering all aspects of service delivery processes, communication, and the quality of your work. ● Facilitate and promote a team culture which encourages ownership of team goals, trust, respect, and strong cross collaboration throughout the service program. ● Provide general IT support within a high volume and fast-paced technology environment. ● Possess the ability to assist with a variety of basic technical issues, including but not limited to applications, hardware, mobile technologies. ● Strong working knowledge of Microsoft Windows 11, Mac OS X, Linux Fundamentals, HardwareLevel troubleshooting, Hardware Installation, Upgrades. ● Knowledge of basic functionality and use of various mobile devices (iOS, Android, etc.) ● Knowledge of hardware (desktop/laptop) deployment methods using image deployment tools. ● Ability to quickly diagnose, organize, and prioritize competing deadlines and properly set service expectations with clients. ● Time Management: Must possess strong time management skills to prioritize tasks effectively, meet deadlines, and deliver exceptional customer support   Preferred Qualifications: ● Active listening and detail oriented to perform and document your work ● Enjoy working with collaborative individuals and understand that you are in a customer-facing support role. ● Strive to deliver a high quality user support experience. ● Excellent written and verbal communications are second to none. ● Self-motivated and the ability to execute tasks and handle time sensitive situations ● Commitment to excellence   Other Requirements: ● This role requires weights of 50lbs/22kg to be regularly lifted ● Strong Communication Skills, Written and Verbal English required. ● This is an office based role, it requires the successful candidate to be on site during working hours. Health & Safety Requirements: ● Must conduct work activities in accordance with all applicable Environmental, Health & Safetyregulations and rules. Additionally, will follow all Astreya’s Health & Safety Program, Code ofConduct, and client Health & Safety rules at all times. Salary Range $17.36 - $27.40 USD (Hourly) Please note that the salary information provided herein is base pay only (gross); it does not include other forms of compensation which may or may not apply to this specific position, namely, performance-based bonuses, benefits-related payments, or other general incentives - none of which are guaranteed, may be subject to specific eligibility requirements, and are wholly within the discretion of Astreya to remit. Further, the salary information noted above is a range that consists of a minimum and maximum rate of pay for this specific position. Where an applicant or employee is placed on this range will depend and be contingent on objective, documented work-related considerations like education, experience, certifications, licenses, preferred qualifications, among other factors. Astreya  offers comprehensive  b enefits to all Regular, Full-Time Employees,   including: Medical provided through Cigna (PPO, HSA, EPO options) / Medical provided through Kaiser (HMO option only) for California employees only Dental provided through Cigna (DPPO & DHMO options) Nationwide Vision provided through VSP Flexible Spending Account for Health & Dependent Care Pre-Tax Account for Commuter Benefit/Parking & Transit (location-specific) Continuing Education and Professional Development via various integrated platforms, e.g. Udemy and Coursera Corporate Wellness Program Employee Assistance Program Wellness Days 401k Plan Basic Life, Accidental Life, Supplemental Life Insurance Short Term & Long Term Disability Critical Illness, Critical Hospital, and Voluntary Accident Insurance Tuition Reimbursement (available 6 months after start date, capped) Paid Time Off (accrued and prorated, maximum of 120 hours annually) Paid Holidays Any other statutory leaves, paid time, or other fringe benefits required under state and federal law",06/04/2026,Not Specified,"New Albany, OH",Astreya,https://astreya.wd5.myworkdayjobs.com/en-US/life-at-astreya-opportunities/job/New-Albany-OH/Field-Support-Technician_R0013706,
Security Operation Service II,"Key Deliverables by Level Targets are representative; actual goals vary by client/site. Emphasis on SLA adherence, audit readiness, quality, and safety. Grade 1 — Coordinator Access request SLA ≥ 95% within defined time (e.g., ≤ 8 business hours) for standard profiles. Data accuracy ≥ 98.5% for access lists, shipment logs, and incident fields. CCTV evidence requests fulfilled ≥ 97% within SLA. Complete weekly checklists (health checks, badge reviews) with 100% on‑time rate. Grade 2 — Specialist Access recertification completion ≥ 98% by deadline; badge revocations ≤ 24 hours from deprovision triggers. Shipment compliance variance ≤ 0.5%; zero unlogged hand‑carries. Media destruction certificates reconciled 100% within 10 business days of collection. Deliver 1–2 process improvements/quarter with measured impact (≥ 5% cycle‑time reduction or error reduction). Grade 3 — Senior Audit results: no major findings; corrective actions closed ≤ 30 days. Incident MTTA ≤ 30 min and MTTR ≤ target for physical incidents in owned region; publish RCAs for P1 events. CCTV/VMS uptime ≥ 99% across owned sites; proactive maintenance plan executed. Lead a regional project (e.g., access tool upgrade, POP onboarding) on time/on budget; train team on new SOPs. Grade 4 — Lead/Manager Global/regional access compliance ≥ 99%, stockout of credentials/consumables ≤ 1%. Achieve ≥ 15% YoY improvement in a key KPI (MTTR, audit cycle time, recertification lead time, or incident rate). Vendor SLA compliance ≥ 98%; publish monthly ops review and risk register; close high‑risk items ≤ 14 days. Standardize SOPs/tooling across sites with ≥ 95% adoption; maintain governance cadences. Essential Duties and Responsibilities (All Levels): Security & Safety Incident Management Triage incident reports from DC/colo providers; analyze trends; escalate per playbooks; track MTTA/MTTR. Maintain incident records and after‑action reviews; support corrective/preventive actions. Access Control & Monitoring Process access requests for employees/contractors/vendors; maintain RBAC; run periodic access recertifications. Administer badge/reader/door groups; oversee CCTV/VMS health checks, evidence retrieval, and retention practices. Shipment & Chain‑of‑Custody Compliance Approve and log inbound/outbound shipments; validate deliveries and returns; enforce vendor and employee hand‑carry protocols. Maintain custody records linking shipments, work orders, and asset IDs. Media Handling & Destruction Coordinate media sanitization/destruction per client policy; manage lockbox/storage boxes; reconcile certificates of destruction. Track bad media, create reports, and drive remediation. Hardware & Security Systems Management Support decommissions, RMAs, and migrations; coordinate on‑site remote hands. Diagnose physical security hardware (cameras, NVR/VMS, controllers, readers, sensors) and coordinate vendor repairs. Operations & Change Management Review maintenance notices; assess security impacts; submit/approve change requests as required. Create and maintain SOPs/MOPs and knowledge base articles; train partners and vendors. Data Accuracy & Audits Maintain accurate records in ticketing/CMDB/DCIM; perform internal/external audits; reconcile discrepancies across portals. Produce weekly/monthly dashboards covering KPIs, incidents, and audit status. Vendor & Provider Management Serve as primary security point‑of‑contact for vendors; manage scheduling, site access, and performance. Conduct QBRs; track SLAs/OLAs; follow up on action items to closure. Education and/or Work Experience Requirements:  Minimum : Bachelor’s degree in Security Management, Information Systems/Technology, or related field; or equivalent experience in DC/colo, network infrastructure, or physical security operations. Grade 1 : 0–1 years directly relevant experience; internship or operations background acceptable. Grade 2 : 1–3 years security operations or data center experience; independent ownership of a site/zone. Grade 3 : 3–5 years; regional SME; audit/project leadership; vendor management exposure. Grade 4 : 5+ years; regional/global ownership; governance and KPI accountability; may manage people. Preferred Certifications : ASIS PSP/CPP, Lean/Continuous Improvement coursework, ITIL® Foundation, DC/colo safety training. Knowledge, Skills & Abilities (KSAs): Knowledge Physical security principles (access control, CCTV/VMS, visitor management, perimeter/room security) and data center/colo operations basics. Incident management and change management concepts; audit/control frameworks (e.g., ISO 27001/ISMS concepts, SOC reporting) as applicable to physical security. Chain‑of‑custody, shipment compliance, and media sanitization/destruction practices aligned to client policy. Skills Use of access control and VMS tools; ticketing/case systems; accurate data entry and reconciliation. Vendor coordination and scheduling across time zones; clear written/verbal communication. Root‑cause analysis, reporting/dashboards (spreadsheets, simple BI), SOP/MOP documentation. Abilities Prioritize multiple requests; meet SLAs in a fast‑paced environment. Handle sensitive/security information confidentially; exercise sound judgment. Work independently and as part of a distributed team; mentor others as seniority grows Tools & Systems (examples) Access Control: Lenel, Genetec, Brivo, HID (examples). VMS/CCTV: Genetec, Milestone, provider portals. Ticketing/Workflow: Jira, ServiceNow; CMDB/DCIM: Device42/NetBox/provider portals. Collaboration/Reporting: Google Workspace/Microsoft 365; Excel/Google Sheets (pivots/lookups), basic BI. Each level, 1 - 4, represents a progression in complexity, autonomy, and responsibility. The higher the level, the more critical thinking, leadership, and expertise are required. Legend : L1 = Foundational, L2 = Working, L3 = Advanced, L4 = Expert/Leader Career Path & Progression Security Operations (Grade 1 → 4)  with increasing ownership of sites/regions, metrics, vendors, and governance. Lateral/next steps:  Data Center Operations, Network Deployment, Corporate/Physical Security, Tooling/Automation (Access/VMS), Risk & Compliance, or People Leadership . Physical Requirements:  May or may not be in a client and or Remote work environment that requires sitting/standing for extended periods of time.  Manual dexterity and proficiency with computers and typing, often for several hours a day.  This includes using a keyboard, mouse, and video conferencing equipment.  Visual and auditory abilities to review digital content, read documents, participate in virtual meetings, and collaborate effectively using various platforms. While most work will be conducted from a desk, remote work may still require basic mobility for home office setup adjustments, attending virtual presentations, or organizing workspace materials. While primarily sedentary, this role benefits from incorporating breaks, stretching, and ergonomic adjustments to prevent strain from prolonged screen time.   On‑site/field presence at DC/colo locations as needed; occasional after‑hours/weekend work for change windows or incidents. Ability to lift/push/pull  up to 50 lb (23 kg)  safely; frequent standing/walking; occasional ladder/mezzanine work and PPE use. Frequent computer/keyboarding and wrist/hand motions for data entry and monitoring. Travel between local sites and occasional regional travel.",06/04/2026,Not Specified,"London, United Kingdom",Astreya,https://astreya.wd5.myworkdayjobs.com/en-US/life-at-astreya-opportunities/job/London-United-Kingdom/Security-Operation-Service-II_R0013775,Full time
Field Services Technician I,"Scope: ● Provide end-to-end onsite and remote user support, ensuring high-quality solutions and user experiences. ● Manage inventory, assets, and e-recycling, utilizing data management software for accuracy and workflow efficiency. ● Diagnose hardware issues, support AV equipment, and collaborate across teams to ensure smooth operations and customer satisfaction. Primary Responsibilities: ● User Support: Provide end-to-end onsite and remote user support on service requests raised by clients. Use logic and reasoning to identify alternative solutions, conclusions, or approaches to solving problems and deliver the best possible solutions resulting in a high quality user experience. ● Inventory &amp; Asset Management: Handle inventory and asset management and e-recycling. Utilize Inventory Data management software to maintain inventory accuracy and workflow. Deploy and recover assets and accessories. ● Hardware Support &amp; Management: Diagnose and resolve hardware issues. Support product lifecycle management activities, tracking and managing inventory, e-recycling of hardware. ● Room &amp; Audio Equipment Support: Support a complex and fast paced environment focused on video conference rooms and ensure audio and visual quality, troubleshooting any issues and requests that may arise. Participate in installing AV equipment and displays. ● Ticket Management: Ensure assigned request tickets for support are prioritized and completed in a timely manner. Handle tasks related to order tracking, hardware deployment, and user setup, which may be tracked through ticketing systems. Use the defined ITSM System to properly manage your work related to defined service activities. ● Issues Escalation: Effectively document and escalate issues which cannot be resolved within the Service Level Agreements (SLAs). Proactively communicate to your supervisor when you encounter errors in documented support procedures. Adhere to incident management, problem management, change management, and knowledge management best practices. ● Collaboration: Participate in cross team/site collaboration used to share service knowledge, isolate potential problems and ensure the consistent delivery of defined service activities.Collaborate within the broader IT customer experience team, as well as extended IT organization to ensure the highest level of customer support and experience. ● Customer Experience: Ensure positive user experience and customer satisfaction through smooth working operations and effective work management. Enable the success of your peers and teammates. ● Complete other duties as assigned.",06/04/2026,Not Specified,"Taipei City, Taiwan",Astreya,https://astreya.wd5.myworkdayjobs.com/en-US/life-at-astreya-opportunities/job/Taipei-City-Taiwan/Field-Services-Technician-I_R0013585,Full time
Infrastructure Design Engineer,"Job Title: Infrastructure Design Engineer (Remote, Seattle Time Zone) Location: Remote Job Type: Full-time We are looking for a skilled DC Infrastructure Engineer to join our team remotely in the Seattle, WA area or a similar time zone. As a DC Infrastructure Engineer, you will be responsible for designing, implementing, and maintaining our data center infrastructure to ensure optimal performance, reliability, and security. You will work closely with our engineering teams to help out our growing infrastructure needs and show your work through your command of your AutoCAD design experience. Responsibilities: ● Design and create layouts of data center infrastructure including facilities structure, cabinets, overhead ladders and raceways, structured cabling, aisles (hot & cold), cabinets, mechanical, electrical, servers, storage, and networking equipment. ● Perform capacity planning and resource allocation to ensure the scalability and efficiency of our data center environment. ● Monitor and optimize the performance of data center infrastructure components to meet service level agreements (SLAs) and business requirements. ● Troubleshoot and resolve infrastructure-related issues, collaborating with cross- functional teams as needed. ● Implement and maintain security measures to protect data center assets and ensure compliance with industry standards and regulations. ● Plan and execute infrastructure upgrades and migrations with minimal impact on ongoing operations. ● Document configurations, processes, and procedures to ensure knowledge sharing and operational continuity. ● Stay abreast of the latest developments in data center technologies and best practices, recommending and implementing improvements as necessary. ● Utilize AutoCAD design experience to create detailed technical drawings and models for data center layouts and infrastructure components. Requirements: ● Strong knowledge of data center architecture along with the minimum design requirements for a network, compute, and storage racks as well as layers 2/3 and virtualization platforms ● Proven experience in a colocation, inside plant, or telecommunications facilities engineer or similar role in a large-scale data center or telecom environment. ● Solid understanding of physical design standards and IT security best practices in data centers and colocation facilities. ● Strong understanding of public cloud infrastructure as well as cloud-native applications, preferably with demonstrable experience in helping scale the overall global footprint of a geographically diverse production network ● Excellent troubleshooting skills with the ability to analyze complex issues and implement effective solutions. ● Strong communication and interpersonal skills, with the ability to collaborate effectively with cross-functional teams. ● Relevant certifications (e.g., CCNA, MCSE, VCP, Autodesk Certified Professional) would be a plus. ● Proficiency in AutoCAD or similar software for designing data center layouts and infrastructure components. Salary Range $85,120.00 - $134,400.00 USD (Salary) Please note that the salary information provided herein is base pay only (gross); it does not include other forms of compensation which may or may not apply to this specific position, namely, performance-based bonuses, benefits-related payments, or other general incentives - none of which are guaranteed, may be subject to specific eligibility requirements, and are wholly within the discretion of Astreya to remit. Further, the salary information noted above is a range that consists of a minimum and maximum rate of pay for this specific position. Where an applicant or employee is placed on this range will depend and be contingent on objective, documented work-related considerations like education, experience, certifications, licenses, preferred qualifications, among other factors. Astreya  offers comprehensive  b enefits to all Regular, Full-Time Employees,   including: Medical provided through Cigna (PPO, HSA, EPO options) / Medical provided through Kaiser (HMO option only) for California employees only Dental provided through Cigna (DPPO & DHMO options) Nationwide Vision provided through VSP Flexible Spending Account for Health & Dependent Care Pre-Tax Account for Commuter Benefit/Parking & Transit (location-specific) Continuing Education and Professional Development via various integrated platforms, e.g. Udemy and Coursera Corporate Wellness Program Employee Assistance Program Wellness Days 401k Plan Basic Life, Accidental Life, Supplemental Life Insurance Short Term & Long Term Disability Critical Illness, Critical Hospital, and Voluntary Accident Insurance Tuition Reimbursement (available 6 months after start date, capped) Paid Time Off (accrued and prorated, maximum of 120 hours annually) Paid Holidays Any other statutory leaves, paid time, or other fringe benefits required under state and federal law",06/04/2026,Not Specified,"Remote, TX",Astreya,https://astreya.wd5.myworkdayjobs.com/en-US/life-at-astreya-opportunities/job/Remote-TX/Infrastructure-Design-Engineer_R0013649,Full time
Infrastructure Design Engineer,"Job Title: Infrastructure Design Engineer (Remote, Seattle Time Zone) Location: Remote Job Type: Full-time We are looking for a skilled DC Infrastructure Engineer to join our team remotely in the Seattle, WA area or a similar time zone. As a DC Infrastructure Engineer, you will be responsible for designing, implementing, and maintaining our data center infrastructure to ensure optimal performance, reliability, and security. You will work closely with our engineering teams to help out our growing infrastructure needs and show your work through your command of your AutoCAD design experience. Responsibilities: ● Design and create layouts of data center infrastructure including facilities structure, cabinets, overhead ladders and raceways, structured cabling, aisles (hot & cold), cabinets, mechanical, electrical, servers, storage, and networking equipment. ● Perform capacity planning and resource allocation to ensure the scalability and efficiency of our data center environment. ● Monitor and optimize the performance of data center infrastructure components to meet service level agreements (SLAs) and business requirements. ● Troubleshoot and resolve infrastructure-related issues, collaborating with cross- functional teams as needed. ● Implement and maintain security measures to protect data center assets and ensure compliance with industry standards and regulations. ● Plan and execute infrastructure upgrades and migrations with minimal impact on ongoing operations. ● Document configurations, processes, and procedures to ensure knowledge sharing and operational continuity. ● Stay abreast of the latest developments in data center technologies and best practices, recommending and implementing improvements as necessary. ● Utilize AutoCAD design experience to create detailed technical drawings and models for data center layouts and infrastructure components. Requirements: ● Strong knowledge of data center architecture along with the minimum design requirements for a network, compute, and storage racks as well as layers 2/3 and virtualization platforms ● Proven experience in a colocation, inside plant, or telecommunications facilities engineer or similar role in a large-scale data center or telecom environment. ● Solid understanding of physical design standards and IT security best practices in data centers and colocation facilities. ● Strong understanding of public cloud infrastructure as well as cloud-native applications, preferably with demonstrable experience in helping scale the overall global footprint of a geographically diverse production network ● Excellent troubleshooting skills with the ability to analyze complex issues and implement effective solutions. ● Strong communication and interpersonal skills, with the ability to collaborate effectively with cross-functional teams. ● Relevant certifications (e.g., CCNA, MCSE, VCP, Autodesk Certified Professional) would be a plus. ● Proficiency in AutoCAD or similar software for designing data center layouts and infrastructure components. Salary Range $85,120.00 - $134,400.00 USD (Salary) Please note that the salary information provided herein is base pay only (gross); it does not include other forms of compensation which may or may not apply to this specific position, namely, performance-based bonuses, benefits-related payments, or other general incentives - none of which are guaranteed, may be subject to specific eligibility requirements, and are wholly within the discretion of Astreya to remit. Further, the salary information noted above is a range that consists of a minimum and maximum rate of pay for this specific position. Where an applicant or employee is placed on this range will depend and be contingent on objective, documented work-related considerations like education, experience, certifications, licenses, preferred qualifications, among other factors. Astreya  offers comprehensive  b enefits to all Regular, Full-Time Employees,   including: Medical provided through Cigna (PPO, HSA, EPO options) / Medical provided through Kaiser (HMO option only) for California employees only Dental provided through Cigna (DPPO & DHMO options) Nationwide Vision provided through VSP Flexible Spending Account for Health & Dependent Care Pre-Tax Account for Commuter Benefit/Parking & Transit (location-specific) Continuing Education and Professional Development via various integrated platforms, e.g. Udemy and Coursera Corporate Wellness Program Employee Assistance Program Wellness Days 401k Plan Basic Life, Accidental Life, Supplemental Life Insurance Short Term & Long Term Disability Critical Illness, Critical Hospital, and Voluntary Accident Insurance Tuition Reimbursement (available 6 months after start date, capped) Paid Time Off (accrued and prorated, maximum of 120 hours annually) Paid Holidays Any other statutory leaves, paid time, or other fringe benefits required under state and federal law",06/04/2026,Not Specified,"Remote, TX",Astreya,https://astreya.wd5.myworkdayjobs.com/en-US/life-at-astreya-opportunities/job/Remote-TX/Infrastructure-Design-Engineer_R0013650,Full time
Systems Administrator II,"Systems Administrator II (Weekend Shift) What this Job Entails:  The System Administrator is expected to facilitate operational support to and on behalf of the assigned team. The assigned team supports and maintains a variety of large and global scale systems for building management and physical security operations. The skill set required is industry typical 'systems administration', including working knowledge of various networking systems. Work is ticket based, and the team would be expected to procedurally work through tickets (submitted via a template) to resolution.  Scope:  Applies company policies and procedures to resolve a variety of issues Works on problems of moderate scope Receives general instructions on routine work and detailed instructions on new projects Your Roles and Responsibilities: Monitor ticket queue and IM channels  Monitor and participate in managing systems and infrastructure  Accurately record all metadata related to tickets on internal tools, including, but not limited to, CTI (category, type and item), outage resolution time, IM transcripts, postmortems, etc. Engage in managing and resolving troubleshooting tickets from internal teams and third-party teams, engaging other teams as necessary  Maintain contact with 3rd parties and help to represent the assigned team in a professional and courteous manner which complies with clients’ vendor code of conduct. Provide out of business hours support for any scheduled time sensitive upgrades  Provide 24/7 on-call support for critical system’s outages  Other duties as required. This list is not meant to be a comprehensive inventory of all responsibilities assigned to this position Required Qualifications/Skills: Bachelor’s degree (B.S/B.A) from four-college or university and 2 to 5 years’ related experience and/or training; or equivalent combination of education and experience  Builds productive internal and external working relationships Exercises judgment within defined procedures and practices to determine appropriate action Comfortable with building and managing various servers  Experience with networking management, configurations and changes  Experience with systems and networking troubleshooting to identify the root cause and fixes  Knowledgeable about ticket systems and follow processes  Good communication and writing skills  Preferred Qualifications:  Automation and scripting experience  Physical Demand & Work Environment: Must have the ability to perform office-related tasks which may include prolonged sitting or standing Must have the ability to move from place to place within an office environment Must be able to use a computer Must have the ability to communicate effectively  Some positions may require occasional repetitive motion or movements of the wrists, hands, and/or fingers",06/04/2026,Not Specified,"London, United Kingdom",Astreya,https://astreya.wd5.myworkdayjobs.com/en-US/life-at-astreya-opportunities/job/London-United-Kingdom/Systems-Administrator-II_R0013600,Full time
Systems Administrator II,"Systems Administrator II (Weekend Shift) What this Job Entails:  The System Administrator is expected to facilitate operational support to and on behalf of the assigned team. The assigned team supports and maintains a variety of large and global scale systems for building management and physical security operations. The skill set required is industry typical 'systems administration', including working knowledge of various networking systems. Work is ticket based, and the team would be expected to procedurally work through tickets (submitted via a template) to resolution.  Scope:  Applies company policies and procedures to resolve a variety of issues Works on problems of moderate scope Receives general instructions on routine work and detailed instructions on new projects Your Roles and Responsibilities: Monitor ticket queue and IM channels  Monitor and participate in managing systems and infrastructure  Accurately record all metadata related to tickets on internal tools, including, but not limited to, CTI (category, type and item), outage resolution time, IM transcripts, postmortems, etc. Engage in managing and resolving troubleshooting tickets from internal teams and third-party teams, engaging other teams as necessary  Maintain contact with 3rd parties and help to represent the assigned team in a professional and courteous manner which complies with clients’ vendor code of conduct. Provide out of business hours support for any scheduled time sensitive upgrades  Provide 24/7 on-call support for critical system’s outages  Other duties as required. This list is not meant to be a comprehensive inventory of all responsibilities assigned to this position Required Qualifications/Skills: Bachelor’s degree (B.S/B.A) from four-college or university and 2 to 5 years’ related experience and/or training; or equivalent combination of education and experience  Builds productive internal and external working relationships Exercises judgment within defined procedures and practices to determine appropriate action Comfortable with building and managing various servers  Experience with networking management, configurations and changes  Experience with systems and networking troubleshooting to identify the root cause and fixes  Knowledgeable about ticket systems and follow processes  Good communication and writing skills  Preferred Qualifications:  Automation and scripting experience  Physical Demand & Work Environment: Must have the ability to perform office-related tasks which may include prolonged sitting or standing Must have the ability to move from place to place within an office environment Must be able to use a computer Must have the ability to communicate effectively  Some positions may require occasional repetitive motion or movements of the wrists, hands, and/or fingers",06/04/2026,Not Specified,2 Locations,Astreya,https://astreya.wd5.myworkdayjobs.com/en-US/life-at-astreya-opportunities/job/London-United-Kingdom/Systems-Administrator-II_R0013572,Full time
Workday Administrator and Sr Lead,"This role as a  Workday Administrator and Sr Lead  at Astreya is a high-level opportunity that demands strong expertise in Workday administrative operations, implementation support, functional design expertise, and stakeholder management. Here’s a summary of the critical aspects of the role: Key Roles & Responsibilities: 12–15 years in HR services, with at least 9 years of Workday HR/Finance systems implementation experience. Extensive experience in configuring Workday modules, including Core HCM, Security, Integrations, and Reporting. In addition to Core HCM, strong working knowledge of Payroll, Talent, Leaves, Benefits, Compensation, Advanced Compensation, Performance, Time Tracking, and Absence. Workday Security Expertise: Design, configure, and maintain role-based and domain security policies ensuring appropriate access controls and data protection. Conduct regular security audits and implement improvements to strengthen compliance and mitigate risks. Manage segregation of duties (SoD), access reviews, and role provisioning in alignment with corporate IT security policies. Collaborate with InfoSec and Compliance teams to address audit findings and ensure SOX/GDPR compliance where applicable. Advanced Compensation & Performance Management: Configure and manage compensation cycles, bonus plans, merit increases, stock/equity grants, and advanced compensation packages. Drive the end-to-end compensation review process, ensuring alignment with global pay strategies and compliance with local policies. Configure and maintain performance management frameworks, including goal setting, performance reviews, feedback cycles, calibration, and succession planning. Partner with HR and business leaders to align compensation and performance programs with organizational strategies. Lead the Workday Support Team to manage day-to-day system support as well as Workday projects/initiatives, ensuring governance, best practices, and continuous improvements. Troubleshoot and resolve integration and security issues promptly, working closely with stakeholders and vendors to identify root causes and implement effective solutions. Lead configuration and implementation of various Workday modules, ensuring accuracy and compliance with company policies and regulations. Collaborate with project managers, technical consultants, and business stakeholders to align Workday solutions with organizational goals. Perform Workday configuration for enhancement and change requests across modules, including Security, Advanced Compensation, and Performance. Lead and coordinate all testing activities, including unit, system, integration, and regression testing. Actively participate in Workday product release cycles, regression testing, and adoption of new features. Demonstrated understanding of HR services and processes, with experience supporting and/or maintaining multiple HR systems. Proven ability to manage large-scale, global implementations and multi-time-zone projects, ensuring smooth collaboration across geographically distributed teams. Strong project management, consulting, and leadership skills, with experience leading Executive Steering Committee presentations and providing updates on project progress, risks, and business impacts. Support sales/pre-sales teams by leveraging Workday expertise to contribute to RFPs, demos, and proposals for new opportunities. Maintain clear communication with global teams and stakeholders, ensuring transparency and alignment in decision-making. Demonstrates a hands-on, problem-solving leadership style, actively engaging with teams to resolve challenges and ensure successful project delivery. Strong analytical thinking, attention to detail, and ability to thrive in a fast-paced, collaborative environment. Criteria: Must have Workday certification and deep experience configuring HCM and related modules like Payroll, Talent, Benefits, and Compensation. Workday certification is mandatory. End-to-end implementation experience in Workday HCM/Integration/Finance modules is required.",06/04/2026,Not Specified,"Remote, India",Astreya,https://astreya.wd5.myworkdayjobs.com/en-US/life-at-astreya-opportunities/job/Remote-India/Workday-Administrator-and-Sr-Lead_R0013285,Full time
AI / ML Engineer II,"Job Description Responsibilities: Contribute toward AI roadmap for AI-driven automation aligning with strategic company and client goals. Collaborate with engineering and data teams to design and architect scalable, robust, and innovative AI solutions (e.g., automated network diagnostics, bot recommendation systems, AI agents NOC operations). Act as the Solution Owner in an Agile/Scrum environment, managing the product backlog, writing detailed user stories, defining acceptance criteria, and prioritizing features. Lead the evaluation, fine-tuning, and integration of open-source Large Language Models (LLMs) like Llama series & other LLMs. Develop and own key components of the automation framework, including PowerShell and Python runbook executors. Develop and train machine learning models for tasks such as anomaly detection, predictive maintenance, and capacity planning in IT environments. Work with large datasets of IT operational data, performing data cleaning, feature engineering, and data analysis to improve model accuracy and performance. Contribute to the development of internal automation tools and frameworks. Deliver continuous service improvements by proactively identifying opportunities for process enhancements. Proficiently develop AI/Gen AI point solutions to meet business needs. Troubleshoot and resolve issues related to automation systems and AI models. Engage with customers, IT operators, Network Engineers, and internal stakeholders to gather requirements, validate solutions, and ensure product-market fit. Serve as the Subject Matter Expert (SME) on AIOps, IT Process Automation (ITPA), and Runbook Automation (RBA), providing technical guidance and insights. Document automation processes, code, and models clearly and concisely. Actively contribute to team results and work towards achieving team goals and objectives. Undertake designated skill/knowledge development within the organization, including training of next-level team members. Required Skills & Competencies: 4+ years of experience in IT services, with at least 3 years in: IT Service Automation – Orchestration, Scripting, & Process Assessment. AI Engineering – Developing and deploying AI Agents and cutting-edge GenAI & ML solutions to address complex business challenges. Expertise in integrating various tools and building analytics/insights. Proficiency in at least two scripting languages such as PowerShell, Python, or Shell Script. Strong foundational knowledge across core IT domains, with a specific emphasis on Network & Network Services, including understanding network topologies, protocols, and common operational issues. Demonstrable experience implementing solutions using state-of-the-art LLMs, with hands-on experience with both open-source models (e.g., Llama series) and proprietary models (e.g., GPT-4). Proficiency with a major deep learning framework, preferably PyTorch, for model experimentation and fine-tuning. Proficiency in a high-level programming language (Java, Python) and experience with containerization technologies (Docker, Kubernetes) for deploying AI models. Solid understanding and practical experience with cloud platforms such as Azure or GCP, including knowledge of their networking services (e.g., VNets, VPCs). Experience with AI/ML libraries and frameworks. A strong understanding of ITIL process on one or more service lifecycle or service capability modules. Knowledge in one or more System administrative activities like monitoring, service requests, incident management, change management, & maintenance. Excellent communication skills with an ability to explain concepts and solutions clearly and concisely. Experience in training/grooming people. Excellent analytical and problem-solving skills.",06/04/2026,Not Specified,"Remote, India",Astreya,https://astreya.wd5.myworkdayjobs.com/en-US/life-at-astreya-opportunities/job/Remote-India/AI---ML-Engineer-II_R0013179,Full time
Service Desk Specialist,"Job Description What this Job Entails:  The Service Desk Specialist IV will support one of Astreya’s key clients. The role will be responsible to troubleshoot and fix desktop/ computer hardware and software issues while striving to deliver excellent customer service to the end-user. You need to be an eager learner and put the learning to practice in-line with company and client policies and procedures. Scope:  Uses professional concepts and company objectives to resolve complex issues in creative and effective ways Works on complex issues where analysis of situations or data requires an in-depth evaluation of variable factors Your Roles and Responsibilities: Follow standard operating, ticketing procedures and work instructions to image, update and resolve computer and software application issues for new and existing employees. Maintain equipment inventory, including processing RMAs and ordering new equipment. Maintain physical presence at designated service locations and time for employees to pick up the user's computer, or deliver to the end-user. Monitoring, updating and maintaining tickets in a defined ticketing system.  Responds to tickets, contacts users and plans workload.  Update, track and escalate the ticket to appropriate levels/group for resolution as required.  Sign off on closed tickets with the user to include follow up specifically to the end user. Provide routine software and hardware troubleshooting support to employees to resolve common IT problems. Support access to corporate network/wireless and applications both on the network as well as over VPN. Other duties as required. This list is not meant to be a comprehensive inventory of all responsibilities assigned to this position Required Qualifications/Skills: Bachelor’s degree (B.S/B.A) from four-college or university and 8+ years’ related experience and/or training; or equivalent combination of education and experience  Networks with key contacts outside own area of expertise Determines methods and procedures on new assignments and may coordinate activities of other personnel Ability to work independently with minimal supervision Excellent coordination skills and a team player Ability to identify issues and escalate as needed Excellent written and oral communication skills Strong interpersonal and customer service skills Experience with hardware, software, and network troubleshooting   Experience with software application use and installation Ability to resolve technical issues under pressure Physical Demand & Work Environment: Must have the ability to perform office-related tasks which may include prolonged sitting or standing Must have the ability to move from place to place within an office environment Must be able to use a computer Must have the ability to communicate effectively  Some positions may require occasional repetitive motion or movements of the wrists, hands, and/or fingers Salary Range $30.12 - $50.19 USD (Hourly) Please note that the salary information provided herein is base pay only (gross); it does not include other forms of compensation which may or may not apply to this specific position, namely, performance-based bonuses, benefits-related payments, or other general incentives - none of which are guaranteed, may be subject to specific eligibility requirements, and are wholly within the discretion of Astreya to remit. Further, the salary information noted above is a range that consists of a minimum and maximum rate of pay for this specific position. Where an applicant or employee is placed on this range will depend and be contingent on objective, documented work-related considerations like education, experience, certifications, licenses, preferred qualifications, among other factors. Astreya  offers comprehensive  b enefits to all Regular, Full-Time Employees,   including: Medical provided through Cigna (PPO, HSA, EPO options) / Medical provided through Kaiser (HMO option only) for California employees only Dental provided through Cigna (DPPO & DHMO options) Nationwide Vision provided through VSP Flexible Spending Account for Health & Dependent Care Pre-Tax Account for Commuter Benefit/Parking & Transit (location-specific) Continuing Education and Professional Development via various integrated platforms, e.g. Udemy and Coursera Corporate Wellness Program Employee Assistance Program Wellness Days 401k Plan Basic Life, Accidental Life, Supplemental Life Insurance Short Term & Long Term Disability Critical Illness, Critical Hospital, and Voluntary Accident Insurance Tuition Reimbursement (available 6 months after start date, capped) Paid Time Off (accrued and prorated, maximum of 120 hours annually) Paid Holidays Any other statutory leaves, paid time, or other fringe benefits required under state and federal law",06/04/2026,Not Specified,"Miami, FL",Astreya,https://astreya.wd5.myworkdayjobs.com/en-US/life-at-astreya-opportunities/job/Miami-FL/Service-Desk-Specialist_R0013429,
Data Center Engineer II,"What this Job Entails:  The Data Center Engineer II will be heavily involved in the design of the datacenter collocations, infrastructure hardware, and provide technical consultations. The incumbent will build/create all drawings for datacenter POP’s and develop/write Scopes of Work (SOW) for new POP builds. The Data Center Engineer will create detailed installation MOP’s (Method of Procedure) for multiple types of optical transport and switching equipment, overheads (fiber raceway, ladder, basket) and power AC/DC. The incumbent will also communicate with all departments and provide tech support for Network Engineers. Scope:  Resolves a wide range of issues in creative ways Seasoned, experienced professional with a full understanding of their speciality Works on problems of a diverse scope  Receives little instruction on day to day work, general instruction on new assignments Your Roles and Responsibilities: Deploy, configure, and support a large-scale production and corporate network and server infrastructure in data centers and Point of Presence (POP) sites. Calculate and document equipment power requirements and work with Engineering, Facilities Operations, and/or collocation vendors to meet these requirements. Manage project timelines to support network turn-up within expected completion intervals. Responsible for asset management of networking gear in datacenter and POP sites. Contribute to documentation, automation and processes as they evolve. Create network and server rack face elevations, floor plans, wiring diagrams, and detailed port maps for new deployments and documentation. Create statements of work for vendors at the POP sites. Create cage and rack designs and understand the overall needs of POP infrastructure. Document and follow RMA processes and procedures for all relevant vendors. Assist in following, improving, and implementing data center and POP best practices. Work closely with Network Engineering, Logistics, and equipment vendors as new equipment and technologies are integrated into the production network. Other duties as required. This list is not meant to be a comprehensive inventory of all responsibilities assigned to this position Required Qualifications/Skills: Bachelor’s degree (B.S/B.A) from four-college or university and 2 to 5 years’ related experience and/or training; or equivalent combination of education and experience  Builds productive internal and external working relationships Exercises judgment within defined procedures and practices to determine appropriate action Understanding of Data center practices (i.e. cable routing, calculating power usage and cooling). Familiarity with creating As-Built drawings for Datacenter POPs and creating the 3rd module on DC-CAD Knowledge of how to build/create SOW’s for new POP builds Understanding of field-based work in POPs, carrier hotels, or Central Office environments. Understanding of fiber-optic technology including cable types, connector types, optic types, patch panels, and optical transport technologies. Excellent communication skills, should be able to work with carriers/vendors Understanding of importance of dealing with service providers and colocation facilities Ability to work within a global team in a fast-paced and dynamic environment with limited supervision Strong attention to detail with excellent time management and organization skills Preferred Qualifications:  Physical Demand & Work Environment: Must have the ability to perform office-related tasks which may include prolonged sitting or standing Must have the ability to move from place to place within an office environment Must be able to use a computer Must have the ability to communicate effectively  Some positions may require occasional repetitive motion or movements of the wrists, hands, and/or fingers Salary Range $59,812.00 - $94,440.00 USD (Salary) Please note that the salary information provided herein is base pay only (gross); it does not include other forms of compensation which may or may not apply to this specific position, namely, performance-based bonuses, benefits-related payments, or other general incentives - none of which are guaranteed, may be subject to specific eligibility requirements, and are wholly within the discretion of Astreya to remit. Further, the salary information noted above is a range that consists of a minimum and maximum rate of pay for this specific position. Where an applicant or employee is placed on this range will depend and be contingent on objective, documented work-related considerations like education, experience, certifications, licenses, preferred qualifications, among other factors. Astreya  offers comprehensive  b enefits to all Regular, Full-Time Employees,   including: Medical provided through Cigna (PPO, HSA, EPO options) / Medical provided through Kaiser (HMO option only) for California employees only Dental provided through Cigna (DPPO & DHMO options) Nationwide Vision provided through VSP Flexible Spending Account for Health & Dependent Care Pre-Tax Account for Commuter Benefit/Parking & Transit (location-specific) Continuing Education and Professional Development via various integrated platforms, e.g. Udemy and Coursera Corporate Wellness Program Employee Assistance Program Wellness Days 401k Plan Basic Life, Accidental Life, Supplemental Life Insurance Short Term & Long Term Disability Critical Illness, Critical Hospital, and Voluntary Accident Insurance Tuition Reimbursement (available 6 months after start date, capped) Paid Time Off (accrued and prorated, maximum of 120 hours annually) Paid Holidays Any other statutory leaves, paid time, or other fringe benefits required under state and federal law",06/04/2026,Not Specified,"Chandler, AZ",Astreya,https://astreya.wd5.myworkdayjobs.com/en-US/life-at-astreya-opportunities/job/Chandler-AZ/Data-Center-Engineer-II_R0013229,Full time
Network Deployments Engineer III,"Responsibilities Design, implement, and deploy end-to-end lab testbeds based on provided requirements. Provide qualified network engineering support for installation and decommissioning of racks and network equipment. Verify and troubleshoot connectivity and health of network devices. Build, maintain, and reconfigure network equipment to meet the specific needs of the customer teams. Develop test automation scripts, troubleshoot network protocols, testbeds, and execute test campaigns. Configure network equipment for various testbed elements such as mobile devices, switches, routers, wireless/cellular equipment, servers, including ports, firewalls, VXLAN, EVPN and ACLs. Configure Linux-based systems (servers, compute, databases) that are part of the testbeds, and ensure proper network interconnectivity with enterprise systems, production systems, and internet access.  Develop test scripts to extract network metrics from devices, protocols, and databases through API queries, WebSocket interfaces, and Android debugging tools (adb). Assist in maintaining additional infrastructure such as compute and storage systems, monitoring systems, and test equipment. Analyze and compare test results from test campaigns and prepare comprehensive reports in a presentable format. Recommended Qualifications Subject matter expertise in IP Networking/Routing & Switching/Tunneling (TCP/IP, IPv4/v6, BGP, ISIS, OSPF, MPLS, VXLAN, EVPN, etc). Network certifications such as CCNA/CCNP, JNCIA/JNCIS, RHCSA, or equivalent experience are highly preferred. Experience with Optical Transport Network technologies.  Experience configuring, troubleshooting and deploying routing, switching and tunnelingprotocols (BGP, IS-IS, MPLS, RSVP-TE, VRRP, VXLAN and EVPN). Proven ability to analyze complex situations, troubleshoot and root cause system issues, and solve problems efficiently. Experience working in data centers, colocation facilities, internet exchanges, or central offices. Working knowledge of physical network infrastructure, including power, cooling, structured cabling, and fiber-optic cabling, is a plus. Experience working in a multi-vendor environment with hands-on experience with networking hardware. Familiarity with Linux-based systems and experience with scripting and automation (Bash, Python, Perl) is essential. Bachelor's degree in Computer Science, Computer Engineering, or a relevant technical field, or equivalent practical experience. Work experience in designing, deploying, and operating large-scale networks. Experience with revision control systems (e.g., Git) is a plus",06/04/2026,Not Specified,"Singapore, Singapore",Astreya,https://astreya.wd5.myworkdayjobs.com/en-US/life-at-astreya-opportunities/job/Singapore-Singapore/Network-Deployments-Engineer-III_R0013199,Full time
Data Center Engineer III,"What this Job Entails:  The Data Center Engineer III will be heavily involved in the design of the datacenter collocations, infrastructure hardware, and provide technical consultations. The incumbent will build/create all drawings for datacenter POP’s and develop/write Scopes of Work (SOW) for new POP builds. The Data Center Engineer will create detailed installation MOP’s (Method of Procedure) for multiple types of optical transport and switching equipment, overheads (fiber raceway, ladder, basket) and power AC/DC. The incumbent will also communicate with all departments and provide tech support for Network Engineers. Scope:  Applies company policies and procedures to resolve a variety of issues Works on problems of moderate scope Receives general instructions on routine work and detailed instructions on new projects Your Roles and Responsibilities: Deploying, configure, and support a large-scale production and corporate network and server infrastructure in data centers and Point of Presence (POP) sites. Calculate and document equipment power requirements and work with Engineering, Facilities Operations, and/or collocation vendors to meet these requirements. Manage project timelines to support network turn-up within expected completion intervals. Responsible for asset management of networking gear in datacenter and POP sites. Contribute to documentation, automation and processes as they evolve. Create network and server rack face elevations, floor plans, wiring diagrams, and detailed port maps for new deployments and documentation. Create statements of work for vendors at the POP sites. Create cage and rack designs and understand the overall needs of POP infrastructure. Document and follow RMA processes and procedures for all relevant vendors. Assist in following, improving, and implementing data center and POP best practices. Work closely with Network Engineering, Logistics, and equipment vendors as new equipment and technologies are integrated into the production network. Other duties as required. This list is not meant to be a comprehensive inventory of all responsibilities assigned to this position Required Qualifications/Skills: Bachelor’s degree (B.S/B.A) from four-college or university and 5 to 8 years’ related experience and/or training; or equivalent combination of education and experience  Networks with senior internal and external personnel in own area of expertise Demonstrates good judgment in selecting methods and techniques for obtaining solutions Understanding of Data center practices (i.e. cable routing, calculating power usage and cooling). Familiarity with creating As-Built drawings for Datacenter POPs and creating the 3rd module on DC-CAD Knowledge of how to build/create SOW’s for new POP builds Understanding of field-based work in POPs, carrier hotels, or Central Office environments. Understanding of fiber-optic technology including cable types, connector types, optic types, patch panels, and optical transport technologies. Excellent communication skills, should be able to work with carriers/vendors Understanding of importance of dealing with service providers and colocation facilities Ability to work within a global team in a fast-paced and dynamic environment with limited supervision Strong attention to detail with excellent time management and organization skills Preferred Qualifications:  Physical Demand & Work Environment: Must have the ability to perform office-related tasks which may include prolonged sitting or standing Must have the ability to move from place to place within an office environment Must be able to use a computer Must have the ability to communicate effectively  Some positions may require occasional repetitive motion or movements of the wrists, hands, and/or fingers Salary Range $72,960.00 - $115,200.00 USD (Salary) Please note that the salary information provided herein is base pay only (gross); it does not include other forms of compensation which may or may not apply to this specific position, namely, performance-based bonuses, benefits-related payments, or other general incentives - none of which are guaranteed, may be subject to specific eligibility requirements, and are wholly within the discretion of Astreya to remit. Further, the salary information noted above is a range that consists of a minimum and maximum rate of pay for this specific position. Where an applicant or employee is placed on this range will depend and be contingent on objective, documented work-related considerations like education, experience, certifications, licenses, preferred qualifications, among other factors. Astreya  offers comprehensive  b enefits to all Regular, Full-Time Employees,   including: Medical provided through Cigna (PPO, HSA, EPO options) / Medical provided through Kaiser (HMO option only) for California employees only Dental provided through Cigna (DPPO & DHMO options) Nationwide Vision provided through VSP Flexible Spending Account for Health & Dependent Care Pre-Tax Account for Commuter Benefit/Parking & Transit (location-specific) Continuing Education and Professional Development via various integrated platforms, e.g. Udemy and Coursera Corporate Wellness Program Employee Assistance Program Wellness Days 401k Plan Basic Life, Accidental Life, Supplemental Life Insurance Short Term & Long Term Disability Critical Illness, Critical Hospital, and Voluntary Accident Insurance Tuition Reimbursement (available 6 months after start date, capped) Paid Time Off (accrued and prorated, maximum of 120 hours annually) Paid Holidays Any other statutory leaves, paid time, or other fringe benefits required under state and federal law",06/04/2026,Not Specified,"Cupertino, CA",Astreya,https://astreya.wd5.myworkdayjobs.com/en-US/life-at-astreya-opportunities/job/Cupertino-CA/Data-Center-Engineer-III_R0013191,Full time
Senior Hardware Design Engineer,"What this job entails We are seeking a Senior Hardware Design Engineer to drive end-to-end system development for one of our client's next-generation portable electronic systems. In this role, you'll play a key part in a variety of design decisions, from defining System-on-Chip (SoC) pinouts and optimizing packaging to ensuring cost-effective manufacturing. You'll use your hands-on experience with system integration challenges to collaborate with cross-functional teams and lead our system bring-up efforts. Your expertise in system debugging and your familiarity with lab equipment will be critical to your success. Required Qualifications: Bachelor's degree in Electrical Engineering, Computer Science, or a related field. 5+ years of experience in hardware design and development, with a focus on consumer electronics. Proven track record of delivering successful platform reference designs. Experience with schematic capture and PCB design using tools like Cadence. Strong understanding of system power delivery, stackups, and RLC component selection. Hands-on experience with chipset bring-up, system validation, and troubleshooting in a laboratory environment. Aptitude for failure analysis (FA) and debugging system-level issues. Travel Requirement:  A maximum of two trips to Asia may be required over a one year period. Preferred Qualifications: Master's degree in Electrical Engineering or a related field. 7+ years of experience in a related role. Experience leading socket-based Platform PCB design. Expertise in establishing Board-level Power Delivery Network (PDN) and Signal Integrity (SI) specifications. Experience with battery-powered, wireless, or embedded hardware. Knowledge of various buses and signals, including I2C, SPI, UART, MIPI, I2S, and USB. Salary Range $107,520.00 - $134,400.00 USD (Salary) Please note that the salary information provided herein is base pay only (gross); it does not include other forms of compensation which may or may not apply to this specific position, namely, performance-based bonuses, benefits-related payments, or other general incentives - none of which are guaranteed, may be subject to specific eligibility requirements, and are wholly within the discretion of Astreya to remit. Further, the salary information noted above is a range that consists of a minimum and maximum rate of pay for this specific position. Where an applicant or employee is placed on this range will depend and be contingent on objective, documented work-related considerations like education, experience, certifications, licenses, preferred qualifications, among other factors. Astreya  offers comprehensive  b enefits to all Regular, Full-Time Employees,   including: Medical provided through Cigna (PPO, HSA, EPO options) / Medical provided through Kaiser (HMO option only) for California employees only Dental provided through Cigna (DPPO & DHMO options) Nationwide Vision provided through VSP Flexible Spending Account for Health & Dependent Care Pre-Tax Account for Commuter Benefit/Parking & Transit (location-specific) Continuing Education and Professional Development via various integrated platforms, e.g. Udemy and Coursera Corporate Wellness Program Employee Assistance Program Wellness Days 401k Plan Basic Life, Accidental Life, Supplemental Life Insurance Short Term & Long Term Disability Critical Illness, Critical Hospital, and Voluntary Accident Insurance Tuition Reimbursement (available 6 months after start date, capped) Paid Time Off (accrued and prorated, maximum of 120 hours annually) Paid Holidays Any other statutory leaves, paid time, or other fringe benefits required under state and federal law",06/04/2026,Not Specified,"Sunnyvale, CA",Astreya,https://astreya.wd5.myworkdayjobs.com/en-US/life-at-astreya-opportunities/job/Sunnyvale-CA/Senior-Hardware-Design-Engineer_R0013137-1,Full time
Golang Specialist,"Key Responsibilities Design, build, and maintain scalable  Golang-based libraries , command-line tools, and internal systems to support Dropbox’s developer workflows. Develop and enhance components in  build systems , including dependency management, caching, compilation, and CI/CD integration. Optimize performance, reliability, and ergonomics of developer tooling across large monorepos. Collaborate with infrastructure, DevOps, security, and engineering productivity teams to define system architecture and integration points. Contribute to code reviews, technical documentation, and adoption of engineering best practices. Identify pain points in development workflows and deliver automated or scalable solutions. Participate in root cause analysis of system failures or inefficiencies, and lead long-term fixes. Minimum Qualifications 5+ years of experience in Golang , with a focus on infrastructure software, system tooling, or backend libraries (not just application backends). Deep understanding of  build systems ,  source control internals , and  monorepo tooling . Demonstrated experience with performance profiling, system-level debugging, and concurrent programming in Go. Proven track record of contributing to  internal platforms ,  build pipelines , or  open-source tooling . Familiarity with continuous integration and deployment (CI/CD) workflows and related automation. Strong understanding of Linux development environments and scripting (e.g., Bash, Python, or similar). Excellent communication and documentation skills. Preferred Qualifications Experience with  Bazel ,  Buck ,  Pants , or similar large-scale build tools. Familiarity with  Git internals , repository management at scale, and commit lifecycle optimization. Prior work in  developer productivity engineering  or  internal platform teams . Contributions to open-source Golang libraries or infrastructure components. Exposure to security tooling, static analysis, or automated code review systems. Understanding of Dropbox’s infrastructure stack or similar enterprise-scale development environments. Not a Fit If You: Have limited Golang experience or have only used it for web/API development. Primarily come from a  frontend ,  full-stack , or  Java enterprise  application background. Lack experience working on infrastructure or system-level tooling projects. Salary Range $47.13 - $74.42 USD (Hourly) Please note that the salary information provided herein is base pay only (gross); it does not include other forms of compensation which may or may not apply to this specific position, namely, performance-based bonuses, benefits-related payments, or other general incentives - none of which are guaranteed, may be subject to specific eligibility requirements, and are wholly within the discretion of Astreya to remit. Further, the salary information noted above is a range that consists of a minimum and maximum rate of pay for this specific position. Where an applicant or employee is placed on this range will depend and be contingent on objective, documented work-related considerations like education, experience, certifications, licenses, preferred qualifications, among other factors. Astreya  offers comprehensive  b enefits to all Regular, Full-Time Employees,   including: Medical provided through Cigna (PPO, HSA, EPO options) / Medical provided through Kaiser (HMO option only) for California employees only Dental provided through Cigna (DPPO & DHMO options) Nationwide Vision provided through VSP Flexible Spending Account for Health & Dependent Care Pre-Tax Account for Commuter Benefit/Parking & Transit (location-specific) Continuing Education and Professional Development via various integrated platforms, e.g. Udemy and Coursera Corporate Wellness Program Employee Assistance Program Wellness Days 401k Plan Basic Life, Accidental Life, Supplemental Life Insurance Short Term & Long Term Disability Critical Illness, Critical Hospital, and Voluntary Accident Insurance Tuition Reimbursement (available 6 months after start date, capped) Paid Time Off (accrued and prorated, maximum of 120 hours annually) Paid Holidays Any other statutory leaves, paid time, or other fringe benefits required under state and federal law",06/04/2026,Not Specified,"Remote, GA",Astreya,https://astreya.wd5.myworkdayjobs.com/en-US/life-at-astreya-opportunities/job/Remote-GA/Senior-Software-Engineer_R0012737,Full time
Network Engineer- Security & Compliance,"Network Engineers are responsible for the infrastructure that connects users to Dropbox services. This network transits traffic for all tenants of  serving infrastructure, including our in-house multi-exabyte storage system (Magic Pocket), large-scale databases, edge POP infrastructure, and all user-facing services. As part of the  Production Networking  team, you will help manage global-scale network infrastructure while driving improvements in reliability and efficiency. You will play a key role in operating, validating, and evolving the network. Responsibilities include implementing global configuration and design changes, supporting upgrade initiatives, managing vendor escalations, and ensuring the operational integrity of production network. Key Responsibilities Evolve the production network (AS19679) to support new and existing use cases that maximize product velocity Lead and execute infrastructure rollout efforts across global POPs, data centers, and the backbone network Manage vendor support cases (e.g., JTAC, Cisco TAC), ensuring timely resolution and clear documentation Operate a dedicated lab and test environment to validate hardware platforms, configurations, and automation tooling Develop and maintain practices to ensure network changes are testable and reproducible before production deployment Collaborate cross-functionally to support network scalability, compliance, and operational consistency Requirements 3+ years of experience in a production network environment with a focus on operational execution Strong familiarity with network hardware/software platforms (e.g., Juniper, Cisco, Arista) Proficiency in core networking protocols such as BGP, OSPF/ISIS, and IPv4/IPv6 Proven experience with network change operations and rollout procedures Demonstrated ability to manage vendor escalations and coordinate support resolution Solid understanding of large-scale network operations, including troubleshooting and lab/test validation workflows Preferred Skills Strong organizational and execution skills with attention to detail in structured change workflows Effective cross-functional communication and collaboration skills Scripting ability in Python or a similar language Familiarity with network automation tools (e.g., Ansible, NAPALM) Experience with test-driven infrastructure or validation pipelines",06/04/2026,Not Specified,"Remote, Poland",Astreya,https://astreya.wd5.myworkdayjobs.com/en-US/life-at-astreya-opportunities/job/Remote-Poland/Network-Engineer--Security---Compliance_R0012269,Full time
