Job Name,Job Description,posting date,Expereince,Location,Company Name,Job Applicatio link,Job Type
Safety Specialist 2 - Woodbridge,"JOB SUMMARY
 
Under the direction of the General Manager, the Safety Specialist 2 provides advanced expertise in environmental health and safety (EHS) program management. This role is responsible for leading regulatory compliance initiatives, managing complex permit programs, and serving as a subject matter expert for safety and environmental operations. The Safety Specialist 2 is expected to drive continuous improvement projects and represent the company in regulatory and industry forums. This role conducts a variety of environmental and safety activities, reporting, and data analysis in support of the facility regulatory compliance assignments. Assists in the management of site-specific regulatory permit programs and communicates with regulatory agencies. Manages onsite safety and environmental contractors and consultants and coordinates with the Corporate EHS Department for program management.
 
ESSENTIAL FUNCTIONS
 

Support Plant Leadership and the company’s EHS Department with all aspects of regulatory compliance and program management.
Manage environmental and safety projects with internal team and external contractors including review and interpretation of compliance data.
Serve as the primary liaison with regulatory agencies.
Independently manage permit activities associated with but not exclusive to USEPA, OSHA, CalEPA, Cal OSHA, Local Air Pollution Control Districts, Regional and State Water Resources Control Boards, County Environmental Health Agencies, FDA.
Work directly with plant teams to manage permits including, but not limited to: Waste Discharge Requirements, Supply Water Permits, Title V and Non-Title V Air Permits, RMP/PSM/Cal ARP, Hazardous Material and Waste Facility Registrations, Refrigerant Management Program.
Lead internal audits, inspections, and safety committees; ensure corrective actions are implemented.
Analyze regulatory changes, assess operational impacts, and recommend compliance strategies.
Represent TWG in government or industry committees.
Drive continuous improvement initiatives in safety performance, environmental stewardship, and operational efficiency.
Ensure timely completion of activities and tasks assigned through the company EHS Management System (Intelex).
Work with management teams to identify, develop, and implement continuous improvement projects applicable to both regulatory and operational improvements.
Analyze, interpret, and understand laws and regulations enacted by State, Local, and Federal Agencies, its impact on company’s operations and provide recommendations to implement lawful and cost-effective compliance.
Gather in-field data from multiple facilities and compile into one central location.
This job description is not designed to cover or contain a comprehensive listing of activities, duties or responsibilities that are required of the employee for their job. Duties, responsibilities, and activities may change at any time with or without notice.

 
QUALIFICATIONS
 

Bachelor’s degree in environmental sciences/management and health and safety or related field preferred (engineering, public health).
5+ years progressive experience in EHS roles.
Demonstrated expertise in regulatory compliance, permitting, and program management.
Relevant EHS training, coursework, or continuing education preferred, including OSHA 30-Hour General Industry, OSHA 511 or equivalent, Cal/OSHA compliance training, hazardous materials/waste management, incident investigation/root cause analysis, JHA/JSA development, risk assessment, environmental compliance, or similar job-related EHS development.
Track record of driving continuous improvement and innovation.
Act as a role model for professionalism, integrity, and safety leadership.
Champion sustainability initiatives aligned with TWG’s environmental stewardship goals.


Maintain current knowledge of industry best practices and emerging regulatory trends.
Consistently deliver high-quality work under tight deadlines.
Must have a strong commitment to workplace safety programs and policies.
Must be able to read, fully comprehend, and implement requirements of laws, regulations, and technical documents.
Skilled in effectively communicating in oral and written form with all internal and external individuals.
Ability to effectively manage internal and external visitors, auditors, and regulators.
Skilled in technical data analysis and report writing.
Excellent organizational and interpersonal skills with attention to detail.
Demonstrated reliability and punctuality, work effectively in team/crew environment, adherence to all safety regulations and operating procedures.
Ability to be highly organized and keep others organized and on track.

 
PHYSICAL DEMANDS
 

While performing the duties of this job, the employee is frequently required to stand; walk; sit; use hands to finger, handle or feel; reach with hands and arms; talk or hear.
Occasionally required to climb or balance; stoop, kneel, crouch, or crawl.
Able to lift and carry up to 50 pounds.
Working environment has exposure to both indoors and outdoors and related warehouse/production equipment and associated noise levels.
Ability to perform tasks requiring bending, stooping, standing, and twisting in the performance of various tasks in the warehouse/production environment.

 
COMPENSATION
 

Hiring Salary Range Posted: $75,400 - $113,200.
Actual compensation will be based on factors such as experience, skills, knowledge, and abilities, education, and other position-related factors.

 
 
At The Wine Group, we are proud to be an equal opportunity employer. Qualified applicants will receive consideration for employment without regard to race, color, religion, sex, sexual orientation, gender identity, genetic information, national origin, disability, protected veteran status or other characteristic protected by law.
 
#LI-CG1",30/04/2026,N/A,"The Wine Group, 5950 E. Woodbridge Road, Acampo, California, United States of America",The Wine Group,https://jobs.dayforcehcm.com/en-US/twg/CANDIDATEPORTAL/jobs/20015,N/A
Guest Services (Part-time) - Benziger Family Winery,"JOB SUMMARY
 
Reporting to the Hospitality Coordinator, the part time Guest Services position is responsible for providing exceptional hospitality and memorable guest experiences by welcoming and directing guests, introducing winery offerings to include tastings and visitation policies, taking, and fulfilling reservations, and guiding guests to/from experiences. Excellent communication, customer service skills, and a positive attitude are critical in this highly visible position. This is an onsite guest concierge booth position at Benziger Family Winery.
 
ESSENTIAL FUNCTIONS
 

Primary point of contact for all guest interactions to include greeting in-person or via telephone, responding to inquiries, executing daily reservations, and processing ticket sales to ensure the best guest experience possible.
Screen and respond to email and phone calls related to Guest Services, including but not limited to making reservations, answering general questions, coordinating wine order pickups, relaying company policies, etc.
Ensure that all guests feel welcome and are given responsive, friendly, and courteous service.
Work collaboratively with Hospitality/Events and Tasting Room teams to organize and manage reservations for the daily customer experience.
Utilize Hospitality calendar and internal cross-functional contact list to provide timely customer service.
Ability to multi-task to efficiently and effectively open and close Guest Services; processing reservations, answering voice messages, deposits, organizing information and preparing for the next day’s business.
Utilize POS and reservation systems to manage high volume tour and elevated experience transactions. Possess a high level of integrity for performing sales transactions.
Collaborate with Guest Services team members to adhere to reservation policies with assistance from the Hospitality and Guest Relations Manager and Tasting Room Managers.
Create and build on guest experiences through upsell tasting and tour experiences.
Assist with data entry within Hospitality systems such as Tripleseat, Red Chrip, eCellar etc.
Maintain a professional and welcoming office environment and perform office support functions: filing, copying, mailing, supply orders, etc.

 
OTHER FUNCTIONS
 

Follow safety policies and procedures for department as well as winery safety protocols.
Proactively identify opportunities/challenges and with a focus on process improvement to create efficiencies and enhance the guest experience.
Suggests methods to improve operations, efficiencies, and service levels to customers.
Maintain a professional appearance, while adhering to dress code.
Uses excellent organization skills to manage workflows and balance shifting priorities.
Meticulous attention to detail and quality of work, as well as superior organizational skills
Excellent analytical and problem-solving skills.
This job description is not designed to cover or contain a comprehensive listing of activities, duties or responsibilities that are required of the employee for their job. Duties, responsibilities, and activities may change at any time with or without notice.

 
QUALIFICATIONS
 

Must be at least 18 years of age and have a valid driver’s license.
High school diploma or equivalent required.


Two years’ experience in a premium winery tasting room, hospitality setting and/or retail sales position preferred.
Must be available to work weekends and some holidays.
Computer proficiency: Microsoft Office Suite and the ability to learn POS and reservation systems.
Superior customer service skills and service driven approach.
Strong attention to detail, excellent communication, organizational and interpersonal skills.
Contribute as a team player, working with other associates to reach monthly and daily sales goals.
Always maintain a professional appearance representative of the winery.
Demonstrated ability to multi-task, follow-up, and work in a fast-paced environment with shifting priorities.
Pro-active and thorough in completing tasks and pursuing new assignments.
Ability to work independently with minimal direct supervision.
Demonstrated reliability, punctuality, and adherence to all safety regulations and operating procedures.

 
PHYSICAL DEMANDS
 

Ability to perform tasks requiring bending, standing, and twisting in an office environment.

 
COMPENSATION
 

Hourly Pay Rate Posted: $20.00/hr. Eligible for incentives, tips, and bonuses. 

 
 
At The Wine Group, we are proud to be an equal opportunity employer. Qualified applicants will receive consideration for employment without regard to race, color, religion, sex, sexual orientation, gender identity, genetic information, national origin, disability, protected veteran status or other characteristic protected by law. 
 
#LI-CG1",30/04/2026,N/A,"The Wine Group, 1883 London Ranch Rd., Glen Ellen, California, United States of America",The Wine Group,https://jobs.dayforcehcm.com/en-US/twg/CANDIDATEPORTAL/jobs/20007,N/A
Wine Specialist (Part-time) - Benziger Family Winery,"JOB SUMMARY
 
Benziger Family Winery is searching for enthusiastic, passionate wine sales and customer service professionals to join our dynamic, high energy Tasting Room team. 
 
The Wine Specialist is a part-time position responsible for creating a memorable wine and customer service experience at our captivating estate property while promoting wine sales, enrolling new club members, and providing engaging wine education to guests.
 
Schedule: This is a part‑time position requiring availability for a minimum of 3 days per week. Schedules are based on tasting room business needs.
 
ESSENTIAL FUNCTIONS
 

Provide excellent customer service in all areas, including welcoming guests and educating them on our wine portfolio and elevated tasting experiences. 
Create and execute an exclusive, personalized experience for each guest by confidently speaking to wines, varietals, winemaking and viticulture practices, growing regions, winery history, and brand history. 
Promote the sale of wine and non-wine retail products, with a strong focus on closing sales and upselling. 
 


Drive new Wine Club memberships through guest engagement and relationship building.


Collect guest information, including names and email addresses, for future outreach.


Conduct daily seated tastings, bar tastings, and tours as scheduled.

Host specialty programs, lunches, dinners, or private events as assigned. 
Represent winery by pouring at offsite and on-premise special events. 
Maintain, update, and expand wine knowledge of the winery, viticulture, enology by participating in educational trainings and tastings within the Winery and through outside sources. 
Learn and operate POS systems to manage high-volume wine and merchandise transactions with accuracy and integrity.
Provides retail merchandising support by ensuring products and displays are visually appealing, well-organized, and fully stocked.

 
OTHER FUNCTIONS
 

This job description is not designed to cover or contain a comprehensive listing of activities, duties or responsibilities that are required of the employee for their job. Duties, responsibilities, and activities may change at any time with or without notice.  

 
QUALIFICATIONS
 

Must be at least 21 years of age. 
Two or more years’ experience in a premium winery tasting room, hospitality, or retail sales environment preferred. 
Must be available to work weekends, holidays, and special events. 
Strong enthusiasm for wine and interest in continuing to expand wine knowledge. 
Service driven mindset with superior customer service, organizational, and interpersonal skills. 
Friendly, positive, and professional demeanor when interacting with guests, vendors, and team members. 
Team-oriented, collaborating with peers to achieve daily and monthly sales goals. 
Strong attention to detail with the ability to multitask and thrive in a fast-paced environment.
Ability to work independently with minimal direct supervision.
Demonstrated reliability, punctuality, and adherence to all safety regulations and operating procedures.
Must hold a valid driver’s license.

 
PHYSICAL DEMANDS
 

Must be able to frequently lift and carry weights of up to 40 pounds.

Ability to operate various equipment, including but not limited to lift trucks, hand trucks, and dishwashers.


Ability to bend, stoop, twist, and stand for extended periods of time.


Ability to work on your feet for long durations during shifts


 
COMPENSATION
 

Hourly Pay Rate Posted: $20.00 plus incentives, tips, and bonuses. 

 
 
At The Wine Group, we are proud to be an equal opportunity employer. Qualified applicants will receive consideration for employment without regard to race, color, religion, sex, sexual orientation, gender identity, genetic information, national origin, disability, protected veteran status or other characteristic protected by law.
 
#LI-CG1",28/04/2026,N/A,"The Wine Group, 1883 London Ranch Rd., Glen Ellen, California, United States of America",The Wine Group,https://jobs.dayforcehcm.com/en-US/twg/CANDIDATEPORTAL/jobs/19999,N/A
Maintenance Supervisor (Facilities) - Ripon,"JOB SUMMARY
 
The Facilities Maintenance Supervisor reports to the Maintenance Senior Manager. This position is responsible for but not limited to: Managing all facility maintenance areas, supervision and development of Maintenance Technicians, training, and safety. Additionally, this position will be accountable for supporting annual capital plan development, and executing capital projects, and dealing with outside vendors. This position will also utilize CMMS software and programs, work closely with operations staff to balance maintenance and production needs. This person will drive a proactive maintenance strategy through the use and implementation of industry best practices like TPM and RCM tools and methods. As an integral part of the maintenance management team, they will lead and support the facility maintenance team, assist with process and operations development, and improve overall operational efficiency. They will develop, implement, and analyze working methodologies to improve manufacturing efficiency and reliability, increasing asset utilization and reducing costs. Expectation is to develop a culture of loss control and prevention, emphasizing continuous improvement. This person will have responsibility for driving change management in the facility.
 
ESSENTIAL FUNCTIONS
 

Responsible for the maintenance upkeep and continuous improvements of facility equipment, finished wine supply and all other support equipment.
Supervise and develop Maintenance Technicians and Operator skills. Effective communication (verbal/written), problem solving, decision-making, coaching, training, etc.
Drive an increase in safety culture for the maintenance team and the Ripon site with a zero compromise towards safety mindset.
Ensure that all maintenance tasks, whether through outside vendors or internal technicians, are in compliance with company and governmental requirements, including safety and sanitation.
Results-driven: Set and meet deadlines in an ever-changing production environment and a willingness to work when needed.
Strategic thinking: Execute an overall site asset maintenance strategy and the tactical plans for implementation. Manage the maintenance budget while delivering higher asset productivity through reduction of maintenance related downtime.
Measure efficient maintenance planning, scheduling, and tracking using CMMS.
Lead engineering efforts in equipment selection and implementation of capital projects including start-ups as well as identification and resolution of chronic equipment downtime issues.
Culture: Increase employees' knowledge and skills to identify root cause problem solving and make effective repairs that result in less downtime.
Manage facility maintenance teams work scope, inspection routines, and work order scheduling.
Maintain a close interaction with Production, Quality, Planning, Engineering and Finance.
Track and monitor KPIs (key performance indicators) and targets that lead to effective maintenance in support of operations. Use KPIs to influence decisions.
Accountability metrics include improving overall asset reliability and reducing unscheduled downtime and maintenance costs through oversight for all technical aspects of the facility.
This job description is not designed to cover or contain a comprehensive listing of activities, duties or responsibilities that are required of the employee for their job. Duties, responsibilities, and activities may change at any time with or without notice.

 
QUALIFICATIONS
 

High school diploma or GED equivalent required. BS in Mechanical or Electrical Engineering preferred.
5+ years related experience in the production/ manufacturing environment.
Familiar with industrial electronics/electrical, ammonia refrigeration, pneumatics, mechanical systems, hydraulics, building construction, blueprints, processing equipment, boilers, PLC's and VFD's.
Experience managing RMP/PSM projects related to ammonia and SO2.
Strong computer skills relating to CMMS/work order system and MS Office suite.
Committed to safety, quality, and productivity.
Knowledge of OSHA and other FED/State rules and regulations including environmental.
Department leadership: Must gain the respect of all personnel through effective leadership. Possess and demonstrate Preventative and Predictive Maintenance. Management knowledge and have a strong grasp of cost drivers, vendor choices, planning, scheduling.
Strive for continuous improvements in all areas of responsibility and keep current with technological advancements.
Demonstrated reliability and punctuality, work effectively in team/crew environment, adherence to all safety regulations and operating procedures.

 
PHYSICAL DEMANDS
 

Ability to perform tasks requiring bending, stooping, standing, and in a primarily office and occasionally in a production environment.
Working environment has exposure to related warehouse equipment and associated noise levels.

 
COMPENSATION
 

Hiring Salary Range Posted: $78,900 - $118,300.
Actual compensation will be based on factors such as experience; skills, knowledge, and abilities; education; and other position related factors.

 
 
At The Wine Group, we are proud to be an equal opportunity employer. Qualified applicants will receive consideration for employment without regard to race, color, religion, sex, sexual orientation, gender identity, genetic information, national origin, disability, protected veteran status or other characteristic protected by law.
 
#LI-BH1",28/04/2026,N/A,"The Wine Group, 17000 E. Highway 120, Ripon, California, United States of America",The Wine Group,https://jobs.dayforcehcm.com/en-US/twg/CANDIDATEPORTAL/jobs/19988,N/A
Refrigeration/HVAC Maintenance Technician 4 - Ripon,"JOB SUMMARY
 
Serve as a highly skilled technical expert responsible for the safe, efficient operation, maintenance, troubleshooting, and optimization of industrial ammonia refrigeration systems and HVAC equipment used for precise wine and juice temperature control, as well as facility climate management. The Refrigeration/HVAC Technician will perform advanced diagnostics, repairs, and preventive maintenance on ammonia-based central systems (including compressors, condensers, evaporators, vessels, valves, pumps, and controls) and HVAC components (such as chillers, air handlers, rooftop units, and ductwork). In the absence of the Sr. Ref/HVAC Tech, assume supervisory responsibilities for daily HVAC/refrigeration operations, ensuring compliance with all safety protocols (including PSM/RMP for ammonia), company SOPs, and regulatory standards (OSHA, EPA). Maintain product integrity, promote energy efficiency, and drive continuous improvement initiatives to enhance system reliability, reduce downtime, and minimize costs/waste.
 
They will also help in the administration of company, department rules, regulations, and standard operating procedures. The technician will be held accountable in maintaining product integrity and creating safe an efficient production flow according to TWG protocols.
 
ESSENTIAL FUNCTIONS
 

Expertly operate, monitor, troubleshoot, repair, and maintain industrial ammonia refrigeration systems, ensuring optimal performance for wine/juice temperature control while adhering to Process Safety Management (PSM) and Risk Management Program (RMP) requirements.
Diagnose and resolve complex mechanical, electrical, and control issues in ammonia systems (e.g., screw/reciprocal compressors, evaporative condensers, glycol/brine loops) and HVAC systems (e.g., package units, split systems, chilled water loops).
Perform preventive and predictive maintenance, including inspections, oil analysis, vibration monitoring, leak detection/repair, valve overhauls, pump-outs, and system pump-downs/restarts, following all mandated safety procedures.
Complete accurate documentation, including logs, maintenance records, work orders, PSM checklists, and regulatory compliance reports.
Demonstrate strong leadership: train and mentor team members on refrigeration/HVAC processes, safety protocols, and SOPs; assign workloads and evaluate performance when acting in a supervisory capacity.
Analyze operational data to identify inefficiencies, recommend improvements (e.g., energy-saving upgrades, process optimizations), and proactively address potential issues to prevent downtime or quality impacts.
Interact effectively with management, vendors, contractors, and cross-functional teams; communicate technical information clearly in verbal and written form.
Ensure full compliance with all company policies, safety standards, GMPs, OSHA/EPA regulations, and winery-specific protocols for hazardous chemical handling (including ammonia).

 
OTHER FUNCTIONS
 

Support emergency response and participate in incident investigations related to refrigeration/HVAC systems.
Assist with system installations, modifications, or upgrades as needed.
Model The Wine Group core values in all decisions and actions.
This job description reflects management’s assignment of essential functions; it does not restrict additional tasks that may be assigned.
Must have ability to learn and effectively train others on all work processes in accordance to SOP and Safety Programs and hold others accountable as necessary.
In the case where foreman is absent, must be able to assign appropriate workloads and evaluate the quantity and quality of the work performed while ensuring the safety practices and policies are being followed.
Support and model all company procedures and policies.
This job description reflects management’s assignment of general functions; it does not restrict the tasks that may be assigned.

 
QUALIFICATIONS
 

Minimum 4 - 5 + years of hands-on experience with industrial ammonia refrigeration systems (preferred in food/beverage/winery environments) and demonstrated expertise in HVAC maintenance/repair.
Proven advanced knowledge of ammonia refrigeration principles, components, and troubleshooting (e.g., screw/reciprocating compressors, electrical controls, PLCs, alarm systems).
Experience with HVAC systems, including chillers, air conditioning units, ventilation, and related utilities.
Strong understanding of PSM/RMP programs, RETA (Refrigerating Engineers and Technicians Association) standards, and relevant certifications (e.g., CARO, CIRO, or equivalent ammonia operator certification preferred; willingness to obtain if not held).
High school diploma or equivalent required; technical/vocational training or associate degree in refrigeration/HVAC/mechanical systems strongly preferred.
Excellent computer skills (Microsoft Word, Excel, Outlook; familiarity with CMMS or refrigeration monitoring software a plus).
Demonstrated leadership, problem-solving, and initiative in fast-paced environments.
Superior attention to detail, safety record, attendance, and work performance history.
Must be 18+ years old, pass pre-employment physical, drug screen, and any required testing/certifications (e.g., First Aid/CPR/AED, Emergency Responder).
Ability to embrace and demonstrate The Wine Group Core Values: Long-Term Sustainable Value Creation, Relentlessly Entrepreneurial, Empowered People who are Responsible and Trustworthy.
Must embrace and demonstrate The Wine Group Core Values of Long-Term Sustainable Value Creation, while being Relentlessly Entrepreneurial, with Empowered People who are Responsible and Trustworthy and keep them in mind when making all decisions.

 
PHYSICAL DEMANDS
 

Lift and carry up to 55 lbs. repeatedly.
Climb stairs, vertical tank ladders (up to 60’+), enter confined spaces/manholes, and perform work at heights while using appropriate fall protection.
Work with hazardous chemicals (including ammonia) and wear required PPE (respirators, face masks, chemical suits, etc.).
Perform tasks involving bending, stooping, kneeling, lifting, pulling, pushing, and working in varying temperatures/extreme conditions.
Ability to respond to emergency calls outside regular shifts.

 
COMPENSATION
 

Hourly Pay Rate Posted: $44.30/hr.

 
 
At The Wine Group, we are proud to be an equal opportunity employer. Qualified applicants will receive consideration for employment without regard to race, color, religion, sex, sexual orientation, gender identity, genetic information, national origin, disability, protected veteran status, or other characteristic protected by law.
 
#LI-BH1",21/04/2026,N/A,"The Wine Group, 17000 E. Highway 120, Ripon, California, United States of America",The Wine Group,https://jobs.dayforcehcm.com/en-US/twg/CANDIDATEPORTAL/jobs/19961,N/A
Bottling Operator 1 (Grave) - Woodbridge,"JOB SUMMARY
 
The Bottling Operator 1 position tends to day-to-day operation of bottling equipment. The position follows standard operating procedures and practices safe work habits to ensure production is as efficient and safe as possible.
 
We are currently hiring for graveyard shift (M-F, 10 pm - 6:30 am) positions. 
 
ESSENTIAL FUNCTIONS
 

Under moderate supervision performs basic operation and minimal troubleshooting (white level) on a minimum of 2 of the following machine centers; Monobloc, Labeler, Case Packer, Depal, and Palletizer.
Operates and cleans bottling equipment.
Safely and efficiently operate all pieces of equipment on multiple production lines to meet or exceed established production goals in a cost-effective manner.
Assist with changeovers.
Maintains the mindset that there is always room for improvement, there is always a way to do it better. 
Ability to keep work area clean, organized and Food Safety compliant. Responsible for general housekeeping duties and maintaining a sanitary work area.
Responsible for routine production reporting and quality checks.
Must be able to consistently perform all in-process and final production quality control and verification checks.
Responsible for compliance with CBI sustainability policies and practices. 
Demonstrates situational awareness and a sense of urgency on the production floor.
Demonstrate a sense of urgency for Safety, Quality, and Productivity.
Communicate effectively with team members, leadership and other departments.
Follow all safety procedures and guidelines. Identify safety hazards and communicates to team members and leadership. 
Demonstrates a positive attitude, ability to work with team members to achieve production goals and has a desire to continuously learn and improve. 
Maintains job competencies as outlined in the provided skill qualification matrix.

 
QUALIFICATIONS
 

Must have a high school diploma or equivalent.
Must have strong mechanical skills. May be required to pass a Mechanical Aptitude Test.
Able to perform diverse and complex tasks on highly technical machine centers.
Complete qualification matrix level white or equivalent one-year repetitive manufacturing experience.  
Able to work various shifts and schedules including weekends as needed.

 
PHYSICAL DEMANDS
 

Works outdoors/indoors.
Works in warm/cold climates.
Works in high places.
Works on wet surfaces.
Must be able to stand, walk, and sit.
Must be able to move up to 55 lbs.
Use hands to handle or feel; reach with hands and arms.
Climb or balance stairs/ladders.
Stoop, kneel, crouch or crawl; talk and hear.
Must have close vision, distant vision, and ability to adjust focus, peripheral vision.
Must be able to stand for extended periods of time.
Is exposed to loud noise, fumes and/or toxic chemicals.
Works near moving, mechanical parts and lift truck traffic.

 
COMPENSATION
 

Hourly Pay Rate Posted: $21.86/hr.
Actual compensation will be based on factors such as experience; skills, knowledge, and abilities; education; and other position related factors.

 
 
At The Wine Group, we are proud to be an equal opportunity employer. Qualified applicants will receive consideration for employment without regard to race, color, religion, sex, sexual orientation, gender identity, genetic information, national origin, disability, protected veteran status or other characteristic protected by law.
 
#LI-BH1",21/04/2026,N/A,"The Wine Group, 5950 E. Woodbridge Road, Acampo, California, United States of America",The Wine Group,https://jobs.dayforcehcm.com/en-US/twg/CANDIDATEPORTAL/jobs/19955,N/A
Bottling Operator 1 (Day) - Woodbridge,"JOB SUMMARY
 
The Bottling Operator I position tends to day-to-day operation of bottling equipment. The position follows standard operating procedures and practices safe work habits to ensure production is as efficient and safe as possible.
 
We are currently hiring for day shift (M-F, 6 am - 2:30 pm) positions. 
 
ESSENTIAL FUNCTIONS
 

Under moderate supervision performs basic operation and minimal troubleshooting (white level) on a minimum of 2 of the following machine centers; Monobloc, Labeler, Case Packer, Depal, and Palletizer.
Operates and cleans bottling equipment.
Safely and efficiently operate all pieces of equipment on multiple production lines to meet or exceed established production goals in a cost-effective manner.
Assist with changeovers.
Maintains the mindset that there is always room for improvement, there is always a way to do it better. 
Ability to keep work area clean, organized and Food Safety compliant. Responsible for general housekeeping duties and maintaining a sanitary work area.
Responsible for routine production reporting and quality checks.
Must be able to consistently perform all in-process and final production quality control and verification checks.
Responsible for compliance with CBI sustainability policies and practices. 
Demonstrates situational awareness and a sense of urgency on the production floor.
Demonstrate a sense of urgency for Safety, Quality, and Productivity.
Communicate effectively with team members, leadership and other departments.
Follow all safety procedures and guidelines. Identify safety hazards and communicates to team members and leadership. 
Demonstrates a positive attitude, ability to work with team members to achieve production goals and has a desire to continuously learn and improve. 
Maintains job competencies as outlined in the provided skill qualification matrix.

 
QUALIFICATIONS
 

Must have a high school diploma or equivalent.
Must have strong mechanical skills. May be required to pass a Mechanical Aptitude Test.
Able to perform diverse and complex tasks on highly technical machine centers.
Complete qualification matrix level white or equivalent one-year repetitive manufacturing experience.  
Able to work various shifts and schedules including weekends as needed.

 
PHYSICAL DEMANDS
 

Works outdoors/indoors.
Works in warm/cold climates.
Works in high places.
Works on wet surfaces.
Must be able to stand, walk, and sit.
Must be able to move up to 55 lbs.
Use hands to handle or feel; reach with hands and arms.
Climb or balance stairs/ladders.
Stoop, kneel, crouch or crawl; talk and hear.
Must have close vision, distant vision, and ability to adjust focus, peripheral vision.
Must be able to stand for extended periods of time.
Is exposed to loud noise, fumes and/or toxic chemicals.
Works near moving, mechanical parts and lift truck traffic.

 
COMPENSATION
 

Hourly Pay Rate Posted: $21.86/hr.
Actual compensation will be based on factors such as experience; skills, knowledge, and abilities; education; and other position related factors.

 
 
At The Wine Group, we are proud to be an equal opportunity employer. Qualified applicants will receive consideration for employment without regard to race, color, religion, sex, sexual orientation, gender identity, genetic information, national origin, disability, protected veteran status or other characteristic protected by law.
 
#LI-BH1",21/04/2026,N/A,"The Wine Group, 5950 E. Woodbridge Road, Acampo, California, United States of America",The Wine Group,https://jobs.dayforcehcm.com/en-US/twg/CANDIDATEPORTAL/jobs/19946,N/A
Finished Wine Operator 1 (Swing) - Woodbridge,"JOB SUMMARY
 
The Finished Wine Operator performs all duties as specified by the current Finished Wine / Sanitation Standard Operation Procedures (SOP) including but not limited to, machine cleaning/sanitation internal (CIP) (SIP) and external, membrane filter performance, tracking and assist with maintenance, wine transfers, minor wine adjustments to required bottling specifications, assisting in equipment setup and possibly machine operation. Communicate and coordinate with the Packaging, Quality Control, Wine Making, and Cellar Departmental Managers and Supervisors.
 
We are currently hiring for swing shift (M-F, 2 pm - 10:30 pm). 
 
ESSENTIAL FUNCTIONS
 

All tasks are defined in the Sanitation SOP manual and are to be performed as specified unless change is requested from your supervisor.
Must have been in Advance Finished Wine Operator position for at least 1 consecutive year and meet all qualifications.
Able to uphold and meet all company and department attendance/performance policies.
Accurately/completely perform CIPs, SIPs, startup, and shutdown procedures from assigned product tanks to production line Monoblock(s) including internal/external sanitation as instructed for all productions lines.
Perform mixes, product/tank changes, tank measurements, and bottle return management by following proper protocol on all production lines.
Must passed all technical skill exams required to demonstrate knowledge.
Can perform live demonstration of all equipment center (filler and depalletizer) and pass a check for knowledge with a passing score.
Accurately complete all required ISO controlled paperwork and department paperwork for required tasks.
Complete all required titrations and ATP swabs.
Perform filter housing inspection/preventative maintenance including but limited to rebuilds, filter changes, integrity tests and back flushes.
Properly use equipment and cleaning tools to complete assigned equipment and environmental cleaning. 
Complete line Monoblock changeovers including required adjustments.
Perform in wine delivery/stability troubleshooting.
Must be LOTO authorized/forklift certified/ GMP auditor.
Can review parts inventory, plan/execute PMs and rebuilds on production line equipment.
Must possess technical aptitude.
Able to fill for Finish Wine duties, facilitate meetings, and be flexible with shift availability.
Trains other employees including new hires, creation of training documents, and SOP's, OPL’s. Flexible shifts are required when training on the off shifts.
Able to prioritize workload based on production needs.
Effectively communicate with Shift supervisor/foreman & all supporting departments.
Perform any other duties as assigned by Packaging leaderships.

 
QUALIFICATIONS
 

High school diploma or GED equivalent required.
Previous experience in wine cellar or packaging operations as it leads to previous finish wine experience.
Good comprehension skills.
Good mechanical aptitude.
Good attitude, attendance, and performance history.
Processing equipment operation.
Company procedures and processes.
Read and write and understand English.
Working with limited supervision.
Follow Standard Operating Procedures.
Gauge, calculate and make wine stops on tanks.
Receive and carry out written and verbal instructions.

 
 
PHYSICAL DEMANDS
 

The ability to frequently move, transport and position objects weighing up to 50 - 100 pounds at varying frequencies.
Safely work around and operate mechanical equipment and tools.
Work both indoors and outdoors in and around outdoor elements such as precipitation, wind, low/high temperatures, and elevated noise levels.
Move safely over uneven and/or wet terrain.
Work with hazardous materials requiring the use of PPE including respirators, gloves, eye and face protection, and chemical resistant coverings.
Use of a bicycle as a source of transportation between tanks.
Use of Power Washers to perform eternal cleanings.
Preventative Maintenance on Wine Skids.

 
COMPENSATION
 

Hourly Pay Range Posted: $21.86 to $24.00/hr.
Actual compensation will be based on factors such as experience; skills, knowledge, and abilities; education; and other position related factors.

 
 
At The Wine Group, we are proud to be an equal opportunity employer. Qualified applicants will receive consideration for employment without regard to race, color, religion, sex, sexual orientation, gender identity, genetic information, national origin, disability, protected veteran status or other characteristic protected by law.
 
#LI-BH1",17/04/2026,N/A,"The Wine Group, 5950 E. Woodbridge Road, Acampo, California, United States of America",The Wine Group,https://jobs.dayforcehcm.com/en-US/twg/CANDIDATEPORTAL/jobs/19941,N/A
Senior Manager of New Product Development,"JOB SUMMARY
 
This role leads the development and commercialization of new beverage concepts from ideation through launch. It requires a blend of technical expertise, creativity, and hands‑on execution. Responsibilities include managing daily development activities—such as lab work, ingredient sourcing, and prototyping—while driving project timelines, innovation priorities, and cross‑functional alignment. The ideal candidate is organized, curious, and comfortable balancing strategic planning with practical, on‑the‑groundwork in a fast‑paced, collaborative environment.
 
ESSENTIAL FUNCTIONS
 

Partner with Marketing and internal teams to identify and execute innovation opportunities.
Lead recipe development, reformulation, and rapid prototyping in compliance with food safety, quality, and regulatory standards.
Develop products across alcoholic and non‑alcoholic categories, considering cost targets and production capabilities.
Coordinate New Product Development meetings, including documentation and decision tracking.
Ensure regulatory compliance with TTB, FDA, and USDA requirements.
Build and maintain strategic supplier and academic partnerships to support ingredients and technology innovation.
Maintain project trackers, timelines, and phase‑gate status updates.
Prepare and present product samples for tastings, sensory panels, and demonstrations.
Support pilot runs, stability testing, and line trials with accurate documentation.
Lead product tastings for internal teams and external partners.
Work with Sales and Marketing on presentations, packaging reviews, and product positioning.
Conduct competitive and consumer insight analyses to inform development strategy.
Manage annual project budgets and timelines.
Oversee small‑scale winemaking R&D, including pilot winery operations and personnel management.
Guide ingredient selection, specifications, and process design.
Coach and develop technical team members.

 
QUALIFICATIONS
 

MS in Food Science, Chemistry, or related field with 2–4 years of beverage product development experience; or
BS in Food Science, Chemistry, or related field with 4–6 years of beverage product development experience.
Strong understanding of food chemistry and ingredient functionality.
Demonstrated ability to independently manage projects and meet deadlines.
Excellent communication and cross‑functional collaboration skills.
Strong problem‑solving orientation and commitment to continuous improvement.
Experience leading innovation or product development projects from concept through launch.

 
COMPENSATION
 

Hiring Salary Range Posted: $128,000 - $192,000.
Actual compensation will be based on factors such as experience, skills, knowledge, and abilities, education, and other position-related factors.

 
 
At The Wine Group, we are proud to be an equal opportunity employer. Qualified applicants will receive consideration for employment without regard to race, color, religion, sex, sexual orientation, gender identity, genetic information, national origin, disability, protected veteran status or other characteristic protected by law.
 
#LI-BH1",16/04/2026,N/A,"The Wine Group, 5950 E. Woodbridge Road, Acampo, California, United States of America",The Wine Group,https://jobs.dayforcehcm.com/en-US/twg/CANDIDATEPORTAL/jobs/19922,N/A
Bottling Operator 1 (Swing) - Woodbridge,"JOB SUMMARY
 
The Bottling Operator I position tends to day-to-day operation of bottling equipment. The position follows standard operating procedures and practices safe work habits to ensure production is as efficient and safe as possible.
 
We are currently hiring for swing shift (M-F, 2 pm - 10:30 pm) positions. 
 
ESSENTIAL FUNCTIONS
 

Under moderate supervision performs basic operation and minimal troubleshooting (white level) on a minimum of 2 of the following machine centers; Monobloc, Labeler, Case Packer, Depal, and Palletizer.
Operates and cleans bottling equipment.
Safely and efficiently operate all pieces of equipment on multiple production lines to meet or exceed established production goals in a cost-effective manner.
Assist with changeovers.
Maintains the mindset that there is always room for improvement, there is always a way to do it better. 
Ability to keep work area clean, organized and Food Safety compliant. Responsible for general housekeeping duties and maintaining a sanitary work area.
Responsible for routine production reporting and quality checks.
Must be able to consistently perform all in-process and final production quality control and verification checks.
Responsible for compliance with CBI sustainability policies and practices. 
Demonstrates situational awareness and a sense of urgency on the production floor.
Demonstrate a sense of urgency for Safety, Quality, and Productivity.
Communicate effectively with team members, leadership and other departments.
Follow all safety procedures and guidelines. Identify safety hazards and communicates to team members and leadership. 
Demonstrates a positive attitude, ability to work with team members to achieve production goals and has a desire to continuously learn and improve. 
Maintains job competencies as outlined in the provided skill qualification matrix.

 
QUALIFICATIONS
 

Must have a high school diploma or equivalent.
Must have strong mechanical skills. May be required to pass a Mechanical Aptitude Test.
Able to perform diverse and complex tasks on highly technical machine centers.
Complete qualification matrix level white or equivalent one-year repetitive manufacturing experience.  
Able to work various shifts and schedules including weekends as needed.

 
PHYSICAL DEMANDS
 

Works outdoors/indoors.
Works in warm/cold climates.
Works in high places.
Works on wet surfaces.
Must be able to stand, walk, and sit.
Must be able to move up to 55 lbs.
Use hands to handle or feel; reach with hands and arms.
Climb or balance stairs/ladders.
Stoop, kneel, crouch or crawl; talk and hear.
Must have close vision, distant vision, and ability to adjust focus, peripheral vision.
Must be able to stand for extended periods of time.
Is exposed to loud noise, fumes and/or toxic chemicals.
Works near moving, mechanical parts and lift truck traffic.

 
COMPENSATION
 

Hourly Pay Rate Posted: $21.86/hr.
Actual compensation will be based on factors such as experience; skills, knowledge, and abilities; education; and other position related factors.

 
 
At The Wine Group, we are proud to be an equal opportunity employer. Qualified applicants will receive consideration for employment without regard to race, color, religion, sex, sexual orientation, gender identity, genetic information, national origin, disability, protected veteran status or other characteristic protected by law.
 
#LI-BH1",16/04/2026,N/A,"The Wine Group, 5950 E. Woodbridge Road, Acampo, California, United States of America",The Wine Group,https://jobs.dayforcehcm.com/en-US/twg/CANDIDATEPORTAL/jobs/19565,N/A
Warehouse Supervisor - Ripon,"JOB SUMMARY
 
The Warehouse supervisor is responsible for overseeing daily warehouse operations, organization of the warehouse, scheduling staff, directing employees, and issuing discipline, as necessary. Adjust schedules as necessary in shipping and receiving areas. Responsible for warehouse operations, warehouse budgeting, order accuracy, productivity levels, maintaining safety and food safety standards, as well as facility maintenance. Coordinates warehouse activities under the direction of the Warehouse Manager to ensure a well-coordinated shipping and receiving plan.
 
ESSENTIAL FUNCTIONS
 

Effectively accomplishes the daily/weekly/monthly warehouse labor plan.
Supports all productivity enhancement and analysis efforts.
Supervises the day-to-day activities of the warehouse, including shipping, receiving, rework, inventory control, etc.
Ensures inventory control policies and procedures are practiced and sustained to provide accurate finished goods, packaging, and other inventories. Monitor stock levels and assist with cycle counts and audits.
Lead, train, and motivate warehouse team members to achieve productivity and accuracy targets. Assign tasks and monitor performance, providing feedback and coaching as needed.
Identify opportunities to improve efficiency and reduce costs. Support annual budget planning and adhere to spending guidelines.
Collaborate with management to implement best practices and new technologies.
Conduct maintenance programs and procedures to ensure all warehouse equipment is available for use to meet company objectives.
Ensures compliance with warehouse safety programs providing a safe and clean workplace for employees in accordance with all OSHA, local, and state regulations. Conduct regular safety inspections and address hazards promptly.
Adheres to progressive disciplinary policies and processes and delivers timely reprimands when necessary.
This job description reflects management’s assignment of essential functions; it does not prescribe or restrict the tasks that may be assigned.

 
QUALIFICATIONS
 

Must be 21 years or older at time of hire.
High School Diploma or GED equivalent.
College degree or equivalent experience in Warehouse management.
5 – 7 years supervision experience in a large-scale Warehouse environment.
Ability to set priorities and work independently within set guidelines.
Strong attention to detail and the ability to determine the root cause of the problem.
Skill in organizing work efficiently.
Self-starter with little direction required from upper management.
Strong written and oral communication skills.
Knowledge of shipping, receiving and warehouse practices.
Sufficient computer skills to keep inventory records accurately on a daily basis.
Strong interpersonal skills.
Ability to successfully pass applicable testing requirements.
Support and model all company procedures and policies.
Must embrace and demonstrate The Wine Group Core Values – Long-Term Sustainable Value Creation, Relentlessly Entrepreneurial, Empowered People, Responsible and Trustworthy.

 
PHYSICAL DEMANDS
 

Ability to operate various types of machinery to include, but not limited to, lift trucks, pallet jacks, hand trucks, conveyors, labelers, and robotic equipment. 
Must be able to frequently lift and carry weights of up to 50 pounds at varying frequencies.
Possess the ability to work in a fast-paced warehouse environment.
Working environment has exposure to related warehouse equipment and associated noise levels.
Ability to perform tasks requiring bending, stooping, standing, and twisting in a warehouse environment.

 
COMPENSATION
 

Hiring Salary Range Posted: $70,304 - $95,000.
Ability Actual compensation will be based on factors such as experience; skills, knowledge, and abilities; education; and other position related factors.

 
 
At The Wine Group, we are proud to be an equal opportunity employer. Qualified applicants will receive consideration for employment without regard to race, color, religion, sex, sexual orientation, gender identity, genetic information, national origin, disability, protected veteran status or other characteristic protected by law.
 
#LI-BH1",14/04/2026,N/A,"The Wine Group, 17000 E. Highway 120, Ripon, California, United States of America",The Wine Group,https://jobs.dayforcehcm.com/en-US/twg/CANDIDATEPORTAL/jobs/19905,N/A
Direct to Consumer Marketing Manager - Benziger Family Winery,"JOB SUMMARY 
The Direct-to-Consumer (DtC) Marketing Manager plays a key leadership role in overseeing the Benziger and Imagery DtC Marketing team, which includes a DtC Marketing Specialist and a DtC Graphic Design Specialist. Based at Benziger Family Winery in Glen Ellen, CA, this full-time hybrid position reports to the Direct-to-Consumer (DtC) Senior Manager and is responsible for executing Benziger and Imagery DtC marketing plans to drive key brand and business objectives. The role encompasses a wide range of responsibilities including DtC strategy development and execution, performance analysis, project management, and cross-functional team leadership. The DtC Marketing Manager will serve as a key brand ambassador - both internally and externally - to ensure that brand communications and initiatives reflect the distinct philosophies and values of Benziger and Imagery wineries.
ESSENTIAL FUNCTIONS 

Serve as a thought leader in developing and executing marketing programs to achieve Benziger and Imagery’s DtC sales goals, including on and off-site promotions, print/digital advertising, social media, consumer research, public relations, and events.
Communicate in a clear, concise, and persuasive manner—both written and verbal—to align cross-functional teams and vendor partners in support of successful initiative execution.
Own strategy, budgeting, and execution of print, digital, and social campaigns (SEM, influencer, display) to drive traffic, acquisition, and brand awareness; direct creative, analyze performance, and optimize using emerging marketing trends.
Create and manage the annual marketing budget, including processing and reconciling invoices, ensuring optimal spending across initiatives. Includes tasks such as vendor setup, and invoice management with support from accounting.
Analyze brand, segment, and competitor performance, along with consumer behavior and marketing trends; prepare actionable reports for senior leadership.
Serve as the primary point of contact and project manager for cross-functional requests from Direct Sales, Tasting Rooms, Events, Winemaking, Commercial Brand Marketing, and PR, fostering strong cross-functional partnerships while managing a high volume of diverse, ongoing initiatives.
Lead, empower, and motivate team members while overseeing day-to-day management of direct reports to ensure organizational goals are met.
Develop and execute promotional and advertising strategies to drive target visitation to Benziger Family Winery and Imagery Estate Winery in a competitive market.
Oversee the development and maintenance of the Benziger and Imagery websites in partnership with web agencies and internal stakeholders. Maintain brand websites with SEO best practices and SEM oversight.
Oversee and approve eCommerce campaigns with the DtC Senior Manager providing input and copy/campaign direction as needed.
Identify and evaluate new digital marketing opportunities and growth strategies.
Manage the winery’s PR agency relationship in collaboration with Commercial Brand Marketing, including press mailings and media visit coordination.

 
OTHER FUNCTIONS 

Support development of the marketing content calendar in partnership with the DtC Marketing Specialist.
Lead the creation of marketing materials to support Wine Club, Tasting Rooms, and Special Event sales.
Partner with the Imagery Art Curator to onboard new art label artists into the AP system, track setup status, and submit payment requests following confirmation of art receipt.
Oversee wine competition submissions and maintain an up-to-date accolade database.
Coordinate ad placements in consumer and travel publications through partnerships with media and trade outlets.
Manage asset library and photoshoots, proactively securing photography, and creative materials to support engagement initiatives, tasting notes, product descriptions, bottle shots, and multi-channel marketing needs.
Cultivate and sustain partnerships with local organizations (e.g., Sonoma Botanical Gardens, Transcendence Theater Company, Sonoma Valley Education Fund) and regional trade groups (e.g., Sonoma Valley Visitors Bureau, Sonoma Chamber, Sonoma County Tourism) to strengthen community and industry engagement.
Oversee packaging development and updates for approximately 60 - 70 DtC Benziger and Imagery SKUs each year, partnering with Production, Winemaking, and the DtC Graphic Design Specialist to ensure accuracy and brand consistency.
Occasionally host winery guests, as needed, highlight key points of interest to foster brand affinity.
This job description reflects the general nature of the role and is not intended to be an exhaustive list of all duties or responsibilities. Additional duties may be assigned as business needs change.

 
QUALIFICATIONS 

Must be 21 years of age or older.
Bachelor’s degree in marketing, Business, Communications, or related field (MBA/WSET a plus).
5+ years’ progressive leadership in DtC wine, hospitality, or marketing.
Strong leadership, cross-functional collaboration, and project management skills.
Deep understanding of wine consumers, luxury brand marketing, and experiential sales.
Knowledge of on/off-premises businesses and the three-tier distribution system.
Skilled in consumer insights, brand positioning, and data-driven strategy.
Initiative-taker who thrives in demanding environments with minimal oversight.
Proficient in Microsoft Office Suite; CRM systems and Commerce7 experience a plus.
Flexibility to work special events, including evenings and weekends, as needed.

 
PHYSICAL DEMANDS 

Ability to lift, carry, and move items weighing up to approximately fifty pounds, including cases of wine, tables, chairs, and event supplies.
Ability to perform tasks requiring bending, stooping, standing, and twisting in an office environment.
Work indoors and outdoors in varying weather conditions during onsite and offsite winery events.
Ability to travel between winery locations within California as needed; valid driver’s license and current automobile insurance required.

 
COMPENSATION 

Hiring Salary Range Posted: $100,900 - $125,000.
Actual compensation will be based on factors such as experience, skills, knowledge, and abilities, education, and other position-related factors.

 
 
At The Wine Group, we are proud to be an equal opportunity employer. Qualified applicants will receive consideration for employment without regard to race, color, religion, sex, sexual orientation, gender identity, genetic information, national origin, disability, protected veteran status, or other characteristic protected by law.
 
#LI-CG1",10/04/2026,N/A,"The Wine Group, 1883 London Ranch Rd., Glen Ellen, California, United States of America",The Wine Group,https://jobs.dayforcehcm.com/en-US/twg/CANDIDATEPORTAL/jobs/19877,N/A
Cellar Crew 3 - Soledad,"JOB SUMMARY
 
The Cellar Crew 3 Operator is responsible for all day-to-day wine production and is proficient in all cellar duties and equipment, with minimal supervision. The position follows standard work methods and practices that create safe work habits to ensure production is as efficient and safe as possible.
 
ESSENTIAL FUNCTIONS
 

Under minimal supervision: Perform Cellar I and Cellar II tasks: Clean & sanitize equipment, apply good housekeeping practices, perform wine movements, top barrels, make additions to wine, operate complex equipment, measure and calculate workplace data.
Perform complex cellar and barrel tasks including but not limited to wine movement, blend assembly, wine/juice additions per Winemaker instructions, etc.
Responsible for racking and blending wine accurately according to the Winemaker’s instructions.
Responsible for barrel washing, gassing, stacking with a forklift, and barrel topping and SO2 addition.
Operate crush equipment and presses (with moderate supervision).
Operates and cares for other complex cellar equipment.
Performs pump overs and punch downs and appropriately directs less-skilled crew members in assisting with those tasks.
Harvest additions, including yeasting and nutrients.
Handles shipping and receiving tanker trucks.
Proficient forklift operations.
Responsible for barrel racking, washing, stacking barrels with forklift, barrel topping and operating barrel scanners.
Ensure compliance with Safety rules and procedures.
Participate in Good Manufacturing Practices (GMP’s), programs.
Train employees in proper work procedures, sustainability, and safety.
Responsible for sanitation in all areas of cellar and barrel operations.
Provide clear, honest, and accurate feedback to Winemaking, Cellar, and Barrel staff regarding safety, good manufacturing practices, operational and winemaking best practices.
Lead and mentor teams, train, and mentor temporary employees, and assist in creating SOPs and training documents.
Lead harvest readiness and post-harvest teams.
Monitor Inventory supply levels in the cellar.
Participate in weekly tailgates sessions.
Safety-follow safe operating procedures, support safety programs, and policies.
Maintain a safe, clean, and healthful work environment at all times.
This job description is not designed to cover or contain a comprehensive listing of activities, duties or responsibilities that are required of the employee for their job. Duties, responsibilities, and activities may change at any time with or without notice.

 
QUALIFICATIONS
 

Must be 18 years or older at time of hire.
High school diploma or GED equivalent required.
5+ years of general winery experience in a production or manufacturing environment preferred.
Basic Computer Skills and knowledge of computer applications (Typing, Microsoft Suite, Barrel Scanners, etc.)
Must have experience in all aspects of crush work, including previous barrel experience.
Must have the ability to read, write, speak, and understand instructions in English.
Must be able to read, understand, and complete paperwork efficiently and accurately.
Operational knowledge of equipment such as but not limited to: Crossflow filters, Centrifuges, Bladder Presses, Wine Pumps, and Automatic Pumpovers.
Ability to multitask, work independently, and with a team in a fast-paced environment with emphasis on quality, accuracy, and timeliness.
Must be flexible with shift schedule.
Operation of basic hand tools.
Must have an excellent safety, work performance, and attendance record.
Prioritize while able to adapt to changing priorities.
Demonstrated reliability and punctuality, work effectively in a team/crew environment, adherence to all safety regulations, operating procedures, and company policies.

 
PHYSICAL DEMANDS
 

Position will be exposed to indoor and outdoor environments with varying noise levels.
Employee is exposed to wet or humid conditions.
Exposed to inclement seasonal weather, summer heat, cold weather, and rain.
Ability to perform tasks requiring bending, stooping, and twisting in a production environment.
Must be able to repeatedly lift and carry weights up to 60 pounds at varying frequencies with equipment.

 
COMPENSATION
 

Hourly Pay Range Posted: $21.25 - $31.83/hr.
Actual compensation will be based on factors such as experience, skills, knowledge and abilities, education, and other position-related factors.

 
 
At The Wine Group, we are proud to be an equal opportunity employer. Qualified applicants will receive consideration for employment without regard to race, color, religion, sex, sexual orientation, gender identity, genetic information, national origin, disability, protected veteran status, or other characteristic protected by law.
 
#LI-BH1",09/04/2026,N/A,"The Wine Group, 1777 Metz Rd., Soledad, California, United States of America",The Wine Group,https://jobs.dayforcehcm.com/en-US/twg/CANDIDATEPORTAL/jobs/19869,N/A
Seasonal Grower Relations Assistant - Woodbridge,"JOB SUMMARY
 
The Seasonal Grower Relations Assistant reports to the Grower Relations Department and oversees the collection, accuracy, reporting and distribution of daily wine grape information used for scheduling purposes for all facilities.
 
During our high-volume peak season, it is difficult to accommodate any extended time off.
 
ESSENTIAL FUNCTIONS
 

Contact Growers and schedule delivery of grapes to various winery locations.
Building and changing of a weekly schedule based on allotted space.
Confirming that Truck Liability Certificates and pesticide use reports are on file and approved before delivery of grapes.
Monitoring daily brix levels and deliveries (loads) daily.
Communication daily with receiving winery(s).
Confirming and closing grower blocks for payment on Closed Contracts in SharePoint.
Participate in key meetings (Wine Making, Grower Reps and Schedulers) to discuss schedules and operational plans, ensuring alignment and coordination.

 
OTHER FUNCTIONS
 

Review and audit loads daily – Closing.
Preparing Daily Weight Certificates and Delivery Tags to be sent to Ripon Facility.
Support as needed Daily updating of Brix Samples.
Answering and returning phone calls and emails.
Provide clerical and administrative support to staff as needed.
This job description reflects management’s assignment of general functions; it does not restrict the tasks that may be assigned.

 
QUALIFICATIONS
 

Ability to multi-task, adapt/respond in an environment of constant change.
Strong written and verbal communication.
Organizational skills.
Attention to detail, accuracy in both numerical and written products.
Demonstrate reliable attendance.
Computer skills.
High school diploma or equivalent.
Support and model all company procedures and policies.
Embrace and demonstrate The Wine Group’s Value’s, Long-Term Sustainable Value Creation, Relentlessly Entrepreneurial, Empowered People, and Responsible & Trustworthy.

 
PHYSICAL DEMANDS
 

Primary work activities are within an office environment.

 
COMPENSATION
 

Hourly Pay Rate Posted: $17.50/hr.

 
 
At The Wine Group, we are proud to be an equal opportunity employer. Qualified applicants will receive consideration for employment without regard to race, color, religion, sex, sexual orientation, gender identity, genetic information, national origin, disability, protected veteran status, or other characteristic protected by law.
 
#LI-BH1",08/04/2026,N/A,"The Wine Group, 5950 E. Woodbridge Road, Acampo, California, United States of America",The Wine Group,https://jobs.dayforcehcm.com/en-US/twg/CANDIDATEPORTAL/jobs/19847,N/A
Packaging Engineer - Ripon,"JOB SUMMARY
 
The role of the Packaging Engineer is to ensure the production of high-quality, well-packaged products that meet customer satisfaction and industry standards. Responsibilities include the development and implementation of quality control measures, the evaluation of packaging materials to guarantee specification adherence, and the timely identification and resolution of quality non-conformance events. 
 
The Packaging Engineer will support TWG innovation goals with pro-active research, identification, and assessment of cutting-edge consumer packaging solutions across all beverage container industries, gauging suitability to TWG requirements and capabilities. Packaging Engineer will drive the ideation, development, testing, and implementation of such packaging. 
 
The Packaging Engineer will effectively communicate and collaborate with the many TWG functional groups and facilities, as well as with outside suppliers/vendors, customers, co-packers, and regulatory bodies. 
 
ESSENTIAL FUNCTIONS
 
All Quality Service Employees
 

Actively commit to and participate in lab and corporate safety programs, including following all safety protocols and procedures. Learn to recognize and report hazards and take appropriate action to keep oneself and others safe.
Effectively communicate and collaborate with colleagues within the quality team, the facility and across all functional areas.
Perform process audits, compliance verification and or package quality assessments.
Assist in identifying and resolving quality risk.
Support and participate in TWG’s Food Safety Culture to help with training, communication, employee feedback and participation, and performance measurement of the Food Safety Management System.
Support and demonstrate TWG’s company values; Be a Steward, See Possibility, Find a Way, and Stay Grounded.

 
Specialized Responsibilities of the Packaging Engineer
 

Demonstrate leadership, initiative, strong critical thinking skills, and effective time management with the ability to manage projects/processes from start through completion.
Collaborate with QA technicians, Bottling Production, and management teams during packaging material performance investigations, facilitating timely resolution.
Work with suppliers to drive appropriate corrective/preventative action responses on defective packaging material.
Collaborate with cross-functional teams to develop packaging prototypes and qualify new and/or performance improved packaging material, ensuring conformance with company and industry standards.
Support innovation with the research and evaluation of emerging packaging technologies across all beverage container industries, understanding market trends and enhanced commercial offerings.
Demonstrate strong presentation skills in order to effectively present researched information to management and brand teams.
Lead the evaluation of the practical and financial requirements associated with the adoption of new packaging technology.
Drive the implementation of new packaging technology, ensuring conformance with company and industry standards, while meeting or exceeding TWG commercial timing and financial goals.

 
QUALIFICATIONS
 

Must be 21 or older at the time of hire.
Bachelor’s degree in a scientific discipline.
Minimum 10 years’ experience within consumer packaging industry.
Well-developed organizational and communication skills.
Ability to work harmoniously with co-workers in a team environment and perform duties and responsibilities in a manner consistent with the company’s value of exhibiting the highest quality standards in all endeavors.
Computer skill requirements include basic MS Outlook, Word, and Excel. 
Willing to work a flexible schedule to support the needs of the organization.

 
PHYSICAL DEMANDS
 

Must be able to lift and carry weights of up to 50 pounds at varying frequencies.
Possess the ability to work in a fast-paced production environment.
Working environment is both indoors and outdoors, with exposure to related equipment and noise levels.
Ability to perform tasks requiring bending, stooping, standing, and twisting in the performance of various tasks in the production environment.
May require occasional travel.

 
 
COMPENSATION
 

Salary Pay Range Posted: $92,800 - $139,200.
Actual compensation will be based on factors such as experience, skills, knowledge, and abilities, education, and other position-related factors.

 
 
At The Wine Group, we are proud to be an equal opportunity employer. Qualified applicants will receive consideration for employment without regard to race, color, religion, sex, sexual orientation, gender identity, genetic information, national origin, disability, protected veteran status or other characteristic protected by law.
 
#LI-BH1",03/04/2026,N/A,"The Wine Group, 17000 E. Highway 120, Ripon, California, United States of America",The Wine Group,https://jobs.dayforcehcm.com/en-US/twg/CANDIDATEPORTAL/jobs/19809,N/A
HR Business Partner - Fresno,"JOB SUMMARY
 
Reporting to the Senior Director, HRBP, the HR Business Partner plays a pivotal role in supporting an onsite operations client group at the South Valley and Coastal winery sites located in Fresno, Madera, Culter, Soledad, and Westfield, NY. This role has one direct report and is responsible for providing guidance, coaching, and performance management support for that position. With a workforce of 120+ union and non-union employees, the HRBP Associate will manage employee relations, labor relations, organizational structure, succession planning, coaching, and investigations. Additionally, this role will assist in implementing training programs for the Operations Leadership team, ensuring continuous development and operational excellence.
 
ESSENTIAL FUNCTIONS
 

Manage employee relations issues, including disciplinary actions and performance management.
Support labor relations activities, including union interactions, grievance resolution, and negotiations.
Assist in organizational development initiatives, such as structure and succession planning.
Provide coaching to supervisors and department managers to enhance team performance.
Conduct investigations, handling moderately complex issues and escalating when necessary.
Collaborate with leaders to align HR strategies with business goals.
Implement HR policies and procedures to ensure compliance and best practices.
Facilitate training and development programs to build leadership capabilities within the client group.
Monitor and analyze HR metrics to identify trends and recommend improvements.
Support change management initiatives to drive organizational effectiveness.

 
OTHER FUNCTIONS
 

Employee Relations: Competent in managing employee relations issues.
Labor Relations: Strong understanding of labor laws and union interactions.
Organizational Development: Ability to support organizational structure, talent review and succession planning.
Coaching: Capable of providing coaching to department leaders.
Investigations: Proficient in conducting investigations.
Demonstrate TWG Vision, Mission and Values:

Must embrace and demonstrate The Wine Group's Vision, Mission, and Values of Be a Steward, See Possibilities, Find a Way, and Stay Grounded.


This job description reflects management’s assignment of general functions; it does not restrict the tasks that may be assigned. 

 
QUALIFICATIONS
 

Education: Bachelor's degree in Human Resources, Business Administration, or a related field. HR certification (e.g., SHRM-CP, SHRM-SCP, PHR, SPHR) is highly desirable.
Experience: Minimum of 3-5 years of HR experience (or 10 years of HR experience without a degree), with a strong background in employee and labor relations.
Technical Skills: Proficiency in HRIS systems, data analysis, and reporting tools.
Communication: Excellent verbal and written communication skills, with the ability to influence and negotiate effectively.
Problem-Solving: Strong analytical and problem-solving skills, with the ability to handle complex issues.
Interpersonal Skills: Ability to build strong relationships with employees at all levels, from the Operations Leadership to General Winery Workers.
Project Management: Experience in managing HR projects and initiatives, with a focus on continuous improvement.

 
PHYSICAL DEMANDS
 

Possess the ability to work in a fast-paced production environment.
Working environment may be both indoors and outdoors, with exposure to related equipment and noise levels.

 
COMPENSATION
 

Hiring Salary Range Posted: $115,400 - $125,000.
Actual compensation will be based on factors such as experience; skills, knowledge, and abilities; education; and other position related factors.

 
 
At The Wine Group, we are proud to be an equal opportunity employer. Qualified applicants will receive consideration for employment without regard to race, color, religion, sex, sexual orientation, gender identity, genetic information, national origin, disability, protected veteran status or other characteristic protected by law.
 
#LI-MR1",03/04/2026,N/A,"The Wine Group, 7409 West Central Ave., Fresno, California, United States of America",The Wine Group,https://jobs.dayforcehcm.com/en-US/twg/CANDIDATEPORTAL/jobs/19799,N/A
"Market Specialist, Chicago IL","JOB SUMMARY 
 
The Market Specialist supports sales execution across all channels within the Chicago, Illinois market. This position is responsible for lead selling including key account headquarter calls and assisting with distributor management. The ideal candidate is a strategic thinker with a background in distributor/account management, program execution, and beverage alcohol. The role will require routine travel within assigned markets, specifically between multiple wholesalers and high-volume accounts. To best support the market, the candidate must reside in the Chicago, Illinois metro area.
 
ESSENTIAL FUNCTIONS 
 

Lead selling and key account management within assigned geography. 
Responsible for building relationships with execution and field level distributor management. Establish optimal business rhythm at all levels within distributor network. 
Collaborate with TWG National Account teams – (Off/On Premise Chains) to maximize National/Regional accounts. 
Schedule and lead effective distributor general sales meetings. 
Introduce creative sales execution concepts, share across state lines/regions if successful and aspire to be a leader in best practices. 
Assist with National Field Surveys – local scheduling and execution. 
State level FSO scorecard performance. 
Ensure TWG new item & monthly retail priority execution is being achieved. 
Manage assigned budgets including incentives, samples, demos and tastings, travel and entertainment and other departmental expenses. 
Administrative responsibilities include wholesaler inventory management, monthly CPR, phasing calendar, working key account list, and relevant travel and entertainment expenses on a weekly basis. 
Assist in the execution of sales strategy, pricing, and key initiatives for all assigned sales channels. 
Ensure all sales practices are compliant with state and company policies/law. 
Additional responsibilities as assigned by the State Manager 
This job description is not designed to cover or contain a comprehensive listing of activities, duties or responsibilities required of the employee for their job. Duties, responsibilities, and activities may change at any time with or without notice. 

 
QUALIFICATIONS 
 

Bachelor’s degree required.
Ability to travel with overnight stays. 
3 plus years of field sales experience with a supplier or distributor.
Retailer lead selling experience is a plus. 
Intermediate wine knowledge or associated certifications preferred. 
Knowledge of Nielsen, Excel, Power point, Teams, and Word.
Strong analytical thinking and problem-solving skills.
Must meet minimum insurance requirements with a clean motor vehicle record.  
Must have a proactive spirit and possess strong initiative. 
Must be well organized with an ability to work independently as well as in a team environment and be flexible to changes in the wine industry. 
Must be able to work and succeed in dynamic entrepreneurial environment. 
Support and model all Company procedures and policies. 

 
PHYSICAL DEMANDS 
 

Position operates in a professional office environment. 
Ability to perform tasks requiring bending, stooping, standing, and twisting.   
Must be able to lift and carry up to 55 lbs. 
Position includes travel to work with distributors, survey markets within region and attend various industry and/or company events. 
Must maintain a clean driving record and meet minimum state insurance requirements.  

 
COMPENSATION 
 

Hiring Salary Range Posted: $62,300 - $93,500. 
Actual compensation will be based on factors such as experience, skills, knowledge, and abilities, education, and other position-related factors. 

 
 
At The Wine Group, we are proud to be an equal opportunity employer. Qualified applicants will receive consideration for employment without regard to race, color, religion, sex, sexual orientation, gender identity, genetic information, national origin, disability, protected veteran status or other characteristic protected by law. 
 
#LI-KR1",01/04/2026,N/A,"Chicago, IL, USA",The Wine Group,https://jobs.dayforcehcm.com/en-US/twg/CANDIDATEPORTAL/jobs/19792,N/A
Inventory Control Coordinator 1 - Woodbridge,"JOB SUMMARY
 
The Inventory Coordinator role is ultimately responsible for being a subject matter expert within the Warehouse and department and Warehouse systems.
 
The Inventory Coordinator works with a wide variety of internal stakeholders—including Warehouse, Inventory, Packaging, and IT teams — in the full range of the inventory cycle. You will leverage your industry, technical and functional experience to train and support internal stakeholders to generate efficiencies and business value aligned with strategic corporate goals.
 
ESSENTIAL FUNCTIONS
 

Understand inventory movements, warehouse language, Support and train TWG user with day-to-day JDE transactions specific to warehouse and inventory movements.
Assist TWG facilities with cycle counts and physical inventories as necessary.
Perform inventory audits at TWG plants and third-party facilities where TWG has inventory.
Run and update inventory reports from JDE, Excel, and Power BI.
Perform inventory analysis and use to identify issues or opportunities to improve.
Proactively maintain knowledge of technology innovation.
Work closely with relevant business functions to develop/test new ideas and propositions for product development and obtain buy-in.
Assist in developing and training on JDE strategy and vision for warehousing and distribution locations.
Apply critical thought processes to develop and implement improvements in the operation of the warehouse or create solutions to problems as they arise.
Follow all established safety and environmental practices and recognize and control hazards while performing tasks.re communication around priorities, developments, and changes to stakeholders across the business.
Work closely with the JDE users to ensure they have a good understanding of features and functionality related to inventory and warehouse movements.
Support Product Owner and IT on facility requested changes/enhancements to JDE.
Assist with operational improvement to simplify the inbound, outbound and inventory processes.
Work with managers and team to create inventory related metrics and reporting.
Ability to interpret/document the ideas of others.
Strong analytical skills, ability to illustrate data (charts, process flows).
Knowledge of supply chain. Understand functional areas & activities.
Manages time efficiently. Meet deadlines.

 
QUALIFICATIONS
 

High school diploma or GED equivalent required.
Proficiency in performing WM warehouse movement transactions and resolving issues with inventory adjustments.
Knowledge of Material Master.
Proficiency in training users on JDE procedures.
Production to Inventory and Extended Warehouse Management business process knowledge/experience.
Lift Certified – Conventional and Clamp.
Experience moving pallets of Wine and Dry Goods.
Food and Beverage Industry knowledge/experience.
JDE intermediate level experience.
Intermediate knowledge of Microsoft Word, Excel, Access, PowerPoint.

 
PHYSICAL DEMANDS
 

Must be at least 21 years of age.
Must be able to sit and/or stand for long periods of time and work on a computer for extended periods. Reasonable accommodations may be made to enable individuals with disabilities to perform the essential functions.
Primary office environment may be warehouse/distribution setting
Ability to lift up to 55 lbs. regularly.

 
COMPENSATION
 

Hourly Pay Range Posted: $23.94 - $35.96/hr.
Actual compensation will be based on factors such as experience, skills, knowledge and abilities, education, and other position-related factors.

 
 
At The Wine Group, we are proud to be an equal opportunity employer. Qualified applicants will receive consideration for employment without regard to race, color, religion, sex, sexual orientation, gender identity, genetic information, national origin, disability, protected veteran status, or other characteristic protected by law.
 
#LI-BH1",30/03/2026,N/A,"The Wine Group, 5950 E. Woodbridge Road, Acampo, California, United States of America",The Wine Group,https://jobs.dayforcehcm.com/en-US/twg/CANDIDATEPORTAL/jobs/19784,N/A
Region Manager - New Jersey,"JOB SUMMARY
 
The State Manager leads sales execution across all channels for New Jersey and is tasked with achieving all revenue, volume, and distribution goals for The Wine Group portfolio of brands assigned to the territory. This position is responsible for executing pricing/programming strategies in coordination with the TWG Leadership Team. In addition, the role includes key account headquarter calls and management within the state. The ideal candidate is a strategic thinker with a strong background in distributor/account management, program execution, and beverage alcohol. The role is based in NJ and will require routine travel within assigned markets, specifically between the multiple wholesalers within the state and high-volume accounts.
 
ESSENTIAL FUNCTIONS
 

Execution of sales strategy, pricing, and key initiatives for all assigned sales channels.
State level FSO scorecard performance.
Manage and direct TWG NJ Market Specialist.
Ensure TWG new item & monthly retail priority execution is being achieved.
State and regional key account management.
Responsible for building relationships with distributor management (GM, Channel VPs, etc.). Establish optimal business rhythm at all levels within distributor network.
Schedule and lead effective distributor sales meetings with all levels of management.
Introduce creative sales execution concepts, share across state lines/regions if successful and aspire to be a leader in best practices.
Assist in developing and implementing annual operating plan which includes financial, volume, and distribution objectives.
National Field Surveys – scheduling and execution.
Collaborate with TWG National Account teams – (Off/On Premise Chains) to maximize National/Regional accounts.
Manage assigned budgets including incentives, samples, demos and tastings, travel and entertainment and other departmental expenses.
Administrative responsibilities include wholesaler inventory management, monthly CPR, phasing calendar, working key account list, and relevant travel and entertainment expenses on a weekly basis.
Additional responsibilities as assigned by Region Director.
Ensure all sales practices are compliant with state and company policies/law.
This job description is not designed to cover or contain a comprehensive listing of activities, duties or responsibilities that are required of the employee for their job. Duties, responsibilities, and activities may change at any time with or without notice.

 
QUALIFICATIONS
 

Ability to travel with overnight stays.
5 plus years of field sales experience with a supplier or distributor.
Prior experience managing people or teams preferred.
Intermediate wine knowledge or associated certifications preferred.
Knowledge of Nielsen, Excel, Power point, Teams, and Word.
Bachelor’s Degree.
Strong analytical thinking and problem-solving skills.
Must have a proactive spirit and possess strong initiative.
Must be well organized with an ability to work independently as well as in a team environment and be flexible to changes in the wine industry.
Must be able to work and succeed in dynamic entrepreneurial environment.
Support and model all Company procedures and policies.

 
PHYSICAL DEMANDS
 

Position operates in a professional office environment.
Ability to perform tasks requiring bending, stooping, standing, and twisting.
Must be able to lift and carry up to 55 lbs.
Position includes travel to work with distributors, survey markets within region and attend various industry and/or company events.

 
COMPENSATION
 

Hiring Salary Range Posted: $106,600 - $159,800.
Actual compensation will be based on factors such as experience, skills, knowledge and abilities, education, and other position-related factors.

 
 
At The Wine Group, we are proud to be an equal opportunity employer. Qualified applicants will receive consideration for employment without regard to race, color, religion, sex, sexual orientation, gender identity, genetic information, national origin, disability, protected veteran status, or other characteristic protected by law.
 
#LI-KR1",26/03/2026,N/A,"New Jersey, USA",The Wine Group,https://jobs.dayforcehcm.com/en-US/twg/CANDIDATEPORTAL/jobs/19766,N/A
"EHSS, Senior Director","JOB SUMMARY
 
The Senior Director – EHSS will report to the Chief Legal Officer (“CLO”) By  aligning with leaders company-wide, this person will head the Company’s efforts to set and ensure compliance with laws, rules, regulations and internal policies and procedures regarding: occupational health and safety of employees; environmental compliance and sustainability efforts; and the security of employees and company property; as well as having co-responsibility with the CLO for recommending, maintaining and administering the company’s casualty and liability insurance programs and full responsibility for handling insurance claims.
 
ESSENTIAL FUNCTIONS
 

Drive a culture of safety, leading a team responsible for working with cross-functional leaders to develop, implement, evaluate, and improve execution of the company’s long-term EHSS strategy.
Oversee environmental reporting and permit applications to federal, state and local agencies.
Identify, develop and train others on policies and procedures regarding compliance with current (and future) federal, state and local EHSS laws, rules and regulations.
Support cross-functional leaders on, and stress the importance of, compliance with EHSS laws, rules, regulations and company-wide policies, procedures and best practices.
Assess company-wide EHSS performance and collaborate with leaders to help them drive continuous improvement and increase sustainability of company operations.
Lead EHSS team members and oversee their continuous professional development to align with the growth and development of TWG’s compliance and regulatory needs.
Work with the CLO to align all company-wide, casualty and liability insurance matters with TWG’s insurance broker and insurance companies; handle claims management and lead TWG’s worker’s compensation specialist.
Work with the corporate communications function to identify, generate, and share the value of TWG’s ESG programs to internal and external stakeholders.
Lead TWG’s cross-functional response to requests related to ESG-related certifications and the management of ESG service providers.
Oversee the management of TWG’s program for the collection, interpretation, and reporting of climate metrics.
Lead the annual company-wide risk assessment and mitigation review, working with appropriate stakeholders to identify and calibrate risks and align with senior leadership on appropriate actions, if any, to address such risks.
Such other matters as the CLO requests from time to time.
This job description reflects management's assignment of essential functions; it does not prescribe or restrict the tasks that may be assigned.

 
QUALIFICATIONS
 

Bachelor’s degree in related field (advanced degree preferred) and a minimum of 15 years EHS experience in a manufacturing setting (preferably food and beverage, though not required; alcohol beverage a plus) and a minimum of 5 years’ experience leading the EHSS function and other EHSS professionals.
Advanced working knowledge of applicable regulations and regulatory frameworks (OSHA, CalOSHA, EPA, CalEPA, DHS, etc…) with demonstrated success interpreting and applying regulations to manufacturing operations.
Self-starter with excellent project management skills and proven ability to meet deadlines.
Strong aptitude for building and maintaining working relationships across a wide range of both internal and external stakeholders, including Company leadership and government regulators.
Demonstrated success in developing and mentoring EHSS professionals.
Successful track record of ensuring company compliance with EPA, DHS, FDA, ISO, ANSI and other regulatory/advisory/certification agencies’ regulations.
Expertise planning and managing projects, leading teams and driving efficient meetings.
Strong attention to detail.
Experience implementing effective and efficient site-specific security programs.
Highly skilled in the use of the Microsoft Office 365 suite of applications.
Must be able to fully comprehend, and implement requirements of laws, rules, regulations, government agency decisions/guidance and technical documents.
Ability to compose and present comprehensive, yet concise, reports and presentations.
Skilled in effectively communicating in oral and written form internally and externally.

 
PHYSICAL DEMANDS
 

Occasionally required to climb or balance; stoop, kneel, crouch, or crawl.
Must be able lift and carry up to 50 pounds at varying frequencies.
Working environment has exposure to both indoors and outdoors and related warehouse/production equipment and associated noise levels.
Ability to perform tasks requiring bending, stooping, standing, and twisting in the performance of various tasks in the warehouse/production environment.
Must be able to travel to all TWG facilities, including CA, NY, and Australia.

 
COMPENSATION
 

Hiring Salary Range Posted: $186,700 - $250,000.
Actual compensation will be based on factors such as experience, skills, knowledge, and abilities; education; and other position-related factors.

 
 
At The Wine Group, we are proud to be an equal opportunity employer. Qualified applicants will receive consideration for employment without regard to race, color, religion, sex, sexual orientation, gender identity, genetic information, national origin, disability, protected veteran status or other characteristic protected by law.
 
#LI-MR1",25/03/2026,N/A,"The Wine Group, 17000 E. Highway 120, Ripon, California, United States of America",The Wine Group,https://jobs.dayforcehcm.com/en-US/twg/CANDIDATEPORTAL/jobs/19751,N/A
"Region Manager, SC/KY","JOB SUMMARY
 
The Region Manager leads sales execution across all channels for South Carolina and Kentucky and is tasked with achieving all revenue, volume, and distribution goals for The Wine Group portfolio of brands assigned to the territory. This position is responsible for executing pricing/programming strategies in coordination with the TWG Leadership Team. In addition, the role includes key account headquarter calls and management within the state. The ideal candidate is a strategic thinker with a strong background in distributor/account management, program execution, and beverage alcohol. The role is based in South Carolina/Kentucky and will require regular travel within assigned markets, specifically between the multiple wholesalers within all assigned states and high-volume accounts.
 
ESSENTIAL FUNCTIONS
 

Execution of sales strategy, pricing, and key initiatives for all assigned sales channels.
State level FSO scorecard performance.
Ensure TWG new item & monthly retail priority execution is being achieved.
State and regional key account management.
Collaborate with TWG National Account teams – (Off/On Premise Chains) to maximize National/Regional accounts.
Responsible for building relationships with distributor management (GM, Channel VPs, etc.). Establish optimal business rhythm at all levels within the distributor network.
Schedule and lead effective distributor sales meetings with all levels of management.
Introduce creative sales execution concepts, share across state lines/regions if successful and aspire to be a leader in best practices.
Assist in developing and implementing annual operating plan which includes financial, volume, and distribution objectives.
National Field Surveys – scheduling and execution.
Manage assigned budgets including incentives, samples, demos and tastings, travel and entertainment and other departmental expenses.
Administrative responsibilities include wholesaler inventory management, monthly CPR, phasing calendar, working key account list, and relevant travel and entertainment expenses weekly.
Additional responsibilities as assigned by the Region Director.
Ensure all sales practices are compliant with state and company policies/law.
This job description is not designed to cover or contain a comprehensive listing of activities, duties or responsibilities required of the employee for their job.
Duties, responsibilities, and activities may change at any time with or without notice.

 
QUALIFICATIONS
 

Bachelor’s degree required.
Ability to travel with overnight stays.
5+ years of field sales experience with a supplier or distributor.
Retailer lead selling experience is a plus.
Intermediate wine knowledge or associated certifications preferred.
Knowledge of Nielsen, Excel, PowerPoint, Teams, and Word.
Strong analytical thinking and problem-solving skills.
Must meet minimum insurance requirements with a clean motor vehicle record.
Must have a proactive spirit and possess strong initiative.
Must be well organized with an ability to work independently as well as in a team environment and be flexible to changes in the wine industry.
Must be able to work and succeed in a dynamic entrepreneurial environment.
Support and model all Company procedures and policies.

 
PHYSICAL DEMANDS
 

Position operates in a professional office environment.
Ability to perform tasks requiring bending, stooping, standing, and twisting.
Must be able to lift and carry up to 55 lbs.
Position includes travel to work with distributors, survey markets within region and attend various industry and/or company events.

 
COMPENSATION
 

Hiring Salary Range Posted: $106,600 - 159,800.
Actual compensation will be based on factors such as experience, skills, knowledge and abilities, education, and other position-related factors.

 
 
At The Wine Group, we are proud to be an equal opportunity employer. Qualified applicants will receive consideration for employment without regard to race, color, religion, sex, sexual orientation, gender identity, genetic information, national origin, disability, protected veteran status, or other characteristic protected by law.
 
#LI-KR1",24/03/2026,N/A,"Charleston, SC, USA",The Wine Group,https://jobs.dayforcehcm.com/en-US/twg/CANDIDATEPORTAL/jobs/19744,N/A
Seasonal Sugar Sampler - Woodbridge,"JOB SUMMARY
 
The Seasonal Sugar Tester reports to the Grower Relations Field Representative and requires significant travel to a wide variety of vineyards. Collecting grape samples and performing basic analysis during the Harvest Season.
 
ESSENTIAL FUNCTIONS
 

Collecting Grape Samples at various vineyards.
Grape Maturity analysis and/or sample preparation.
Deliver Grape sample to lab daily.
Vineyard and grape health monitoring.
Provide support to lab personnel as needed.
This job description reflects management’s assignment of general functions; it does not restrict the tasks that may be assigned.

 
QUALIFICATIONS
 

Experience, a plus.
Basic Math Skills.
Good written and verbal communications skills.
High School Diploma or Equivalent.
Must be dependable and work flexible hours and possible Saturdays.
Must have reliable personal transportation (will be given mileage reimbursement).
Must have a valid driver’s license and proof auto insurance.
Support and model all company procedures and policies.
Embrace and demonstrate The Wine Group’s Values, Long-Term sustainable Value Creation, Relentlessly Entrepreneurial People and Responsible & Trustworthy.

 
PHYSICAL DEMANDS
 

Must be able to lift 50 lbs.
Position requires significant travel between vineyards.
Must be able to walk and/or drive for long periods of time.
Employees are exposed to wet or humid conditions.
Exposed to inclement seasonal weather, summer heat, cold weather, rain.
May be exposed to moving mechanical parts, fumes or airborne particles, farming chemicals and fertilizers.
Ability to perform tasks requires bending, stooping, standing and twisting.
Primary work activities are an outside environment.

 
COMPENSATION
 

Hourly Pay Rate Posted: $17.50/hr.
Actual compensation will be based on factors such as experience, skills, knowledge and abilities, education, and other position-related factors.

 
At The Wine Group, we are proud to be an equal opportunity employer. Qualified applicants will receive consideration for employment without regard to race, color, religion, sex, sexual orientation, gender identity, genetic information, national origin, disability, protected veteran status, or other characteristic protected by law.
 
#LI-BH1",20/03/2026,N/A,"The Wine Group, 5950 E. Woodbridge Road, Acampo, California, United States of America",The Wine Group,https://jobs.dayforcehcm.com/en-US/twg/CANDIDATEPORTAL/jobs/19728,N/A
Seasonal Sugar Sampler - Ripon,"JOB SUMMARY
 
The Seasonal Sugar Tester reports to the Grower Relations Field Representative and requires significant travel to a wide variety of vineyards. Collecting grape samples and performing basic analysis during the Harvest Season.
 
ESSENTIAL FUNCTIONS
 

Collecting Grape Samples at various vineyards.
Grape Maturity analysis and/or sample preparation.
Deliver Grape sample to lab daily.
Vineyard and grape health monitoring.
Provide support to lab personnel as needed.
This job description reflects management’s assignment of general functions; it does not restrict the tasks that may be assigned.

 
QUALIFICATIONS
 

Experience, a plus.
Basic Math Skills.
Good written and verbal communications skills.
High School Diploma or Equivalent.
Must be dependable and work flexible hours and possible Saturdays.
Must have reliable personal transportation (will be given mileage reimbursement).
Must have a valid driver’s license and proof auto insurance.
Support and model all company procedures and policies.
Embrace and demonstrate The Wine Group’s Values, Long-Term sustainable Value Creation, Relentlessly Entrepreneurial People and Responsible & Trustworthy.

 
PHYSICAL DEMANDS
 

Must be able to lift 50 lbs.
Position requires significant travel between vineyards.
Must be able to walk and/or drive for long periods of time.
Employees are exposed to wet or humid conditions.
Exposed to inclement seasonal weather, summer heat, cold weather, rain.
May be exposed to moving mechanical parts, fumes or airborne particles, farming chemicals and fertilizers.
Ability to perform tasks requires bending, stooping, standing and twisting.
Primary work activities are an outside environment.

 
COMPENSATION
 

Hourly Pay Rate Posted: $17.50/hr.
Actual compensation will be based on factors such as experience, skills, knowledge and abilities, education, and other position-related factors.

 
At The Wine Group, we are proud to be an equal opportunity employer. Qualified applicants will receive consideration for employment without regard to race, color, religion, sex, sexual orientation, gender identity, genetic information, national origin, disability, protected veteran status, or other characteristic protected by law.
 
#LI-BH1",20/03/2026,N/A,"The Wine Group, 17000 E. Highway 120, Ripon, California, United States of America",The Wine Group,https://jobs.dayforcehcm.com/en-US/twg/CANDIDATEPORTAL/jobs/19720,N/A
"Market Specialist, On-Premise Dallas/Ft. Worth","JOB SUMMARY 
 
The Market Specialist supports sales execution across all on-premise in the North Texas region. This position is responsible for lead selling including key account headquarter calls and assisting with distributor management. The ideal candidate is a strategic thinker with a background in distributor/account management, program execution, and beverage alcohol. The role will require routine travel within assigned markets, specifically between multiple wholesalers and high-volume accounts. This candidate must live in the Dallas/Ft. Worth Metro area.
 
ESSENTIAL FUNCTIONS 
 

Lead selling and key account management within assigned geography. 
Responsible for building relationships with execution and field level distributor management. Establish optimal business rhythm at all levels within the distributor network. 
Collaborate with TWG National Account teams – (Off/On Premise Chains) to maximize National/Regional accounts. 
Schedule and lead effective distributor general sales meetings. 
Introduce creative sales execution concepts, share across state lines/regions if successful and aspire to be a leader in best practices. 
Assist with National Field Surveys – local scheduling and execution. 
State level FSO scorecard performance. 
Ensure TWG new item & monthly retail priority execution is being achieved. 
Manage assigned budgets including incentives, samples, demos and tastings, travel and entertainment and other departmental expenses. 
Administrative responsibilities include wholesaler inventory management, monthly CPR, phasing calendar, working key account list, and relevant travel and entertainment expenses weekly. 
Assist in the execution of sales strategy, pricing, and key initiatives for all assigned sales channels. 
Ensure all sales practices are compliant with state and company policies/law. 
Additional responsibilities as assigned by the State Manager. 
This job description is not designed to cover or contain a comprehensive listing of activities, duties or responsibilities required of the employee for their job. Duties, responsibilities, and activities may change at any time with or without notice. 

 
QUALIFICATIONS 
 


Bachelor’s degree required.


Ability to travel with overnight stays. 

3 plus years of field sales experience with a supplier or distributor. 
Retailer lead selling experience is a plus. 
Intermediate wine knowledge or associated certifications preferred. 
Knowledge of Nielsen, Excel, PowerPoint, Teams, and Word. 
Strong analytical thinking and problem-solving skills. 
Must meet minimum insurance requirements with a clean motor vehicle record. 
Must have a proactive spirit and possess strong initiative. 
Must be well organized with an ability to work independently as well as in a team environment and be flexible to changes in the wine industry. 
Must be able to work and succeed in a dynamic entrepreneurial environment. 
Support and model all Company procedures and policies. 

 
PHYSICAL DEMANDS 
 

Position operates in a professional office environment. 
Ability to perform tasks requiring bending, stooping, standing, and twisting. 
Must be able to lift and carry up to 55 lbs. 
Position includes travel to work with distributors, survey markets within region and attend various industry and/or company events. 
Must maintain a clean driving record and meet minimum state insurance requirements.  

 
COMPENSATION 
 

Hiring Salary Range Posted: $62,300 - $93,500. 
Actual compensation will be based on factors such as experience, skills, knowledge, and abilities, education, and other position-related factors. 

 
 
At The Wine Group, we are proud to be an equal opportunity employer. Qualified applicants will receive consideration for employment without regard to race, color, religion, sex, sexual orientation, gender identity, genetic information, national origin, disability, protected veteran status or other characteristic protected by law. 
 
#LI-KR1",05/03/2026,N/A,"Dallas, TX, USA",The Wine Group,https://jobs.dayforcehcm.com/en-US/twg/CANDIDATEPORTAL/jobs/19589,N/A
"Division Manager, Broad Market North FL","JOB SUMMARY
 
Under the direction of the Region Director, the Division Manager is responsible for leading sales and execution in both the On and Off Premise for the North Florida market, as well as achieving all volume and distribution goals for The Wine Group, Inc. portfolio of brands. The Division Manager will also be responsible for developing and executing pricing/programming strategies in coordination with the TWG Leadership Team. Additionally, the role will have responsibilities for both Military and Key Regional Accounts. This entails strategy creation and distributor channel leadership management, working closely with Sales Directors, Area Managers, and Sales Representatives. The Division Manager will spearhead efforts to increase TWG’s market share, execute programs, and prioritize brand initiatives. There will be routine travel within assigned markets, specifically high-volume market support required in Tampa, Orlando, Jacksonville and Pensacola. The preferred candidate will be located within easy commuting distance for these markets.
 
ESSENTIAL FUNCTIONS
 

Responsible for building and owning relationships in Retail Independent Accounts and Key Regional Accounts along with a high focus on Distributor Management.
Assist in developing and implementing annual operating plan which includes financial, volume, and distribution objectives.
Manage depletion and distribution objectives for the On and Off Premise channels in Florida.
Collaborate with TWG management team to ensure new item & monthly retail priority execution is being achieved.
Schedule and lead effective distributor sales meetings with all levels of management.
Introduce creative sales execution concepts, share across state lines/regions if successful and aspire to be a leader in best practices.
Administrative responsibilities include complete monthly CPR, complete monthly phasing calendar, maintain working account list, and complete any relevant Travel & Entertainment expenses on a weekly basis.
Manage assigned budgets including incentives, travel & entertainment, and other departmental expenses.
Ensure all sales practices are compliant with state & company policies/law.
This job description is not designed to cover or contain a comprehensive listing of activities, duties or responsibilities that are required of the employee for their job. Duties, responsibilities, and activities may change at any time with or without notice.

 
OTHER FUNCTIONS
 

Results oriented, innovation, strong problem solving and negotiation skills.
Ability to work and succeed in dynamic entrepreneurial environment.
Ability to multi-task, work independently and with a team in a fast-paced, high-volume environment with emphasis on accuracy and timeliness.
Prioritize while able to adapt to changing priorities.
Demonstrated reliability and punctuality, work effectively in team/crew environment, adherence to all safety regulations and operating procedures.
Additional responsibilities as assigned by the Sr Sales Director.

 
QUALIFICATIONS
 

BA degree or equivalent experience & proficient skills in Microsoft Office Suite.
Minimum 5 or more years of sales experience in the alcoholic beverage industry or related business with knowledge and passion for both commercial and premium wines.
Must have strong understanding and working knowledge of alcoholic beverage industry retail environment and be able to work independently to achieve goals.
Intermediate wine knowledge or associated certifications preferred.
Must be adaptive to change within organization and industry.
Excellent communication and interpersonal skills.
Willing to travel with overnight stays as needed.
Must possess and maintain a valid driver’s license, an acceptable driving record, and required minimum automobile insurance coverage, as this role requires regular travel for company business.
Display integrity, character, and strong leadership skills.
Must have an excellent safety, work performance and attendance record.

 
PHYSICAL DEMANDS
 

Position operates in a professional office environment.
Ability to perform tasks requiring bending, stooping, standing, and twisting in the performance of various tasks.
Ability to travel frequently between home office, client sites, and industry meeting/events within the North Florida market.
Must maintain a clean driving record and meet minimum state insurance requirements

 
COMPENSATION
 

Hiring Salary Range Posted: $100,000 - $150,000.
Actual compensation will be based on factors such as experience, skills, knowledge, and abilities, education, and other position-related factors.

 
 
At The Wine Group, we are proud to be an equal opportunity employer. Qualified applicants will receive consideration for employment without regard to race, color, religion, sex, sexual orientation, gender identity, genetic information, national origin, disability, protected veteran status or other characteristic protected by law.
#LI-KR1",03/03/2026,N/A,Multiple Locations,The Wine Group,https://jobs.dayforcehcm.com/en-US/twg/CANDIDATEPORTAL/jobs/19572,N/A
